1.1547005383792515
1.0174310571996625
0.9519458564826113
0.9336255689661448
0.936255380365827
1.0866770438760753
1.0519016197818014
0.9832804904865493
0.9571180122110936
0.9630924214162843
1.063474717514453
1.0185367496775903
1.0012518510062092
1.0147193304030788
1.058013295911493
1.0787043584450988
1.0125902495326413
0.9582846830053585
0.9393167109596392
0.9440954212036933
1.0894489548750859
1.0148195282768282
0.9356581177935461
0.9283749458558891
0.9284208698937781
1.0502549617071972
0.948545708504387
0.8928509127881173
0.8678653015104372
0.8712390074380169
0.9466221145066365
1.0225393301731889
0.9697505179975103
0.9157497437431849
0.8891171268587635
0.8949239768317085
0.8664491439260096
0.8761391613590891
0.9210733136063538
1.0024420019223705
0.8971970426326752
0.8368450538826826
0.8155018331922638
0.8098297537063959
0.8217664732747961
0.9218578975502486
0.8917821630387545
0.8531563812748262
0.8624450968022677
0.843864652077762
0.9855000858199674
0.8497245716578846
0.7896981060724394
0.7808898085510396
0.7834798548564698
0.8975378326239981
0.8485758605963583
0.808317248751226
0.7991475417684683
0.8161008885518263
0.8570400296388365
0.7486727144099631
0.7195533652308389
0.7228486607997741
0.7518052328897613
0.8544174576385756
0.7463041060529776
0.7331893063756679
0.7747409723547557
0.7468720143872556
0.8675069469930468
0.80344722904601
0.7609918107317203
0.8342417646065251
0.7970302222555468
0.9599322520109759
0.8333359094938009
0.7693975189442526
0.7486346470772911
0.7500213722256197
0.8472775197028392
0.8184654898678475
0.7848905065052122
0.7715069390530555
0.7743900804005845
0.7971960020666675
0.6912008733778252
0.6882015259493428
0.7091526299897798
0.7437549259530608
0.801320055160407
0.6795675404220509
0.6992758790890573
0.7405584892264998
0.7015025153378384
0.8286677678122258
0.7426839477865184
0.7268283585088348
0.7883240365473583
0.7363597753618774
0.9610561316921935
0.8255590645358148
0.7596034640535405
0.7454539224545705
0.7492354643620472
0.8554799702639369
0.7889161084640507
0.7382278896465466
0.728799310421036
0.7387774636485593
0.8102568022448676
0.6803791710553865
0.6770177273214076
0.7018434893900075
0.7122606764358975
0.8144007193771421
0.6687184699535125
0.6895623330927725
0.7461561381553234
0.7053332722288538
0.8423734325110721
0.7162153569753574
0.6882676555711111
0.7500059867051702
0.7184925821984153
1.094437663463632
0.968049661195472
0.9441049078197742
0.9768120405418375
0.9498887304854423
1.0403741307033492
1.0053138853585155
0.9385846814273505
0.9358220704944861
0.9298643048226602
1.0279467414098509
1.0174895931787011
1.0118074690551293
1.0216258942294127
1.0436607015648307
1.047135410822688
1.0291997498725156
1.0148522293909346
1.0047764436555886
1.004992843727445
1.0851539546397087
1.0793876904558335
0.9966815614454558
0.961323833806064
0.9596736987015065
1.0040287255119529
0.8300218057049231
0.8334970429257585
0.852676537176051
0.8275903873430123
1.005398937735414
0.9426692228301952
0.868451448219191
0.8390401088236776
0.8446139085140164
1.0073925676552118
0.9780938563436256
0.9592066139567209
0.96124418148609
0.9836939253958172
1.01862170816384
0.9330252574118298
0.8626338410116601
0.847389248101901
0.8623865108165069
0.9867546662174349
0.9441628375021339
0.8587280410248797
0.8425638956857453
0.8363577369346411
0.9687534721251798
0.8254212861989736
0.7216422461363462
0.7095770512418308
0.7171401875147095
0.931266762166608
0.9606446038465954
0.9047875652000833
0.8629612844770422
0.8543854674840345
0.9133817249228199
0.8579641253524622
0.7987103531208857
0.7834607058861651
0.7901363779291756
0.8985632242199051
0.8462545711379289
0.7788539387948625
0.785872094848248
0.7709348692546291
0.9060511817201149
0.8532272272284808
0.7630629018706678
0.7723026300594225
0.7566107536812998
0.9626492693587411
0.8458439614949934
0.7728430785858257
0.7560668722237157
0.79513025224693
0.9038470910942487
0.814195331296848
0.7717043713864583
0.7625171649764654
0.7848602211874885
0.9027810142471656
0.7552387175314456
0.7393043613467108
0.7491623482500592
0.7402269391809316
0.941883900753432
0.7279407133948513
0.7021379896562541
0.7372446630413795
0.7095409504400684
0.9399307336981794
0.7073179166011946
0.6556332539806554
0.6777887643007442
0.6606427180731244
0.9719190143380019
0.859295734421433
0.7975302865700329
0.7796980191696367
0.7964076137048042
0.9054132796303569
0.7702908414726586
0.7400506159356551
0.7477313665736732
0.7451716511102022
0.8813389735581308
0.7094161603122676
0.7250761605601441
0.7655443406606205
0.7243167505763395
0.9155528363401552
0.6720545665580866
0.6672448723942752
0.708737846837251
0.6622414172314487
0.9584193033565811
0.6821311030280538
0.6382039791689712
0.6618859375092068
0.6534794729883251
1.109552157724951
0.9700168500645575
0.9434347793901681
0.9772922707926238
0.9487352522350526
1.1106408227046403
0.9652926276919802
0.9481864259438408
0.9869076330044514
0.9634049733141442
1.061276407087067
1.00051168976587
0.9308608920248654
0.9594620463336574
0.9547921665486815
1.0338315393146145
1.0486359925314266
0.9374831694292702
0.9292154993774381
0.92594697757591
1.0314866418741953
0.9985420510891951
0.9361694840396989
0.9640433297491618
0.9564568406850456
0.9830842152802515
0.7953320259374624
0.8421791912732873
0.9300646114676598
0.8402388309188308
0.9361411861989624
0.7795429473736125
0.8282587856897424
0.8917289174795722
0.826959520863917
0.8955022176217714
0.7595955127776725
0.788804066413824
0.8149283200400905
0.806004509232436
0.8873960955142126
0.7581249517893922
0.7950096661351005
0.8209859731505992
0.8009827886445249
0.9159708156140197
0.778608598220379
0.8170687711417749
0.8983015741509425
0.8428186830369361
0.9023928601584654
0.7319830939075496
0.7327022538425163
0.8328377646467775
0.7382662319323231
0.9461486268589313
0.7402583069543069
0.7122673738201165
0.7440340610900997
0.7245236923955135
0.8937471756985962
0.6977199300966807
0.6858221370457469
0.7135462660729182
0.6982436168155087
0.8829118775725013
0.6654181821624786
0.7142514654242909
0.8358200365682295
0.7484645515691646
0.9513078365886792
0.6942771274878555
0.7235086346628633
0.8251162421693994
0.7583950396797758
0.9268443622166245
0.7438028908620162
0.6903697899697921
0.6972901917857883
0.6858654710675867
0.912293145941507
0.7792643050319364
0.7192164260781934
0.7227453870308325
0.7359929374809955
0.8654066596413228
0.7208497723059716
0.6934565245683124
0.7508706747581249
0.7087291283639421
0.8245209088267905
0.6724106912834226
0.6926010948531366
0.8439966762190309
0.7401898244915475
0.843848858329816
0.6681951119572688
0.6412739112905936
0.6754201507453194
0.7106029928809594
0.9144687200665611
0.7681348001389569
0.7195888875237519
0.7067544108414335
0.7125566895372273
0.8879888331384214
0.7792704416258145
0.7071517455215965
0.712161680756931
0.7093019045819897
0.8491918394077044
0.7500852068548652
0.6997495441765356
0.8557979591109461
0.7562117913765714
0.853601936412514
0.7486756969328188
0.6928059074807553
0.7340679014768382
0.7067869444587308
0.8711411165331406
0.7319033869332542
0.6846635256311664
0.6881143478405438
0.7150051235366728
1.117382005407186
1.0452565776720137
0.9929890814355259
0.9771593591256871
0.9973314841414793
1.1176270136707849
1.0589393489833723
0.9974351115290764
0.9683979642869487
0.969301998938112
1.066619184984718
0.9606429179506665
0.9261132741080594
0.926728554781787
0.9251941730510485
1.0575949651166
0.9337594643391
0.9436099623859341
0.9514782841179695
0.922998430769718
1.0846840558960964
0.9396383875318745
0.9575872510919854
0.9840007754565552
0.9454371107265551
0.9545518462459397
0.8549209430928464
0.7800045685428986
0.749792252897159
0.7567621203550584
0.9049077245285009
0.7652624239230269
0.7212858105268943
0.7279691383861544
0.7457396727103579
0.8767813593241295
0.7399321801888536
0.7194274706180881
0.7479337983461045
0.7307860226531466
0.8283732113426313
0.7789769527054394
0.7392130252304705
0.816557921534059
0.7584686658856291
0.8249962745646461
0.7651069553034473
0.7498512242965217
0.8630231267583449
0.7850419388170112
0.9067634424307685
0.7777060246169248
0.7163114187411136
0.7076135343746299
0.7373422660464256
0.8738759251518731
0.7871705656525245
0.6909073411923319
0.6650122063098954
0.6514089210056553
0.8214991388144447
0.72278598089621
0.620379943648535
0.6540897709685466
0.6176575469653558
0.7972374568780934
0.665042195601463
0.6079775909798656
0.6808860905580318
0.6216895948256722
0.8506878592387683
0.6645982720460721
0.6133514253307982
0.6701301506465333
0.6538538992533824
0.9527876496039402
0.9071810751242176
0.8209984890517383
0.7746214745180998
0.778200626353897
0.8826292520728877
0.7974847086036826
0.7306581066269284
0.7424953636994033
0.763983194069146
0.8235353450976431
0.7195766835536621
0.6852037329623597
0.7555881306569955
0.7982108786002132
0.8205774766804239
0.7423051455194138
0.7365411414980323
0.7819066473834981
0.7603255749703668
0.8602287266304643
0.8444950979352445
0.8620698081740777
0.8055789126795906
0.778125248934603
0.9564201138629757
0.9218741776250646
0.8550494235203784
0.8257828569322723
0.823020980162886
0.8738823341204892
0.8200811641494988
0.768499338405807
0.7751470432637321
0.7902818008702066
0.7930964239644558
0.7292703920813493
0.7096550237925334
0.7690650080041596
0.8069479166779441
0.809471988699619
0.738592094941292
0.734193327055387
0.7731589821819188
0.7943204411969501
0.8619180484039467
0.7955789367577126
0.7984711995361794
0.8084229074079482
0.8098917373236383
1.1036489610456564
0.9914563490508134
0.9288556368268297
0.9202069110882526
0.9351689123377764
1.055754113415187
1.0898248718473391
1.1344600295027696
1.0883939557716962
1.0413510417090799
1.0103376967693178
0.9780426174480292
0.9572072318862753
0.9577727728734283
0.9788752179543483
1.028820742457442
0.9516626499816595
0.9258671557593773
0.9309049513237757
0.9761429587801962
1.0668990021754017
0.9898371440525078
0.9549673387406411
0.9468365539221514
0.9580479654825222
0.9649778577474099
0.9396895455005106
0.9010236560251628
0.8843622320820689
0.894712588304671
0.9721351689977346
0.8958722081505179
0.8597001724907625
0.8565492612830125
0.8785116441308558
0.9454509299253556
0.8275909996789304
0.7877473587812882
0.7860716852799764
0.8082567486912995
0.9087524335022543
0.8389850584624566
0.7895066464529886
0.7793538726012875
0.7637667326508973
0.8990336321523045
0.8895527643161316
0.7903053571056329
0.7782270587479415
0.7638228225669509
0.914417744102951
0.8341965436894226
0.8108094366356537
0.8114974908419879
0.8361380643424399
0.870180519534516
0.7794557442267526
0.7228451677402054
0.712463498619906
0.7208708815573426
0.790939524007527
0.6460708618464879
0.6525874196738122
0.6941102586423185
0.6819057569940508
0.7821570437777654
0.6027377060328715
0.6196737627783417
0.6584578354830964
0.6676716040962116
0.8159246957898094
0.6822800409172156
0.6578822260078458
0.6729107556381887
0.6778056022005547
0.9222007770931979
0.7888474452035029
0.7151628775094293
0.6918019591753015
0.7047471274600599
0.8655161699600981
0.760691910953859
0.707782049511559
0.7279881837723697
0.704663968976526
0.8109275047991351
0.6492975623742976
0.6389844155302632
0.682927932656745
0.6625499969630316
0.7974587957387191
0.6189435672709513
0.6065751597772844
0.6419992765384837
0.6551267259641986
0.811770911138717
0.7807215824888186
0.6949350024242543
0.6620862486196467
0.6475797094645016
0.9244800190547482
0.7448565740108907
0.681865532436438
0.6960000144727851
0.673121568111187
0.8428614394991549
0.7503157635440979
0.705407630173918
0.7615332504837311
0.7065274369949487
0.7976273357991149
0.6542274494435067
0.6601757631470222
0.7155424624500509
0.6782572687928213
0.7921790845818016
0.640787978804929
0.621794814316305
0.654545421061924
0.6904029442497518
0.8133601930550189
0.8034567500083073
0.7412058517949415
0.7048816309735605
0.6915692785319036
1.024408267693538
0.9561620037562666
0.9365523522795853
0.9413282107256022
0.9839668230982946
1.0087934696228167
0.9620748724013074
0.9539349386689043
0.9763763491767838
1.0449840392507463
1.0160836478082829
0.9446910991343801
0.9357205129235612
0.9312205773397106
0.9413911403647982
1.0520949634726908
0.9347557232103301
0.9573934310678162
0.9732378344144942
0.9318307968402512
1.0671692293780843
0.9347433317991263
0.9562531791018963
0.9820908933316982
0.9465427136682031
1.0127294970081295
1.0158102763148076
1.0102761434204004
0.9789783225567515
0.967701038949191
1.0359241206209875
0.9526243570478969
0.8880314448422474
0.8838765841056275
0.8862056414163219
1.0181852793245292
0.8940805687778445
0.8680643952423763
0.8703759006585563
0.8552750106750036
0.9973993598879974
0.917008077195603
0.9189131072728671
0.9609581627253891
0.9329161725836473
0.9908826402021402
0.9842815059046173
0.9059887453558201
0.9305347418911617
0.9328602446354483
1.0308333680996462
0.9777471563094184
0.8892818407851588
0.8823650784345908
0.8472080255592611
0.9799605032679566
0.8820810738638928
0.7982383179382236
0.7825106099010741
0.8135003692154096
0.9630443602343695
0.8706672961769937
0.8679168972174139
0.8721148421608562
0.855557781101366
0.9785038921822796
0.8708172089789753
0.8902598802590157
0.9005077256519608
0.8892978899182017
0.9994322286099889
0.8608501378597542
0.8783835556092021
0.9058441335922085
0.8990579393259747
1.0631396220143108
0.8549968730989345
0.7360638416467172
0.7223129704188119
0.7727453054875164
1.0773562190872084
0.8719977754891539
0.7932900230105644
0.8068339654189194
0.8209512986781166
1.0337931087410832
0.8736374785077562
0.8499213846755457
0.8597728941471172
0.8628265989719079
1.020146665045979
0.8667931591478898
0.8571694460331387
0.8732526090240165
0.8721289819984809
1.027672859071804
0.8700631378565223
0.859153561077168
0.9123129913411412
0.9301974847714106
1.0776327296199022
0.8362156901157282
0.7305243209087807
0.7277578666327634
0.7715029045119647
1.044324537188986
0.8645249770765144
0.7954854090038551
0.8405208935915682
0.8823827226531358
1.0228403174472922
0.8709188792881779
0.8433011108516413
0.8569104190126252
0.8782247639237987
1.0220682544701376
0.8698720526393691
0.8507141032014391
0.8602909444199454
0.8679708856575881
1.0167971541214484
0.8517925195558247
0.8227821409407291
0.8482265983827898
0.8597904592349658
0.986660785281014
0.995101024633051
0.9369045651906133
0.9556860691576784
0.9539838616967373
0.9582145367263464
0.9476852552355788
0.9327145372810347
0.9412056046210652
0.9382152283239905
0.9512741474419372
0.9333484393630035
0.9360047678495579
0.9374090145375106
0.9583078228074227
0.9565414419233826
0.9313149540611186
0.9320497869224629
0.9295770106074064
0.9839414122468869
0.9754759870998861
0.9363556864012914
0.9305768635173437
0.9444158884158003
1.0107595827323188
0.8799267419332832
0.8048545957694659
0.7745638768303799
0.7455774076048575
0.7359078176500683
0.8864751270678617
0.8641152695399218
0.8309805018260229
0.8184225058804048
0.8082871779931898
0.9181259345755001
0.9566954670905845
0.8755400820527723
0.8043749288511028
0.7706257182550881
0.9778925630077243
0.9844939069726033
0.9339182683702554
0.8900663600302241
0.8673710240375343
0.926375950153778
0.9524598720140626
0.9773539967920769
0.9290244860194496
0.8841212834868987
0.8483772835867662
0.8318466544860281
0.7677172792083622
0.7396830031063071
0.7224722714797409
0.8143483513176827
0.7778884905832991
0.7515386636095279
0.717164561231297
0.6973279039115413
0.7762770622367684
0.673609147318694
0.6589384581661598
0.7404490513915614
0.7893966846000517
0.7721671313828742
0.6999986704882439
0.6722114940430546
0.6964055022170726
0.7045251811933828
0.7716048960485486
0.8263321072319768
0.8968954143776502
0.7737093432343063
0.7238633898531789
0.8968812360245526
0.7749613408187547
0.6910908348299312
0.6435017650168419
0.6437944616442483
0.8344239395193614
0.7937274009123079
0.7310597391420174
0.6543006165686232
0.6232351292173898
0.8190576400916357
0.699255524279435
0.6003102739792154
0.6364697926243796
0.751553466929745
0.8781199899620307
0.753129588411685
0.6619178298586761
0.6510507790531186
0.7004490945178384
0.9286757774983605
0.8157324854910171
0.693729944055813
0.655034293861119
0.668058846982819
0.9200053759217508
0.8131866902467512
0.7414021145159555
0.7025832917517749
0.6955021284574517
0.8510516572689777
0.7416375312151919
0.6597409617317355
0.6940923440133064
0.7825220804271413
0.8287174522894821
0.6961172824510736
0.6141468911553385
0.6140079875202382
0.6848173170657547
0.8602010591877266
0.7146745036787251
0.6326542487656306
0.6302846484013184
0.6431656553622851
0.9038712208303412
0.7462905567593222
0.5900256106094299
0.5566134286678076
0.5536679124272579
0.9987184931955395
1.0939916969094265
0.964148399456032
0.9333682430555976
0.9292180414702212
1.019849919207768
1.0073235531442617
0.9336536352485374
0.9426013073552344
0.9414169008388532
1.006185153277362
0.9938267207521438
0.9411777318481184
0.9778060538641896
0.9752725898584738
0.9785795353016795
1.0622648050682537
0.9395344597905102
0.9588046653989982
0.9726232288776936
0.9669577338925244
1.0795958600830011
0.9408278684163068
0.9621215618323485
0.984337215517462
0.9133527418802759
0.8196810840401837
0.821327390015783
0.8468090226495291
0.8569331059826828
0.858090318584355
0.8071052986213328
0.8464224069767765
0.9075945152598757
0.8599600990173124
0.8440360484899079
0.8111181743116911
0.8766563423542095
0.9104837514075375
0.879562411814054
0.8687475119309471
0.7907431037143863
0.8370483608971876
0.8640763204334672
0.8431680175555655
0.9133497420660005
0.7768986465351531
0.7903187334600207
0.8127525095968057
0.7697077142557051
0.8618543002508884
0.765877162593089
0.7801621580900612
0.8991757405481101
0.7865605070375609
0.9127514064538321
0.7835244454465167
0.8105761092429477
0.9193647934498388
0.8266521320968558
0.9052335935434377
0.746298228135049
0.7372497070232148
0.8588568535817425
0.7860069121263421
0.8693926598396828
0.7228659045032818
0.6488905495531216
0.7346494606365965
0.6975926303953812
0.8339073620405197
0.797974094732612
0.6029075359132634
0.6073190218004495
0.6100652072176934
0.9103077492438356
0.7700991711672946
0.8020685235435329
0.8934682725071733
0.7878752755983481
0.8725204210787756
0.690891597627859
0.7456052308293758
0.8681107113782411
0.7225044078835239
0.8526963977591031
0.6304690723300835
0.685084634710346
0.768697609135068
0.680361545026084
0.8066286729213451
0.6114073205824386
0.5858943980652762
0.5916651615875027
0.5502466224225323
0.8340258614639204
0.6974663291070072
0.6383030948059512
0.6245056541633247
0.6324014452535287
0.9265671547750703
0.7360406990275854
0.7454545322032298
0.7874494205881841
0.6812352250279503
0.8980892260920784
0.671524498109349
0.6887254117064219
0.7762398616040629
0.6138954650376485
0.9020053957972981
0.6472756933658508
0.5980390776815047
0.6293666477149065
0.5664472193855923
0.8746899310694497
0.7230496460442268
0.6375541513482944
0.6082598440941912
0.6005949739687895
0.8664634169491564
0.7564074439327133
0.6929913878428592
0.6880909875284521
0.7447009200111943
1.0131776917828121
0.9949527573894391
0.9505243540604146
0.9286301075144453
0.9273472120158289
1.0186493822015767
1.0810950113008801
0.9966934374525631
0.9530313447739722
0.9441211853023994
1.0369174230244098
1.0265742984018826
0.9347214061219861
0.9433677325048212
0.9417362759238894
1.0460288925176664
0.98542011756212
0.9405471225683624
0.979486392439504
0.9618275131934905
1.0333315754159191
0.9983252572293467
0.9338062290496719
0.9688543197200915
0.9634174122202677
0.8702241644159691
0.7953217501294659
0.7972404844350964
0.8488002461435354
0.927845510244098
0.9063362435758726
0.7270388681019142
0.7476222118573912
0.7969568602703235
0.8171281872486383
0.9574599548954135
0.7411407067003469
0.7892448719759689
0.8728395710586765
0.8009749096257512
0.9245376385446408
0.7402746143676123
0.7680060441273137
0.8018654418740229
0.7655405382328895
0.8878759190200481
0.7486206888631863
0.7579193639036426
0.764859486840603
0.7492576057293581
0.8643807985145181
0.7468393584443024
0.6824101936321642
0.6558433456616583
0.614119920436235
0.8161072376827556
0.6882818450886036
0.6189949627796208
0.7707396609055501
0.6735185627843161
0.7757828114979772
0.6919677948336248
0.601164901856393
0.6890804739350737
0.6375375618296308
0.7774009249498294
0.7015648569917647
0.6453840118089731
0.6709440449959309
0.6145863167837546
0.8046263902144859
0.7124211647409388
0.742345518869567
0.7804589521202682
0.6721582068461696
0.8764822258735798
0.533313999508931
0.5610802104955797
0.6758933844432737
0.6507611498878325
0.8403742365956413
0.49473993624100815
0.5012021821678289
0.6325583601654612
0.5505935547628116
0.8169630181491053
0.6225044630960438
0.5050186198397341
0.5202366257485151
0.46219942345308096
0.8129034812706825
0.7186578605665601
0.6186393523704043
0.6303615650601179
0.5423874829374663
0.8496118543533153
0.7195775329271331
0.7006574254998496
0.7761161161301704
0.6021814364920351
0.9091971222949483
0.5383124337354949
0.5562622733227806
0.7539014805635639
0.5840281318366561
0.8738971631760906
0.5552742955621102
0.5313943632643825
0.5844025823289342
0.4947835649178686
0.8284314064115971
0.6423041465130173
0.5985745797243839
0.6092750772626808
0.488569729650898
0.7975114023303204
0.7456985231838892
0.6841835904384265
0.7274302409979613
0.5264004977767562
0.812196720870977
0.7394872408571966
0.6777193989194569
0.6880717455272086
0.5467839092827467
0.9966014489629758
1.0325402075721928
1.0294771188227043
0.9774811998790086
0.9493283106662285
0.9754811116787384
0.9829550124560932
0.9406292935477645
0.9425125850995331
0.9373474909708385
0.9607235089359674
0.9440488765484922
0.9353641431418813
0.9546976166057622
0.9467753577506511
0.9569680284224851
0.9271427159179033
0.9466632219957013
0.9584263076317142
0.9325039413514963
0.9723889679048187
0.931209643822799
0.9364838874898982
0.9411322579022888
0.9433172671645661
0.7975633859640543
0.6846130046206009
0.6789623427820652
0.6829115694171531
0.721991760339501
0.7659767980138549
0.6714632774707093
0.7266813086943055
0.7399642910813757
0.7202120093807325
0.717514313654916
0.6999054072905806
0.7632846148733635
0.7875176143369206
0.7602059546466727
0.6981292759146811
0.7192785525002395
0.7570322744924574
0.7635448377228807
0.7277230302323846
0.7302166438314085
0.7743375159492674
0.8383879698039001
0.8067528222410415
0.741174093994534
0.7804214991155026
0.7091821209942065
0.672876986976447
0.6574904126662642
0.6070325341689622
0.8028365679362911
0.6942765927269248
0.6814899455108037
0.6942070933721456
0.6274928790742902
0.7992067801319817
0.7074057605950652
0.6881175456028783
0.7077144061359123
0.7117764470523723
0.7575480047757042
0.6895484872004629
0.653884110254583
0.6601180739171477
0.709150000052799
0.7539601628582514
0.748635057992964
0.7729735208887641
0.8177105685381097
0.8410212029305391
0.9131066833188456
0.8537636512569373
0.8271207059338791
0.8453449048192705
0.8161315905549466
0.8958230183565619
0.833571314758638
0.7857088561491891
0.7854461390629657
0.7691567572498558
0.8709500962401281
0.8603778347418899
0.8279061121521789
0.8182801284898947
0.8156121212703926
0.8142566682964327
0.8525511432015376
0.8781935776091581
0.8719431474298039
0.8154546993495567
0.7810230352299404
0.6505284440013193
0.5778725318106928
0.6057605265862266
0.6919803950187183
0.9255066928656318
0.8616880273873501
0.8216570938439858
0.8153416322368445
0.738076777232243
0.9296354386008605
0.7410073107855148
0.690031065569696
0.6622858809731835
0.6544051736615971
0.8019468763897972
0.7808055622173624
0.7410893804269296
0.71558836305641
0.708966085054595
0.8480144176443639
0.814321372643895
0.8203425664112173
0.8544481511606112
0.9000844539941861
0.858665740788086
0.5837262652066717
0.5505551384639751
0.5839848804163436
0.6494611989457303
0.9617821953451208
0.9577387140481535
0.9899666637712005
1.075043094832672
1.0602467665453466
0.9451896018150068
0.9295958977678425
0.9352170854199278
0.9701033071040418
1.0578286141866446
0.9449205622221558
0.9451712884395966
0.9509790360940565
0.9317635871773967
0.9900500630008938
0.9392232192455147
0.9439933110047206
0.9805320142147257
0.9540051200490351
0.9339806903891558
0.9391027740162043
0.927943071908605
0.9688628203388843
0.98069428361866
0.9522918870156944
0.7889294990996026
0.8316167614825181
0.8689720930467564
0.8399798705082195
0.7913929515414951
0.8058650745678844
0.8379728349524782
0.7563663082434858
0.7082227835878605
0.6713081356566406
0.8017729096693037
0.8481543139358957
0.6920693914195205
0.71630106782458
0.6924839415354259
0.7679500856711773
0.8691915022877883
0.6834353547720512
0.722961526714774
0.6974940078117092
0.7517671022493814
0.7872980759669012
0.711322881936781
0.7822975576936685
0.7913176410817633
0.7521455516801484
0.5938400091652692
0.5669395343469593
0.566275916013989
0.594248055046525
0.7496640724309773
0.471833361820923
0.4904056166051196
0.5309331531550358
0.509210718416442
0.7226324376198356
0.42119776082973326
0.4725923070363298
0.5732158424948973
0.5430877251783739
0.7457610190593251
0.4587461384048437
0.4879246436542621
0.6158209507127905
0.5631052604684729
0.7279547196057152
0.580968542450527
0.5562151989508363
0.664002206457759
0.6650907203183374
0.8531452241942342
0.6097019771552586
0.4273223441969152
0.38095688821371965
0.33841484107309133
0.8392532459241105
0.48480283459207696
0.4095840642997759
0.43722470225111393
0.3717346196374559
0.7652766909905273
0.5825985550091576
0.48532567220248835
0.557001977310001
0.4871229394986117
0.7930417942813384
0.6124976142601527
0.5100667903027211
0.5644501772278218
0.5390314516742192
0.8361938205960501
0.7319786340883258
0.6201516276546853
0.6095369780409219
0.6249436537522332
0.8772796571086725
0.437339675024856
0.29601709821662553
0.3422378846444564
0.27024070688639795
0.847624966660551
0.6021983282325976
0.4361096837430341
0.47782919556031633
0.42378212768064183
0.8216536254930839
0.7591461292021149
0.6563998541105625
0.6640783827986724
0.6195821532764441
0.8019946558870327
0.7032292347335366
0.6384601683872354
0.6424988195319958
0.6757259546291475
0.8077166263411163
0.7197687805392313
0.6553262904535521
0.6468877269342166
0.6898948288907761
0.9765642241554442
0.9355606628900158
0.9795238683755626
0.9715850492269963
0.9279878906871368
1.005157508070965
0.9335905944206332
0.9601376693210384
0.9548361663202991
0.9328546281106037
1.0284825486333484
0.9515835997165337
0.933600002764092
0.9352698590831018
0.9774881286030409
0.9952277455339378
0.9907268803735902
1.020878593837202
1.0781709114434495
1.0706762335513982
0.9645385762078414
0.9937691589202539
1.0548537980304808
1.0711051328512933
1.004970846261085
0.9702809257092438
0.9710370867627598
0.8791955099881402
0.9105446691585614
0.927512775301174
0.9440895645027291
1.0260905433057534
0.8966708609872193
0.8552677242521538
0.853345302522893
0.9191052166409848
0.9290491948812373
0.9650842864708881
0.8992725014486718
0.8535763794450488
0.9264345252368312
0.868704708036178
0.8362899376834967
0.8809181235243964
0.8694540305267306
0.9652929039255681
0.9102752879710958
0.8441020295960711
0.8409171339399066
0.8304408387560384
0.9823854745373494
0.8072821568178046
0.725652914346848
0.751940266308358
0.8568619043077642
0.9908466601108524
0.8265256190250624
0.7279798085012575
0.7981108375395859
0.8631066039573302
1.0233634276732058
0.8873956676898548
0.795064401639714
0.839649940240701
0.8089898829515203
1.0217115421434744
0.8699347784519099
0.7217474330856609
0.7190773054361175
0.7273667694800713
0.9630998363966985
0.8554780827335176
0.7136276609940043
0.728669011521236
0.7701447231670745
1.0299743839943472
0.8631697541116979
0.6950807299728359
0.6890539967945819
0.8076877164823357
0.9887251834339622
0.8314843449075872
0.7244213498027192
0.7786358432830198
0.7646301921313163
0.9320239552199165
0.7541791288943921
0.6801031266840619
0.6572258974129996
0.6553411392819573
0.9231639079383884
0.7350570011197548
0.6458741849625027
0.645859677317479
0.6674647087110002
0.9573657078245027
0.80595713000396
0.6913187939293636
0.7383882846523356
0.7755895701313379
1.0451778534951748
0.8638320897519092
0.7588250572971919
0.8019818763932444
0.8029555954697719
1.0002388786202785
0.8131154723664175
0.7158296146321085
0.652391409207545
0.6655052040435738
0.9441233630596234
0.7731051006638227
0.6903401976738268
0.6069884079652622
0.6178592306292354
0.9426182860695054
0.7483390897478996
0.6609965551608117
0.6676285800547729
0.7052250776954675
0.9486572971717063
0.8074592999686009
0.7160336286903394
0.7888777794946712
0.8505331433265974
0.9926470380027443
0.9407903616134303
0.9512365968607052
0.9608512171890151
0.9264538171685678
0.9793810533146418
0.9426137017612156
0.9559352202830389
0.9889188191436833
0.9635185200535666
0.9663550445268577
0.9311738049233634
0.950814546604406
0.9805101186235081
0.9580643033659608
0.9702565854589172
0.9362710363770695
0.9431321928818519
0.9507931082057897
0.9267007744819078
0.9799446019105901
0.9385594277631879
0.9612589506753856
0.9620894088015269
0.9334053835803933
0.8792210636616924
0.7970426186828887
0.7823233791837553
0.758154334415075
0.7289547102664089
0.8942867102312104
0.7853580372703993
0.7949539291887245
0.7911052286588408
0.7477718367822982
0.8800663208709084
0.8034734046848495
0.8296922785617429
0.8280009037644672
0.8119554759492733
0.882630151840404
0.8441960272836581
0.863519830203148
0.833417567384975
0.7898356218826911
0.8551294761034749
0.8897468158115733
0.9038507406823448
0.8899813614495811
0.8617110576035482
0.8608048737877871
0.7296624104093277
0.6418168408104737
0.6758557611064492
0.6018749696812881
0.8158316338550526
0.7164441720383269
0.7100651845045819
0.7814960828107068
0.6326122050184311
0.7875995701506089
0.7052698301474124
0.7637907765849915
0.7491272356200109
0.6320853689426916
0.8156538645688161
0.7539337683435586
0.8541633961570733
0.8299592055700544
0.7257633201209361
0.8869456925299918
0.7837718914664948
0.866079704526518
0.8493434748781482
0.7237793784680724
0.9118954137852024
0.612523284596881
0.6055795289905553
0.6979633979152591
0.519554818011438
0.9158281441341963
0.7319731236742137
0.709227106232469
0.7055571897296536
0.5870576024429682
0.8824930015528015
0.7619352930968439
0.8047508992638204
0.7586418082857125
0.6646385748683196
0.8075776201150282
0.7216852147712082
0.8151358272084338
0.7975515528912541
0.6768261225070412
0.8084314114135096
0.7437043676353698
0.7328523017539353
0.7139113756451607
0.6326797531274864
0.9442689660145921
0.6721483849384614
0.6223946888299644
0.666526446193287
0.5479637573092997
0.9321144774743817
0.7832619460184098
0.7434564259922346
0.7490985482943253
0.6706978786249973
0.9272427166254938
0.7362021532820991
0.7856522820145732
0.8024651598576377
0.6664482925709553
0.8305131186305257
0.6758128422684758
0.677860562546248
0.694680774822518
0.6235008005056147
0.817629218678247
0.7171820937938834
0.6732109314278757
0.6573662889740182
0.6592994287035653
0.974251455244111
1.1074077387562402
1.0210876817873753
0.9390329306067602
0.9184783373757732
0.9961404292458641
1.0079298786432973
1.0037686843755473
0.9869017213944631
0.9782708193781291
1.004992605832528
0.9342076698009535
0.9254404334867045
0.9280555596928259
0.933669295045064
1.0075819747487047
0.9319008420296802
0.9700880854697715
0.9691239890764558
0.9205221042460362
1.0111981770623508
0.9375452406049531
0.9707925952705102
0.9917913686218703
0.9456026025958311
0.9169100841968906
0.8380244915086915
0.8053383057493755
0.8760305333041527
0.9501892873964869
0.909699875196935
0.8603257683647467
0.8474882551738777
0.8483574582526039
0.8308785408861933
0.9087412536535011
0.8515239246244167
0.8578145051124907
0.870026889637463
0.8101078894941305
0.8887357229901717
0.8126128767262908
0.8250622839742368
0.833328057212654
0.799990209750298
0.8824960368176958
0.796719775852864
0.8015518618861014
0.7869838909440062
0.7526992428335034
0.8777992806212345
0.7897473803723815
0.7414406579134714
0.7358514067656969
0.6964526134755618
0.8637389348702978
0.762260176851654
0.7075359051101697
0.7600540866932516
0.7059326483358335
0.8584336912072377
0.7718908201152158
0.7368799688707398
0.8238689583223573
0.7361195739106341
0.8847769362080607
0.7475045626367237
0.6586001264667661
0.7144768207336366
0.6695435600815226
0.8972606451261902
0.6818877346692283
0.6110358332646594
0.7080829384019991
0.6620819425074249
0.9064766148414511
0.6587067804103354
0.6118124160217203
0.6612085353437882
0.6394816329101334
0.9547480400704876
0.6542371484608114
0.633331696275875
0.760674136830314
0.6536120208080359
0.9254188702948989
0.6282239936297362
0.5883990173654569
0.6605845055689614
0.5897015918680458
0.8971245813841067
0.5726621213557064
0.5392788138835495
0.6209772283493536
0.5492650330103717
0.9207449885677973
0.5331288994292134
0.5624544865960696
0.6780318015145409
0.5574208974940077
0.9232543816703962
0.5968388756490454
0.5571664587330811
0.722622362683937
0.6645805931308086
0.9673667950785382
0.6000227069989256
0.5032643369376665
0.6150836526287429
0.6019186889943339
0.9333940721384624
0.6185366562057932
0.46746116642809543
0.5782154733252945
0.5179389893744258
0.8869748555204201
0.61386171180177
0.524217885944652
0.6555323280372711
0.5311278849479119
0.9261087204602071
0.6357651405345851
0.5722885037936435
0.6791457795836345
0.5871070587644295
0.9888858512002032
1.088580348167871
1.0172229973605822
0.9352819257118278
0.915054397953574
0.9611951614219582
1.0743146380510455
0.9524111003308906
0.9342360496726906
0.9535476462254668
0.9616977002537055
1.1019632390417535
0.9448686701392139
0.9537118336946253
0.9684098941178622
0.9757470614926472
1.0387307640905552
0.9329949718023861
0.9556923650648498
0.9642473984465758
0.9960046486589846
1.0216985149927005
0.9350415165120468
0.9522312784922607
0.9570233051943474
0.8522722203340856
0.6928294948127044
0.7491197598106122
0.8052731621450838
0.7974700984906175
0.8644895747566367
0.7031925202291647
0.7291295528581596
0.7853777012603685
0.7830616035669985
0.9003828258145866
0.7219828194845204
0.7376742890953962
0.7756948902518406
0.7298635047906934
0.9494380745132812
0.760932394020392
0.7677663998980351
0.8453409639298174
0.7548707185289927
0.9331504371455914
0.7730584778637503
0.7630501012284437
0.7998672412888782
0.7976110686601106
0.8283272437130867
0.6155847599310948
0.5578210686669653
0.7096134405039308
0.6378307833456425
0.8368811268917355
0.6589413383737558
0.5563938160129217
0.6478159073210077
0.5719128691532744
0.800065733288861
0.6744916765656634
0.6142889097720429
0.7187779322909684
0.5786386434864156
0.7650491790682954
0.6764761344276452
0.6530543526295834
0.6823214710540599
0.5654931900081103
0.7782556060826802
0.7160198886175375
0.691271176435995
0.6520446257072189
0.5798797086410467
0.8953655465472783
0.5058032398460741
0.4642865959467693
0.547176176987126
0.4772411499510895
0.8395216964036392
0.5512511522568809
0.5444471936860676
0.5913990710585423
0.44977412639432646
0.8036059339355743
0.6765533773199865
0.6778380942876389
0.714509726673108
0.4994062017712426
0.8004647185980347
0.7601440067749959
0.7816166935844974
0.6439460913004206
0.5119230904142638
0.8269426608056181
0.7337916641274441
0.6466132907239368
0.5922993102159789
0.6616691908908842
0.9270138602099225
0.5991068733035161
0.5479927525852125
0.559689724240877
0.4371200843074031
0.8807594789599092
0.6384324336057261
0.6662563969774271
0.7119947260019891
0.5387016651018375
0.8268843218241206
0.6672373655112908
0.6690032775944398
0.6834043935236246
0.5748740927311388
0.7889501596750963
0.6657822568910368
0.5825772351618973
0.5503965212162424
0.6088528323241887
0.8229560083328324
0.6405012758765256
0.5458769041222523
0.6026919759296335
0.7150012871609084
0.9421555696020022
0.9507481448348498
1.00111559370358
1.1023710896761183
1.0308043779975407
0.9610484978177637
0.9642020345328749
0.9894508955806368
1.0113881393175967
1.0013528066952635
1.0008657781308852
1.0027668400116367
0.951199651337391
0.9326721599255823
0.932310526133941
0.9881731901823044
0.9840998029693183
0.9226338078475773
0.9585684074469807
0.9625370499330419
0.9610576161180812
1.0506754685260595
0.9288802429226468
0.9512790893291512
0.9818771305316516
0.7832040209373374
0.770187166872665
0.8446705953895943
0.8356752287125855
0.7340599386954131
0.7860617249273892
0.7638133689922428
0.7579560664757917
0.7712601728611226
0.7911720288975563
0.7896819925693412
0.674176737297749
0.684944616781109
0.7305812415497124
0.7286373167943192
0.7482016508614453
0.6221967636015987
0.7056671463697567
0.7796110976561154
0.7342929983213515
0.7513785180177607
0.6076583755751198
0.6933116054283747
0.7539529420530322
0.7177101293641567
0.7612295318760447
0.707679542543353
0.6427475602255357
0.6253406030525474
0.6352234105268263
0.7268427392606581
0.7837302343668969
0.6214776553061792
0.5782545930967729
0.6108911121745674
0.6946913914041117
0.7183719216958719
0.5145624857093994
0.5027534782308982
0.4909748393338069
0.636062307483651
0.6324517582075166
0.5316859655947854
0.5863986231494824
0.49754329106906314
0.6690636257017991
0.5864431215750651
0.5517053329426403
0.593906705061059
0.4916866999963339
0.8309516672306775
0.7683898086727841
0.7368996505818709
0.7561533967784531
0.80151360566378
0.7987623311172792
0.48125696753097774
0.3208478670668278
0.40142351685765015
0.5296313460166888
0.8054126533086574
0.44748926126207633
0.24842762001467755
0.3481046180786349
0.3240266528139534
0.8431299570340449
0.6267543705898085
0.45712498779223126
0.45490564865516
0.37840712138252003
0.8763060547329825
0.7076376797772913
0.5800343094034893
0.5374905006188248
0.5330344351683209
0.8663140539698095
0.6063774315986795
0.5037244749079756
0.5493982208589354
0.6381516467752453
0.7876379848613784
0.4014291698079767
0.22668690000978392
0.34483855401152796
0.44339407316619156
0.7332441545903342
0.4758727372941665
0.29977335196967164
0.2890061441494845
0.20036903994515612
0.7469923829123577
0.6632464317298441
0.4908542143249634
0.393646413519066
0.3599644388381994
0.8037612976967
0.784081566326398
0.6471147301120858
0.5604961673967768
0.5503702754109365
0.944805101973541
0.9273433619347102
0.9454274449048918
0.9644699485246125
0.9464024868393804
0.9342632763333377
0.9432087681756242
0.9320204785708806
0.926672530373486
0.9345905555302148
0.9425980095120852
0.969328284746626
1.0428188835480603
1.019592429035721
0.9538349103129159
0.9349839704951437
0.9333480348391284
0.9637854358462521
1.0497708421799694
1.06279507023965
0.9512992026523206
0.9291005717312888
0.9361146570152709
0.9782739998715262
1.081055501024345
0.7742823536153244
0.7932057724409033
0.752755855128804
0.759846401910378
0.7695937852891447
0.7519573710527379
0.7331346483576503
0.7136183242568996
0.7117260778874868
0.718740358104227
0.7324463930164532
0.7218192810509224
0.7398858271431735
0.8474174576229305
0.8305030300919037
0.7324110384787161
0.7597737129304306
0.8368443207289218
0.8831330559656582
0.7873935748253058
0.7542058499318722
0.8045510039386118
0.9117940845651358
0.7572209616665909
0.6970994534854673
0.7455356502411137
0.7134496332071767
0.7146961761625628
0.73333551378025
0.7249360197356344
0.7222739347360883
0.6904892371714096
0.7107468217251681
0.7636976573982921
0.7145342125102561
0.6549681241994265
0.6419239455136193
0.6581816191650052
0.7194862819755671
0.7740663402000969
0.63138981834736
0.5291646575475772
0.47024443889586853
0.46922430163363943
0.6117526527134566
0.6641935491631211
0.49524985191147425
0.3958856464692625
0.39442373007260184
0.4992323842476967
0.8501460025499408
0.8560592965111221
0.8369073573402874
0.7814469814195384
0.7677868120092436
0.877809600576113
0.8723736214878771
0.8108502204060185
0.7748077784977876
0.7766646385585552
0.8543745273886957
0.7126812822901244
0.5472160301070763
0.47765544734404525
0.49762954479779814
0.752463189275449
0.5949216619987605
0.28634949572765994
0.15565453555700642
0.20166700966609735
0.7298719709738262
0.7189762837043956
0.5070278598266422
0.435099186568352
0.439952325029927
0.8746601780240082
0.8428350428380044
0.7665153010828101
0.7322522439614809
0.7469142582869933
0.8767438451179281
0.6877845008343736
0.5342313919136026
0.47963415697562356
0.4920365139374511
0.8920869615024423
0.531209981999486
0.2794698975804917
0.2390307033159614
0.2762315903309135
0.8604828054110027
0.5407483424141294
0.2961789290594769
0.25173935566388705
0.23852823190298292
0.7843243649540638
0.7766029459011833
0.6275111639557704
0.6011053082483552
0.5845817009371587
0.9361598778952882
0.9488914323054585
0.9642832043490945
0.9335691538558705
0.9791826819910696
0.9323896143105364
0.9574058549711146
0.9836015399990716
0.9471564517675416
0.9614613205738263
0.9340956634210589
0.9786649268379568
0.984666359272031
0.9338087007368482
0.9732078466897397
0.9237963803060556
0.9634906848958289
0.9804260518361521
0.9419016932908765
0.9580912744501865
0.9263672326419201
0.945312697006547
0.9795965266269807
0.9746000937738754
0.9404056769364519
0.8799617895538123
0.9601974677292388
0.9171971578284454
0.9325694021888674
0.9472917364208
0.8657492039502165
0.9627431156233419
0.8697038419816033
0.8685610882887802
0.8691526867083569
0.8751503100708122
1.0238277780888931
0.8204046558545831
0.8298197982600288
0.8527613331415453
0.9070389675190729
0.9207453577349354
0.8008009703125651
0.8203105550940576
0.8569588335671761
0.9077845972735472
0.9235214493446492
0.8722554042186436
0.8829479440186038
0.8729026845462414
0.8765617329636092
0.7609808094566572
0.7649522247149603
0.808270772563011
0.8584777491007823
0.8509305633810432
0.6858099811300119
0.6586447029747785
0.6963803505076652
0.6868336081208849
0.8051427048915962
0.682783144290629
0.6265580568437054
0.5852020500701972
0.633057786917469
0.813589293649753
0.763483264585832
0.7388210474194216
0.6955191240410958
0.7281771899876809
0.8431105337810827
0.7796913454463953
0.7538491807469869
0.7365110531558688
0.7627770909107369
0.9397274893508976
0.7817752968795746
0.5929469054887421
0.6214247708883868
0.7543571892033396
0.8991478170007451
0.7937518009035844
0.5402419742442155
0.5347155775040547
0.5749255990867016
0.8254849141804929
0.7750528362074094
0.5794001486698146
0.5480703353198719
0.5752160275776518
0.868887517022265
0.8064768485361286
0.7047819795251796
0.6722959937750798
0.6783912321036751
0.9553264186726758
0.8512577786126848
0.6805134287522177
0.6054675542445194
0.6404327813279453
0.9741046021234729
0.7242095368337448
0.4654472809166845
0.5071176301309089
0.6648529285908211
0.9190927355742895
0.7888621902303282
0.5405513267750364
0.5055299803149229
0.5560757568345054
0.8451215440393623
0.8716985332277094
0.7342694833104892
0.6715852544542604
0.6645490773007654
0.845468196649894
0.833833856561573
0.6937940404869833
0.6069933731669657
0.6388127726763388
0.9151405129963927
0.8446142078014585
0.6614664464723029
0.6009251562967355
0.6631861407232118
0.9410382272988661
0.943611370531314
0.9741735550690335
1.0368701927600594
1.0425998320334016
0.9544338680811932
0.9352582174361594
0.9325076180445432
0.9443827354699602
0.9944144986171087
0.9558680166721601
0.9369117662581701
0.9696681991266172
0.9474776585081043
0.9310235556230507
0.9384885647791842
0.9401351807385103
0.9781753692981769
0.9553829073294724
0.9284856953087173
0.9361417839051965
0.9525596994620477
0.9747009331272433
0.9425543337924057
0.9662910037381153
0.8825224123270247
0.8956218379994024
0.8577998796504178
0.7813993946627992
0.7752523285961097
0.8594312364972678
0.9621861750609698
0.8755467946825912
0.8264672745800279
0.8485568066320227
0.8507881199758767
0.9790321210475134
0.844231637172026
0.7539829570941174
0.7962827463570831
0.8657587516578208
0.933359455161444
0.8552071052874325
0.766977562726715
0.7590676383016627
0.8700064478678647
0.932031005315863
0.871644673864053
0.8126697066015662
0.8228967844811923
0.8438515016659626
0.772897242392033
0.717669597194346
0.7162440793802619
0.8153359381577947
0.8389316083003527
0.7159308289078827
0.6757636047928414
0.6419785885153715
0.6680808967984511
0.8473140678433707
0.6908662734683501
0.6508554819675756
0.590450292703134
0.5808750318283986
0.8897862271753817
0.7590273660775508
0.7174317697731872
0.6543854821806618
0.6368600344252352
0.8752155593803738
0.825561842800111
0.820005569589457
0.7859052389581471
0.7562192969677279
0.9269532068973249
0.8390755855367733
0.7058240007691852
0.6737685712823119
0.6836623718199669
0.8842785939205969
0.7625253924815384
0.5861715677228583
0.5379900940613422
0.5369057559337861
0.8427517795196849
0.7686900142599481
0.635514512986207
0.5675888405336235
0.5249892098464674
0.8191894386753437
0.838722181574424
0.7559670809098727
0.6920293015525248
0.6571424347105299
0.8667936641137671
0.9203762557553267
0.7852559089368158
0.6947468698678617
0.6702016724353305
0.9393022973051356
0.766404289642288
0.6205592621733128
0.5815964466802455
0.5873586523069027
0.9384090656920938
0.803268645481249
0.7148400398960545
0.6611552200336742
0.6080752195313304
0.8926744022144381
0.7889355567578494
0.7343394979097235
0.6843355516671048
0.6304667081992783
0.8467573642857819
0.836539580043807
0.7110366154794461
0.6282154021957834
0.5996954020353992
0.8737601850522839
0.8968340700327689
0.7208444343742596
0.6147780266292857
0.6091413190499281
0.9397195493612239
0.9332510223031657
0.9351613173299483
0.9635512492567222
1.0142475444221573
0.9412322585918166
0.9279435083273165
0.9296457947440335
0.9318729969590301
0.9331015821796823
0.9485872842644733
0.9289652851608031
0.9264627522980883
0.9458141801758951
0.9441499740713425
0.9591195900467616
0.9650938333821488
0.9255486889283323
0.9380286373824052
0.9324871627445901
0.9571840780363015
0.9945784281205464
0.9579055914340313
0.9307540879156331
0.9330491743580364
0.8422084528996457
0.804364878055696
0.8277507953174676
0.83407973195405
0.7688933520710021
0.8550512237018887
0.7883473744315668
0.8040186970655337
0.7874500455767826
0.7428767096503263
0.8610270443101957
0.7585161098568894
0.7663418934550886
0.7970274395035919
0.7881216489928895
0.849025114039028
0.730276095536338
0.7097599422688422
0.8122059433544692
0.8597026127704918
0.8402971601221337
0.7479078760429316
0.6833924462342558
0.7542424328021903
0.837404798551262
0.8328344272730166
0.7039044185623865
0.6621019344207982
0.6939786766794128
0.534325017363069
0.8100144802500336
0.7231965551186667
0.5994416151601587
0.6373270033139055
0.5042273372554957
0.7944022236745188
0.7969490448703502
0.6581052881910461
0.7130219923691219
0.5530980594408823
0.7721205811582529
0.7076302301340585
0.7069118966108031
0.6847306025684008
0.6224634211442909
0.7575497566141108
0.6914680191985143
0.6673915265971627
0.7456416602147845
0.7495933732440145
0.8707706908400482
0.5162523950522819
0.4668378294056198
0.5603031678467286
0.4191744069972269
0.876437901079539
0.509869709686221
0.3793923144163621
0.5723651391951763
0.429935762410043
0.9064776390941983
0.6253992056619124
0.45838540593960087
0.6311929212590012
0.6400549876041915
0.9295865668257783
0.8109566749094135
0.6343156350117976
0.5988410259517194
0.6332265479587675
0.9105167731360276
0.8116180600605334
0.6675669676523367
0.6147109342196316
0.6446515205352455
0.9156764656771765
0.47832374095286806
0.3208705457164992
0.49020094283117754
0.3463296960310267
0.8888688508351261
0.5630515786648215
0.46221832443917726
0.6583231952830948
0.5134953343190473
0.8731990058104351
0.7865533337725507
0.6887460230574265
0.6553738028449551
0.6215724975946622
0.8571372392716243
0.7822619864550727
0.6481342768326257
0.5888474163189611
0.6162300278015
0.9172303505229906
0.779805365487483
0.6905382795844147
0.6723107059636766
0.6988219972975525
0.9715308467084942
1.0114884798081543
1.0545583053569194
1.0161374503256653
0.9719565874308139
0.9492384114334906
1.0590819518348868
1.043467926242942
0.9461264120531632
0.9359901400197951
0.9438290517374901
1.0042714123141157
0.9628250045646584
0.92990147206641
0.9404684728321265
0.9330481001377232
0.924509714087681
0.9304803889773857
0.9598887094359981
0.9583930694736394
0.9501431138550511
0.9301135583533976
0.9668887755621345
0.9835788170927414
0.9475989730538514
0.7981544153222684
0.7519783617570078
0.7513296348697238
0.7861557296200438
0.8921625440265337
0.8048891519908828
0.7532903289442908
0.7611255868344083
0.7842836458840424
0.796246590040837
0.8026905415475021
0.7709400625946339
0.780868135117389
0.8497841902674103
0.8482495191877195
0.8157909499839311
0.7764457484433291
0.7276532796544981
0.8206612488379339
0.8009869298443082
0.8298642331732798
0.8243929455796194
0.7004092017241634
0.7967919097234429
0.7720132478251467
0.7814141108168154
0.7645013272932594
0.6349559833409125
0.6163438159354975
0.6166640235475559
0.7562253218280995
0.7456208691703807
0.7260725374495098
0.8162934100117752
0.7446315152037188
0.7018589082313889
0.6099150493352054
0.6370674085768306
0.793636036341517
0.7053056374501382
0.6960889597055644
0.4732685791882714
0.5052369209450562
0.6780253771251934
0.5559300155822362
0.73160749941077
0.43184784399049164
0.45986105895868085
0.6875209724334087
0.5747369932571095
0.8707006952834699
0.7010976690629471
0.6633616636848307
0.6870812700798662
0.6523084957751749
0.8386456356694203
0.7096335635261374
0.6947476501417389
0.8318176159925957
0.6877011065699681
0.7772208366640083
0.6549589831728048
0.5417844451157642
0.7110379404633195
0.566847907646831
0.7184135208899334
0.6152908560819584
0.5204096328539207
0.6711903972915823
0.4286013721879067
0.7514953740324903
0.6667891773186562
0.5895030269916791
0.5859590736997657
0.3796109933127713
0.904341843616305
0.7357276823497941
0.7141417854977253
0.7609884014733442
0.6619706869722446
0.8612426816485329
0.6509110351171238
0.6205150774287277
0.7436230708247082
0.5479759495432993
0.8261418507100791
0.6529777414223067
0.5582894142947235
0.6704480679624564
0.4679409846171132
0.7397192436774357
0.7472832163089697
0.6252087916251995
0.5562650256196596
0.4051665519671324
0.7528742766153431
0.7541917798984058
0.6662440313746959
0.5434594695496107
0.4187748955659851
0.9592358734485072
1.0867684164723443
0.9367502694962179
0.9448026969187662
0.9679847935679862
0.9675701974426486
1.130292404775816
0.9757037354796467
0.9269325910254663
0.9366316833148705
0.955517076861719
1.0297506348283396
1.094495792877171
0.9753137683456197
0.9379690979038181
0.9307389437222536
0.9438093920654821
0.9857304315551622
1.0125941660249547
0.9801709844512485
0.9459606225902245
0.9519039035451132
0.9511276729703637
0.9430020217478016
0.9374699066519792
0.8042690996130039
0.6784734998778956
0.6124788300553381
0.624371095647406
0.6936628961565162
0.7960090336991856
0.7569501727652383
0.7577619558994328
0.8098615916222305
0.8824041407446077
0.755972366280903
0.7584024837485844
0.797709264825849
0.835263039959156
0.7596671304689449
0.7262390643248193
0.7289400594553745
0.7846738152243844
0.8638639332201555
0.7768162628010694
0.7226864851172126
0.7124379384213274
0.726887626623274
0.7719103800847127
0.8375970562565699
0.7496859791183413
0.829606984407267
0.7376464510914855
0.6303250203749236
0.6143685062217201
0.7506099169967452
0.7666575429888629
0.800131152542781
0.8089684045067863
0.7579573169395237
0.7960878785127333
0.7855759708688146
0.6973327571385148
0.6732214951155516
0.6607169072713537
0.8311774869829667
0.7870766285471884
0.6804614662824621
0.6633001109601996
0.6598255570680966
0.7792118402601566
0.6650114616215678
0.5183739090303283
0.5704384292798774
0.6107660760633811
0.8633761160435556
0.7959709847522016
0.7684711834054518
0.7915105687343339
0.8515429089520985
0.8549916603987827
0.8169696759541751
0.7782066960880215
0.763440324355036
0.758945040067058
0.7551725530027533
0.8172665943130979
0.7410100553873283
0.6873300761053234
0.6623418932531527
0.7228100043820753
0.6694735917805105
0.6766279694744107
0.7211453174931972
0.7523932702268497
0.722165547447934
0.39999385964606454
0.3806065345188317
0.4938042115778701
0.6324430480501231
0.8742390172874774
0.7307859085184901
0.6773070386192562
0.7183308241981569
0.7685687632908019
0.90748217966575
0.800856450052109
0.7418883099550039
0.7499775570002395
0.7886251046317496
0.8440319007665088
0.6789307373536664
0.5648729652443405
0.5692025521702092
0.5856147001619892
0.7404985155857835
0.5642747266328462
0.49888211256906434
0.5235070589509475
0.5273185484684727
0.7625196107033572
0.4819642553177704
0.44271455128634696
0.49826163388260963
0.5458003658698143
0.9640947869110046
0.926230586243065
0.9527852257841213
0.9656083965460711
0.935300574591461
0.9904724411248355
0.9262957738875868
0.9515593663531596
0.9755913221429098
0.9437724444967247
1.011140425811997
0.9346024027126671
0.9603780751699608
0.9764125118559718
0.9453269854772302
0.9859115423198777
0.9329197370087923
0.9488152910138692
0.970530245082057
0.9442225906704745
0.9751205766883324
0.955952167643066
0.9272831779757582
0.9749497910044558
0.9859114473061338
0.788227281831333
0.8360958902706223
0.6987705883136643
0.8117602988005358
0.7595744341868079
0.7896282119905013
0.7871442108752567
0.7254524778401747
0.8330998214590526
0.8071551035807112
0.7563248395171259
0.7315164543775379
0.7265863711056835
0.8227648598591607
0.7888015442478928
0.7401516364793944
0.6849598603105891
0.7378187994372267
0.8775503372129209
0.8123065623697776
0.7479551400649626
0.6747985090646319
0.713361017568873
0.80614751022715
0.7880069441228882
0.783937402817209
0.45064889296395455
0.4853744741608617
0.6484179506623853
0.6022595065637775
0.7747567242741173
0.6720933313046824
0.6344112777136646
0.7101440099996451
0.7103117219796475
0.7675097031574898
0.7422530907726527
0.6308434588046874
0.73901193214482
0.6735617404176019
0.708692366367383
0.7460338157857347
0.6111733579068928
0.65322867044429
0.5928934295211683
0.7121213151479033
0.7864789195831967
0.7154357463130535
0.6258980239600939
0.585662491543269
0.8734047177780297
0.768158100046135
0.7411535532272708
0.6838176792361328
0.5964860305904862
0.8235306035108491
0.816790792184494
0.741173601105235
0.7717588289759761
0.7473158822541071
0.8050378853008637
0.6419890518694229
0.5965464318708674
0.7996748073454997
0.7222317068670903
0.8810275195121245
0.6268089130953218
0.5448922703129511
0.6207495087329894
0.7223423205771436
0.8795020568907245
0.8022013563384252
0.7029544941246901
0.699208588225858
0.7463728167689625
0.9047756279671499
0.8616418118499022
0.7894049339813958
0.7851446117263043
0.7254339618504206
0.8408096903228253
0.8186812955126739
0.7738254115155083
0.9102812843056018
0.7886516131761804
0.7508602991067299
0.7205949971973084
0.7158748638873472
0.7769398311542844
0.720658517530306
0.783779186535607
0.7922992695350124
0.7818302967850208
0.8236859295614416
0.771777943806621
0.8664457898187058
0.8891464745558896
0.8315202641649739
0.7886263582793236
0.7872886780959847
0.9919520311201646
0.9844680772937936
1.0094695871362873
1.0628435811838821
1.0708706002773836
0.993237181927223
1.0087710052938343
0.9625028850187516
0.9387291988305178
0.9320753552219087
0.984720611615459
0.9888668442991007
0.9324129898274358
0.9595536279004987
0.9477325682266761
0.9688617295258956
0.9523576358628136
0.9388995153229807
0.9702295814640369
0.9508359853946916
0.9710970966573084
0.9247319968108142
0.9348935352897827
0.9630177693786238
0.9455298928574277
0.8667374538434266
0.8086121237440985
0.806527134059515
0.8324339079113042
0.8392313077581246
0.8484508299558287
0.7862826510468395
0.7791889920715578
0.831751827741766
0.8083312986596947
0.8421188836456241
0.8001105514502147
0.7743932455463244
0.8533446429008632
0.8322914436352222
0.8526865332445513
0.8415099275376482
0.7392396259546997
0.797082484068567
0.8022350527191364
0.8743626251716927
0.8350608876174573
0.738237328378122
0.7859276742126692
0.7690142552222705
0.8295442231806713
0.6643092680542885
0.659698714363103
0.7085227504294641
0.6420171174513657
0.8339090622858856
0.6101591775169463
0.6557182471390651
0.7684571823561367
0.6576331575859448
0.8700612097655664
0.5986164501335826
0.6092112561091279
0.6542405467774496
0.5547521554477476
0.8746439732468717
0.5594174302338326
0.5742182931733991
0.6414700742926406
0.5330314556195459
0.8739433030002401
0.5364989431833319
0.5929720435386302
0.7457738680215242
0.591612208226978
0.9181302827198136
0.6293333199210907
0.6188407520899729
0.7563012734784862
0.5578395636008694
0.9052593666342909
0.583659263463999
0.49005892574315074
0.5517396769650665
0.4756844876707182
0.873065948545299
0.5682970040071905
0.40561224427253734
0.49944511156306187
0.42758878633104397
0.8349552596648419
0.6319782494282236
0.46291455925679365
0.6269790239217466
0.4946475009992964
0.8062532066061536
0.7071007992261872
0.5776726856736125
0.6501980980168288
0.48570681363145607
0.9218626271603528
0.5948526301676437
0.547849489172887
0.6149194088219518
0.46712627328215944
0.9329510756182225
0.5076399638786498
0.43810379170786806
0.5423536559513898
0.4273406643876504
0.9112656692577774
0.5326074628643993
0.4434965249396984
0.6361618203784958
0.5141711725070743
0.8892614501717288
0.6581138876746522
0.5427595085196322
0.6517187061646306
0.5517390879333214
0.856781059420657
0.7378189756109772
0.6421679811908294
0.6004098837699482
0.4964596689422989
0.9708298814670073
0.9320940744165318
0.9324239301510269
0.9333452842234929
0.9642562344972875
0.9840773799688591
0.9284038972822475
0.9426705597296142
0.9329390115534697
0.9430045089483474
1.0143672903437069
0.9322982434159018
0.951993949731457
0.9487857614623053
0.9213636030885187
1.0552377400401118
0.9419307652064182
0.9355300801615105
0.9425616012412797
0.9261631966468201
1.0434262388363524
0.9655991280211461
0.9386442726883317
0.9383854887035046
0.9686387102755313
0.9622019730015134
1.0339783189578007
0.8963181061382945
0.873541870941447
0.8753608314851614
0.9619318595249887
0.9846198862207384
0.8882900066650949
0.8858814946249153
0.8884606895765295
0.9559661073256579
0.9756463175056634
0.8856403029251524
0.8512743831745058
0.8350586451450951
0.9159835933719267
0.9338514763191249
0.9140212867055086
0.8719410642401768
0.8359388728952624
0.9082071328503853
0.8837775068973769
0.8913405809570512
0.9640020094605217
0.9664440859590664
0.9562541222179115
0.8449582819434199
0.8237314384142627
0.804041734561379
0.7918931649216644
0.9302374740829039
0.8559283447903606
0.8437846321304878
0.8268304192987171
0.8068500943501821
0.8988487236504301
0.8279716539199369
0.7788344106527555
0.7330406779270674
0.714793543938332
0.8895474772559988
0.9091201966933196
0.8597440335722357
0.7867726270479031
0.736383331252871
0.8980741819798037
0.8632934081900602
0.8068675759629966
0.8458782611915027
0.8445409831528985
0.9677358396117888
0.8795215512042045
0.8462899934817892
0.8231845878871086
0.7772847001102672
0.9931130601530863
0.8492652125546507
0.7844356806235082
0.7275775980567137
0.7141589689440336
1.0088136196443676
0.8643468509036853
0.783723882104823
0.7117369101620836
0.6775873911804081
0.9898300829558156
0.8365766108393288
0.7217988585003978
0.7823635124124962
0.8266976387527797
0.9851477637251583
0.7749023580780608
0.6503392843754148
0.6839217273750298
0.7479949467144762
0.9886300605470761
0.8712740587418134
0.825439099907908
0.7763425447387728
0.7320558612484721
1.0091177013105026
0.8564892063555989
0.7798435811693469
0.6969941241669435
0.6653701931293535
0.9971288404441051
0.9158393582104923
0.881321434781746
0.8690338044364861
0.8408406505811791
0.9926955501014089
0.8062071490280838
0.6643136928184192
0.688495600085026
0.7739741649591196
0.9834512584082749
0.7965564296449085
0.7219605133275617
0.7452040831303274
0.7784796437937762
1.115243899365659
0.9465500992012599
0.9508251490132942
0.982150551209389
0.9441789872511718
1.0934345983933138
0.9408822738920699
0.9629019397586858
0.9876635544790734
0.9492377058066394
1.0743188966499615
0.9493721302226965
0.940237604983687
0.9465914436236564
0.9253317533332486
1.0711851065110443
1.0007051225819907
0.9476914675078506
0.9369000495310646
0.9554598697577709
1.0735301729642914
1.0830025872191094
1.1093411196621557
1.144240096074376
1.122128785365783
1.0021577048345727
0.8213568317265065
0.8587412507153588
0.9694878113513764
0.8700335783578752
0.9888538492967757
0.8141112154824462
0.8227903553500946
0.8603566322297015
0.8150177311786007
0.9358742215453132
0.8381874825329071
0.7874863047599762
0.7815467585497989
0.7822457231980433
0.9068289856130537
0.9143162984195536
0.9058020738254796
0.8967118001713688
0.9076956280321894
0.9301992640343567
0.8461074837761248
0.8068930159810688
0.8036690100873144
0.8421328321403964
0.9455736873172176
0.7342025394069528
0.7699773870750684
0.8652556613577438
0.7754200157888518
0.9239156817781866
0.7858065766456125
0.7349145166154554
0.7369893057894915
0.7399098677919754
0.8631965655549237
0.8176044041156569
0.8023686847661878
0.81761522558674
0.8490714866130188
0.8125838435353925
0.8216712383883756
0.8197996424378945
0.8090499678457822
0.7986842322176427
0.8016138241185594
0.7228662550742859
0.7069586283492062
0.7165514519847535
0.734204604523555
0.9137669216937119
0.746960714090232
0.6880452699493139
0.7099950644530826
0.6976774379358398
0.9210695905391451
0.8482254423083871
0.7928125779770474
0.7726825537264005
0.7869675853151944
0.8659733377040925
0.8441244290462613
0.8205408990111759
0.8038189952756982
0.8054686881501747
0.8044339476896172
0.7150063547429708
0.678115965126927
0.6752499385725922
0.6921663369100514
0.802591078400136
0.6658562335769039
0.6424845900360063
0.6653767747124477
0.6683655289976029
0.9135242288802622
0.8084112617166612
0.7289959714329504
0.7049813237524283
0.7125594756492849
0.9086375811288376
0.8524720185148175
0.7897001381888356
0.7614716373821043
0.7664975973912164
0.8865307340219787
0.7905589288399719
0.7022260159385976
0.6702733902287811
0.6651615634121559
0.8306247056048363
0.7012424958109549
0.6581482440618472
0.6813119314879443
0.6615954175715004
0.8369402364647437
0.6877338961464005
0.6723607155205212
0.7123960811629789
0.6807405706354749
1.1481121847662683
0.9529097790069441
0.9525709005646658
0.9874417179171946
0.9531544581026916
1.1150251364648174
0.970925703875264
0.9394443696062945
0.9626801702095883
0.9449634423056449
1.1197618166238048
0.9686961186497359
0.9413882912186267
0.9661646436843322
0.9441775007023252
1.1097342777962926
0.9469133166844045
0.9539889520975819
0.9870477737758129
0.9517756647204646
1.0845514108576895
0.9404071395802295
0.9571647660415803
0.9782529821133279
0.942632271168364
1.046277331212069
0.9167681904426934
0.8872000318097105
0.9053043249153719
0.8721948072807404
0.9831367325346003
0.9210801955377481
0.8821747552407421
0.9217797380704551
0.8750190719112745
0.9656077918410855
0.8862669001455283
0.867123332374784
0.9111029303700792
0.8629200921859148
1.0002711869032779
0.8680324274860726
0.8518792427763953
0.8769475146124318
0.8531286679297063
1.0115539601810388
0.8793324157177358
0.8612956848777492
0.881688796066645
0.8526900783391067
0.9919364891752599
0.7940134763338371
0.8376474167857119
0.9567011067901938
0.8518085249460319
0.9460886025890499
0.8135779090173832
0.817442944585664
0.9091366071131158
0.8388375417878413
0.9147939488977019
0.8084351061669278
0.763680429581474
0.8160113406009313
0.7899463134570226
0.9442632646312197
0.7974474401592331
0.7687726339386493
0.8159287097385386
0.774162760331051
0.9962735656718071
0.7831348448759206
0.827616831922425
0.9289438284664383
0.842029830737233
0.9768147104411151
0.7874236638860399
0.8013889827372325
0.8759994804810362
0.8037102006643541
0.9057231449519305
0.8512629284234744
0.7802883633332558
0.7889769591011201
0.7698337449604408
0.8701137940710364
0.8811785441319652
0.7807611726461132
0.7566419233797437
0.7340427180328085
0.8683102715288074
0.8271050910257889
0.7692822329360669
0.8115818568370358
0.7691550485272554
0.9035169792451276
0.8060119602905453
0.7982046263905163
0.915113395349196
0.8142705744927462
0.9717597552590085
0.7929159100402262
0.7626286411915542
0.7853514027465763
0.7634285189833605
0.9123338589004014
0.8383346640423646
0.7767555365807842
0.7594750495399977
0.7574587931906589
0.8743857093114493
0.8013725368595471
0.7627851700107509
0.773320987733717
0.753582071072579
0.859049975181745
0.7863633598180513
0.7834050548136008
0.9057820137777879
0.7953256908375665
0.8924252886226502
0.802160435413932
0.7536702307507166
0.79797992040654
0.7686600110606522
1.0954286472695636
1.0443069661448314
0.9677424502488858
0.9421882606264291
0.9369317019524721
1.0419017531169146
1.0276736541995348
0.9852525568583409
0.965790121922136
0.973613683769496
1.0228493735802138
0.9918659749574396
0.9907902282649845
1.0167644739100261
1.064011595844771
1.036738944684878
1.0015450097845278
0.9691737262874228
0.9585699672455854
0.958555344922898
1.0629152965637911
0.9877351659913782
0.935884586208077
0.9582638461534384
0.949215683466852
0.9974594366729003
0.9361191928914209
0.9136541098422568
0.9056306018843608
0.907154049333243
0.9746332644403972
0.9618011287708182
0.9077840602006282
0.8845067458275928
0.8861454616564026
0.9561110746005126
0.8892986129482261
0.8714490492173954
0.8804086560023704
0.9264286912091264
0.9585630325111419
0.9437060612717139
0.8947088894877742
0.8753748941459168
0.8700622200697378
0.9544830790218036
0.9299479665052371
0.840902637879352
0.849631326133817
0.8382881895760694
0.9502894756629747
0.8300810342421339
0.7786982065974453
0.7664566335689668
0.7700323014295526
0.9035740235759531
0.7852600677253886
0.749203554483031
0.75040221105057
0.77837951754359
0.8893233310608535
0.7179461623759252
0.7077672809538202
0.7195434476801948
0.7309126313281212
0.8816491492011649
0.7811473323519669
0.7700186968545627
0.8070733456193745
0.7713935734103414
0.8905518326418098
0.7888294484583239
0.7623909519611983
0.834629806164216
0.7875149276470169
0.9477748800556383
0.8435872438429176
0.7677743078579532
0.7439422777204298
0.7475460312666417
0.8707834138851922
0.7102250646117755
0.6317220325773079
0.632446208542508
0.6366141964667115
0.85728486442531
0.6631272189325755
0.6549782745213814
0.6771289414207069
0.6741049048400264
0.88847515305894
0.7586807732281424
0.7600110310889212
0.7993535457916928
0.7747797463663957
0.8892137071490804
0.7811682994085934
0.7305692267427457
0.7740824011207967
0.738690927980759
0.9551422725762376
0.7995223753663573
0.721330998964749
0.7035351702127356
0.7048004461793445
0.8707745781187427
0.6528040878956344
0.6041166636684503
0.6145210167090102
0.600539212735101
0.8400718637397054
0.6739597723024373
0.6764164507491626
0.701764472811499
0.667456757859279
0.8697667953205614
0.719593460690608
0.7203096698340661
0.7569123627106014
0.7383186175886296
0.9107935224400965
0.7740686205051716
0.7180104354867615
0.7236390146516951
0.7180530270088872
1.0993021728786112
0.9581393789664083
0.9438484128564818
0.9606879377613461
0.9306513911605175
1.0687856296536042
0.9927227768965082
0.9376528405276521
0.9312927650786665
0.9413118969135806
1.0538825972520658
1.0226386014575437
0.9985646568893133
0.9956052639239193
1.012127184911835
1.048117513643226
1.0935710237222978
1.1009343392242514
1.045496484773662
1.0085363770224036
1.0613678522374177
1.0721951741284363
0.9704970182721728
0.9373851231961602
0.9377620154691488
1.0629129536798352
0.932617789048962
0.8938074531713075
0.9028000376156965
0.9018236801915116
1.03013116595762
1.080139839960202
1.0168223150483082
0.9687805130156507
0.9527558792342025
1.0248173814319803
0.9988706470902085
0.9977142648868415
1.027657691737544
1.0756260724250917
1.060255073510387
0.9779950825573703
0.9266959497482741
0.9178340475135998
0.9335461379093
1.1028343385046107
0.9470576291735505
0.8931610618508199
0.8986528591244333
0.8838209968843345
1.0535767064005175
0.9572793184956384
0.8962523295836168
0.8904084300456758
0.9003504626850376
1.0619188429743345
0.9998954718443469
0.9609599468767938
0.9516346288832764
0.9522567730926765
1.0507693235677262
0.9351647944302846
0.8777551981427426
0.864578113120112
0.8649431293822311
1.0127317424122497
0.9374501133205194
0.8609443096468257
0.8602345766201459
0.8214209613760081
0.9972704543107413
0.9160711245643769
0.8484074844683576
0.8740108531136563
0.855849482953452
1.0532366263647224
0.9546525025307321
0.9068216260531219
0.9142520871299653
0.9482095213194618
1.0098629346739418
0.8773782299067581
0.8425339461996106
0.8455094361348567
0.8508608738156951
1.0052512238885685
0.8436252890773319
0.8181411267281258
0.8444970809912424
0.8192554883462396
1.0270453131661879
0.8334399596638413
0.8015912026830171
0.8542258727029074
0.8207036803944056
1.0529945656450261
0.8702803722207318
0.8050983239352753
0.8490245108920484
0.8447489929478301
1.059958848213227
0.9119881371895604
0.8636016675679918
0.8560049634776467
0.8443886045615686
1.0059751884063237
0.8471196899409773
0.8394776896706003
0.8709058897999944
0.8188282709403001
0.9869026668255468
0.8056526782853822
0.8209807172554194
0.8923198188033135
0.8222854059722594
1.0177105628722465
0.8196854916452059
0.7978635722926652
0.8625393921432574
0.8294548442780352
1.0423490825447017
0.885968509444375
0.8227671780403655
0.8461680092607159
0.8580839581525459
1.1344780426716883
0.9589185798572771
0.9418888594740918
0.9634718948774533
0.9313608702140005
1.0897553814613545
0.9390019800528696
0.9508714022876605
0.9848669382843426
0.9596840936824029
1.1153831455587024
0.9531406373646508
0.947604197319935
0.9736042665824831
0.940113701062745
1.1016366796404584
0.964171704936136
0.9422061702789728
0.9733554274755755
0.944788218116993
1.0567562176187646
0.9532378309209188
0.9445582214806012
0.9870886717954196
0.9684194043450595
0.9671035726224587
0.8361421593531335
0.8326602525918888
0.929141969307451
0.8463429468095248
0.9308032252086913
0.8332835971099332
0.8193692257450663
0.8618948614334334
0.8513832546322511
0.9239982321983001
0.8134894549911434
0.8016009634377017
0.8403300567938073
0.8432742205688105
0.9068628970758925
0.8055390645874881
0.8177114059381407
0.8805721415561157
0.819504734318833
0.9228471539914281
0.807552652288379
0.8090531944286133
0.8725263413918101
0.8301320678388865
0.904029377643641
0.7532966516957696
0.7318000728236738
0.8038621754827726
0.7353071295355591
0.9163057631801171
0.7023645098025869
0.6628085405524413
0.6926911102363809
0.6770352833795176
0.8881172808037199
0.6314030902731167
0.6530430488745045
0.7356527768064851
0.6756330252136663
0.8513607853114133
0.6126611050658205
0.6760124393296355
0.8377397184243051
0.7093147645544563
0.8756519205520901
0.7001948535368242
0.6661990020850578
0.689783405074471
0.6816633199137297
0.9226667152958669
0.7989330343263369
0.7258512518221653
0.7251381894631626
0.7236196704814247
0.8969316738565626
0.7914840741895288
0.7054916999934802
0.7030151026014005
0.6766480126379467
0.8679924840452908
0.7410112888168715
0.6866649501569678
0.830744629472505
0.6794451803161381
0.8577328127490196
0.6889717430095431
0.6251478496515416
0.6465586621808638
0.6059743107795944
0.8710280620004341
0.7154656530741181
0.6548809556580069
0.6443532960986131
0.6735383693536998
0.9216427437882208
0.778127846584919
0.7134255550673178
0.7069392134874598
0.7077338222197136
0.8751038952159872
0.7541704246317178
0.7012056865240256
0.7838140686901578
0.7029453035516152
0.8414014232832957
0.7499616198142847
0.6568345439447605
0.7321707283097115
0.6439759586463168
0.8510848790998081
0.718885633091289
0.6115734857073153
0.5801791420939527
0.5720916742346006
0.8830847439483714
0.7199970286167051
0.6501908225252065
0.6374367825227151
0.6617832930001316
0.9457538473044634
0.9525504980481165
0.9832526388517817
0.9444574651737363
0.942617316995072
0.9513148328933966
0.9405936844196102
0.9760682568830291
0.9552438909421068
0.9422504703997866
0.9591650466504311
0.936592559685728
0.9594262491346744
0.945591047942485
0.9272681345713927
0.9431900222912103
0.9284075800934357
0.960296944976393
0.9793279266612346
0.9482886782251396
0.9324197049110109
0.9291849100243306
0.9570014847775692
0.9824815441222076
0.9705573395002967
0.7664960095620926
0.7623623592520148
0.6978849067840713
0.6940274303821824
0.6413829115499445
0.772915593406117
0.8822308517621249
0.6904272896593484
0.6697486065413347
0.679454608498099
0.7801693333794771
0.8127824329437834
0.7009840676958817
0.7829134085124974
0.7904430635465158
0.7798744855642615
0.7911486077660443
0.7187164538331955
0.8171620395009489
0.8134990312519007
0.7633541112357342
0.8079714632887587
0.7458472232022795
0.7202457591449765
0.733217709280258
0.7419632105700902
0.39927694533154534
0.3502421347011494
0.3875010941578083
0.41869883716724043
0.7536766446813637
0.40682613592059835
0.3891850326785847
0.526041625687064
0.5705519394945536
0.7675639814003492
0.4912866202803684
0.49771217012124563
0.7011183253126898
0.6885525780512121
0.741076719155411
0.5118415229713403
0.5190898665059106
0.613848655864791
0.6260541218470191
0.7109045088339281
0.402348786552086
0.4080697018765727
0.5043029938536118
0.5729645713614716
0.8541291426788123
0.506068460095957
0.34355313454680164
0.3850488526728652
0.3158216141121083
0.8297124891293438
0.6223153454149292
0.5237070056446766
0.6553428928314723
0.5954139041407195
0.8127489170166479
0.6904079419668743
0.6642501040083627
0.6493547609591543
0.5425415108871019
0.8273959412611882
0.5944023215555575
0.6707146114820757
0.6032811281733416
0.4692944888148297
0.8531071470314153
0.5293498038181129
0.6673202504225093
0.6237607766782637
0.4497783334128524
0.8859917739408523
0.5369863778698369
0.47420634480579094
0.6745112701592
0.4459447613088046
0.8582112318619428
0.6049292870669906
0.5628656604196266
0.6759937166141688
0.5457044796183972
0.8359668635684775
0.6086304166620173
0.5131442357952858
0.5853740815042976
0.3928956147885876
0.8120468731144638
0.5090193507248957
0.5041296400077124
0.6245063800601267
0.3150491923090589
0.8290526180044765
0.42521058894891123
0.49632713658766914
0.7632644630993843
0.36196060821964937
0.9488578669417265
0.950587652889576
0.9821989760366606
0.9493897104259736
0.9346440494781589
0.9606866925131228
0.9411232450294202
0.9528325873151487
0.9379267295297192
0.958937379469444
0.9792246112513083
0.9421013848568176
0.9365185707592788
0.9346616988709041
0.9879315732327335
0.9844490040358991
0.9309386541345401
0.9411353621531708
0.9378185988234868
0.9555762859556571
0.9744346423886312
0.9378082964825727
0.984353734040135
0.9712097776899001
0.9360278266542098
0.8834363622083657
1.032500100296325
0.8810638986540662
0.8711674768231656
0.8866703924693187
0.8875608177478402
0.9459239730046521
0.8657381389940058
0.8008488444447543
0.7833561636219105
0.8556987399579536
0.8726157768730938
0.8204749081677342
0.8044812705542825
0.8097852110189487
0.8351761058464364
0.8607947095488366
0.8199837654316865
0.8419907224622766
0.8604856715418453
0.8412207873703788
0.9270638609773278
0.8552600901262521
0.846901032087676
0.8498852550646129
0.8630579712443709
0.7339428030320031
0.6965581386538788
0.7146206011745025
0.7758276086011029
0.8322221474855769
0.7763434182974117
0.750730270216293
0.7421180632092337
0.7498887058609461
0.8147275607134873
0.7502685220397257
0.7582901771379136
0.7728046350778921
0.7779079481618147
0.8345681443168068
0.6919994215651549
0.6627609885041306
0.6907927697722173
0.7447650814126155
0.8561624669718556
0.6991560890147039
0.7014887575179037
0.7843332786612931
0.7643908563886589
0.918763985465672
0.801222877702002
0.6832046773746757
0.6667075397895069
0.7097376896195485
0.9385860796292769
0.7516683050586931
0.7111635168640423
0.7356525067204821
0.7328567270381457
0.9227006420166559
0.6546002237259128
0.5951160236653226
0.6430804412823954
0.6804341578012917
0.9137288244112045
0.6875627265023826
0.6280803282567444
0.7070684729661443
0.7713773965999475
0.8751809957639544
0.8047553150891178
0.7208161480720774
0.7987536154368571
0.8142715690867326
0.9391638924525009
0.7553384341453931
0.6700083578811513
0.671400344804693
0.704169530067289
0.9460276307533418
0.6550551047738511
0.5542164904682977
0.6063729149164547
0.6623665802702013
0.8956119672714594
0.6289629319663622
0.5459852654710414
0.6187658169354919
0.7455630727800242
0.9163303524054915
0.7003504981504619
0.6402226136888683
0.7095029532131909
0.817338968169574
0.9072586936757351
0.7756096336055635
0.6921103284482045
0.7536533634927193
0.8077908755671218
0.947615233103906
0.9364794266013373
0.9498291324735998
0.9727569377113077
0.9482898645158563
0.9426334911814958
0.9365813823679571
0.9597410169182693
0.9884082538253791
0.9760191393530784
0.9373830391709851
0.9394584562344
0.9564484288154989
0.9451465475836153
0.9296846533637206
0.9335998348279202
0.9392013761395569
0.9550363520426088
0.9321127554804128
0.9563011154492091
0.9521271174507777
0.9511829100323144
0.981047581500815
0.9564128027115006
0.945631029304017
0.8393931407875077
0.838290813523979
0.8682876992853965
0.8125793299154578
0.7426231661537324
0.8457059112949984
0.8357438385383065
0.865479826366716
0.8496408511820365
0.8089560287399323
0.8501313444354893
0.8073388772369083
0.8231716474060241
0.781738729733959
0.7193644718943327
0.8488873151218567
0.8068338715442573
0.779110279216605
0.7884252886774697
0.725131884568149
0.827863218071049
0.8398578360783834
0.7534109276415857
0.7352531792649494
0.752559681812364
0.7998236533248192
0.8753241128785121
0.8320818689505978
0.771366797879116
0.7329830424373319
0.7653339530094416
0.7361644979494815
0.7365765121139514
0.667786356964141
0.6195513590760006
0.7530897185485161
0.6644019202697602
0.7402834416548871
0.6482090590285164
0.5586311707531292
0.7721404177998606
0.6446752677812422
0.6179359529206793
0.5358178889339665
0.5500452064879986
0.7747182894140519
0.6893044750500446
0.6668053720340594
0.6347936770669756
0.6832028006711497
0.8930278757737613
0.7606288693027048
0.7170297852805414
0.6354548816064802
0.5818868722845719
0.8630882776139729
0.7576170833663559
0.724264115016058
0.6151393086038851
0.4591724504429755
0.8467540209860636
0.7067855651009698
0.6155033747173045
0.515824420200115
0.38967760629516723
0.8677962145884475
0.730764358607577
0.6333532572463677
0.5651918118524617
0.5267169270873617
0.8704797171776407
0.7871291192625824
0.7392807308187355
0.718829107584172
0.7103584812031223
0.9099961944138193
0.7228390540490992
0.7076767320414864
0.6136929315672165
0.4989256677369576
0.8929740619456817
0.7445441508957068
0.7003908172997452
0.6232900624011986
0.49547638623939494
0.855295646793946
0.7649961151999642
0.6832094707891745
0.5995168987021433
0.5116714229473601
0.8753517501287876
0.7725733233359806
0.7402197390809813
0.7001969823737473
0.653250696720094
0.8875116467933252
0.782749629730741
0.7859959365829149
0.7224652618450033
0.655678084656373
0.9394519410308294
0.963798306220076
0.9687120355293959
0.9399876719842577
0.9255017099118888
0.9377914728441085
0.933596147588352
0.9352522864205222
0.9433269431595668
0.940373877905763
0.9504722210646482
0.9251796646872208
0.9491654177529496
0.970211889777721
0.9472410288314465
0.9624345124934807
0.9343346620268309
0.9572155572776853
0.9738272466597312
0.93502082428753
0.9545862033640419
0.938800898935774
0.9446562742743715
0.9749756598397112
0.9653945136202
0.8192528699005377
0.7969932784976539
0.7884549301926168
0.7643870031206732
0.7673458048972476
0.8180651368024101
0.7769531173755037
0.7976474590836007
0.7701009914006816
0.720767235390451
0.8145334833609337
0.7433438966948999
0.7729174857126724
0.7555494164468709
0.6910698057537772
0.8016659760869789
0.7049906934395758
0.7338461149820424
0.7514389983681736
0.7146014739739686
0.806606672967784
0.7217705385509818
0.7358795768411012
0.7136239202230484
0.6651230823758492
0.7806186945251343
0.7157488800527616
0.628416267251301
0.6153832121949556
0.5850527512117882
0.7488392553945991
0.6725953627277265
0.5815579518976167
0.5991575616349382
0.5407093376787072
0.7481614428761996
0.6787548054772561
0.5352508562238876
0.5737400433181149
0.47684495729400384
0.7247146070590544
0.7405730229675299
0.4443756506009222
0.4948068144014349
0.5044520801243165
0.7193047081055024
0.7784859939856599
0.47671439078023375
0.40448125857431727
0.47162773061865704
0.8402846108337739
0.5083069655388412
0.4634789653895275
0.49754695972656887
0.42524914254500523
0.836541582326754
0.45691391467808934
0.3772530843422767
0.49589854115031745
0.35751131946850234
0.8673957349092098
0.4425465374532821
0.25226020730239423
0.3874113093150976
0.3378470248192282
0.901692335713774
0.5301225848900792
0.32602418151138207
0.3239119070245418
0.3533099312707831
0.8762946574586896
0.6655955982528243
0.5256766323415809
0.4804856445862435
0.5140739461613203
0.8848699672345288
0.41853489928633786
0.31285552571665515
0.4629254474038992
0.35984695247500975
0.8419763644532001
0.42440523354285925
0.23792495519093307
0.389065421111634
0.26610804587637565
0.853174692205342
0.5143018732217485
0.3216407548581555
0.31751679856785797
0.3332943860676512
0.8983347198388174
0.6713322192517157
0.5232344216070134
0.49305753404869673
0.5178167626940127
0.9297334771918935
0.7927849169663829
0.7144647528743815
0.6943506789691989
0.7156687968084507
0.937778489036566
1.0653056576656372
0.9593499658646001
0.9331859252408865
0.9690776492022035
0.930085869214595
1.0347188973178763
1.0020041675510825
0.9310441116140173
0.9637583148253716
0.9269865312724225
0.9937023097762486
0.9750733540361678
0.9346661737882231
0.9713835686810925
0.9301774843348974
0.9761663976107854
0.9903026669274115
0.9273351554400372
0.95326168332798
0.9295968980430902
0.9830932448924927
1.1011258430802826
0.9587310667891727
0.932385032571018
0.8188872451806452
0.7158131449253142
0.7235349000210838
0.7444582362541242
0.7240322454649705
0.8187249771126169
0.750829820869821
0.7534977877379103
0.7439354693867981
0.7097348337016866
0.8224701499608438
0.8041456384930841
0.829765186140703
0.8106144175364173
0.7841011483965027
0.8172926922544534
0.8069156348056465
0.811806807067263
0.791638476618675
0.8429087597504035
0.8384233205210156
0.8183810971667427
0.815547782105338
0.8121603801335826
0.899717172239282
0.7667268368192616
0.6428844440014456
0.601653562677694
0.635427016118754
0.5083616320721898
0.7941722523124777
0.6788016531116832
0.6260562870854798
0.6157343833848262
0.5424561969017518
0.7969789422609274
0.7615953346873873
0.6612923472567285
0.6483135620462316
0.6599794864172286
0.7545626810495383
0.8980733573855249
0.7738180586153389
0.6992862320768664
0.696704289039052
0.7518466807222774
0.8868486772203374
0.7650789969870957
0.7158762889736052
0.7358685527989689
0.8637661804061322
0.6608562331592001
0.6091818801156113
0.5498321179729679
0.45361433760871067
0.8096614987261335
0.6689795378057822
0.5924483922962913
0.5650658426294786
0.5905624032191703
0.7824025406804924
0.691060883748868
0.6641693697147801
0.6757425530563305
0.7382963323810928
0.7576293891599108
0.6448720169914774
0.6401474738805724
0.6854910861570023
0.7642289820526317
0.8009344482345938
0.5945642731313658
0.5330459505835518
0.5871125748037864
0.7030181711412953
0.8777938207396866
0.7747763302109771
0.681084761167865
0.609310519773523
0.5758099701151714
0.8764509408232348
0.7600456676877646
0.6804787453613597
0.6509429738866064
0.6888469486446411
0.8305512727171851
0.6919783206636296
0.631465308492705
0.6426159142232125
0.7036324114939737
0.7995543266742065
0.5826523469148951
0.5239485513301861
0.5907760020706777
0.6931183174486718
0.8260478735365739
0.4875081267810988
0.3649040768660156
0.5060160815442902
0.6948731942435169
0.9561926570456217
0.9814846315404152
0.9399569063536328
0.9480336471211496
1.0774795226203622
0.9541296892408265
0.9733876409355258
0.9452833018810207
0.9463519944076024
0.9921380254061143
0.9425691709811357
0.9467952782518717
0.9340520217941845
0.9901948730509216
1.0424960930360727
0.9356547730331233
0.9351984442645215
0.9444609552683414
1.0244036738522393
0.987487560613316
0.947464799454149
0.9395213107009408
0.9300246425329792
0.9436385233793045
0.9430385018846986
0.8261801563559462
0.6906359134896214
0.8534932467118798
0.7559775235106435
0.6409728572623816
0.8375356976892371
0.7119861812675168
0.8201966097363278
0.6978418872503859
0.6698733631961153
0.8120498756233088
0.7409887207497766
0.8175596978588565
0.7710374687544899
0.6758410118161503
0.7543544497051954
0.7521341150412121
0.7576225670633242
0.7560733069119518
0.72874794547739
0.7684026780724169
0.7757833008916702
0.7760627555307902
0.7492090976022062
0.7149360969943931
0.7394790249094082
0.4525671794689863
0.27302131403524904
0.36041520248174325
0.5326310707803154
0.7540490944303068
0.589223190778334
0.46836100997280794
0.4603741509060738
0.5233891564704398
0.7324623454310834
0.6585120636393111
0.6538587643944848
0.812612760318814
0.7047599007028814
0.674262636614757
0.6313464686600823
0.6159203713056098
0.6601508081815647
0.6437006940300447
0.6468500895488807
0.574809749312704
0.5671407558705965
0.6050767966306683
0.6838891753874626
0.818938111209726
0.7247403422281627
0.5266286834737847
0.32055592735513694
0.36881124638596585
0.8025533743210984
0.7647540691212223
0.7242280992240853
0.5599328166909113
0.5375921931191077
0.8015752042108899
0.7877477222404079
0.727552383460757
0.6232458517587163
0.6058205302752196
0.8026131562748918
0.7507643329090512
0.6480772644760822
0.4441520125008635
0.3934537526592684
0.7770422065058499
0.7190063620312728
0.64722543620022
0.3698792753567622
0.11487053261224368
0.8604481601736045
0.7881771234074563
0.6395479650615379
0.43141068784827125
0.4184735726973387
0.8384620272520545
0.8300766677625072
0.7980974732472073
0.6302640273650949
0.538114061833353
0.8164435196276943
0.8208766181387103
0.8153734409477491
0.604863342154595
0.5137846103895816
0.808453954996686
0.7648387106969635
0.8227226382239207
0.5214782150795954
0.3279695336337561
0.8362186830284648
0.6975218359133151
0.6811142594765741
0.5990857755724022
0.3992906143657856
0.9643750294977724
0.9788425149964326
0.9335163146253289
0.9644114077731265
1.0494566386123985
0.9719318230433945
0.9838214379112198
0.9536839428102534
0.9311862453572293
0.9365939524678248
0.9737094824000116
0.9658303308520779
0.9344745494514759
0.9261917611334417
0.9295532486716039
0.9608792739193285
0.9576639893180398
0.9239589236088006
0.9742211425498352
1.0002631754070102
0.9611414196358411
0.9727596633493167
0.940175588174561
0.9826442765764762
1.08340566095693
0.8743149048919501
0.9155397074800432
0.8689020806215427
0.8315443026884856
0.7991053663314112
0.8258121782108461
0.8430908790143713
0.7989308738251976
0.7627558824175508
0.7288449234595343
0.8076005950419142
0.8207580792084195
0.7995885072131617
0.8315952062664642
0.7239216599292154
0.8147151368225365
0.8628916654640743
0.929478518823029
0.916022120859629
0.7662267923710603
0.8215500249863906
0.828350801236518
0.9127574636476145
0.8002615416382831
0.6909892325814707
0.7867695982027727
0.7613099368690289
0.7356824111878669
0.5878670593225545
0.5518100457765744
0.7470314922058768
0.6692343146273061
0.6068911834025426
0.48179331705355494
0.4169467720715446
0.6824960038497362
0.6660614361605866
0.6500107347090387
0.710079257696316
0.6494702730634436
0.6632091015926963
0.6464206477217929
0.6369609093184965
0.7225317138998366
0.8168765791414481
0.7193486816876224
0.6098311761976029
0.5283811741990018
0.49486002244169336
0.5839915919367952
0.8600065768226506
0.7513074983072373
0.7916899773554543
0.7340298396552314
0.6031065827751152
0.8620096628984829
0.7719913392342715
0.7444656879724922
0.6669279212316275
0.6012041408293337
0.7905212636502765
0.8440579012758903
0.8767688163696115
0.8054304397540917
0.7439626554513165
0.7340822699893992
0.7351064158328351
0.5957247323291507
0.4475326980494209
0.42528005441241945
0.774281621067161
0.7358929793957482
0.6680178934343466
0.44690297824042347
0.2629266214917103
0.9017887988123658
0.7573811158860536
0.7303743676589018
0.7595591112763128
0.7080087916382573
0.8821211044673779
0.9311042384318999
0.8978714037745428
0.7945246185916918
0.7407388908835524
0.8869141358549499
0.885539041585739
0.7575463272317101
0.6463636302424028
0.625283670841058
0.8163822334102587
0.7524353203153238
0.6246815687405027
0.5604059889366685
0.502228838280099
0.7819490291195509
0.7242502787485603
0.7290514811618276
0.6690659969392857
0.45943744695304395
0.958872035534128
0.9288090595471865
1.025831347240627
1.024402368964555
0.9308859942274864
0.9654263501120061
0.9348131840490282
0.9526405269919497
0.944059989969032
0.937445287070667
0.9614546404111288
0.9422783122174733
0.9321965792347197
0.9290580616146794
0.9355475755406547
0.9589340546429407
0.943814525323274
0.9276908839904264
0.9299839382173897
0.9258692776965606
0.9728069713749183
0.9691950291012779
0.9332922161615547
0.9957949728909655
1.0093885866933645
0.8774207561754556
0.8630572232764256
0.8188646084624253
0.8062646729367648
0.8295858273287747
0.8915920279170017
0.8690458064100607
0.8392222256939109
0.8120760260933885
0.8122061342571456
0.8964037341773636
0.8508907223518519
0.8203767157302241
0.8026073811022475
0.8034560888865764
0.9333154371802518
0.8349876914486036
0.8122965701807062
0.8126192561786327
0.7743901501372182
0.9133573157444094
0.807383317983415
0.8336742155486891
0.8879401507945048
0.7018629119360875
0.8091374052993977
0.7560263386161907
0.7139393963601531
0.7025252726115762
0.7140225457228864
0.799592039898087
0.6765191227706526
0.6306876699490879
0.6703174314872334
0.7110053388487031
0.8199390603053817
0.6360423999920087
0.5509283335214243
0.6432535961029051
0.860053937489235
0.8569049661891143
0.6487276718296883
0.5541993371290878
0.6391240110898074
0.8545446558247739
0.8801161903744227
0.6763940471138398
0.6396969368782702
0.720779668382441
0.7198367561248843
0.9038258218636546
0.8214425228236701
0.717960092562904
0.6616462010713008
0.6945274024548053
0.8655971886438121
0.7993329224436909
0.7135733698965028
0.6939584336072092
0.6524263717091608
0.8722892539999838
0.7239290177959966
0.5631398103726951
0.6199724513206273
0.6599730556589046
0.8786511117344836
0.7007179023995183
0.6496594589974147
0.6128113458713862
0.5444738095768893
0.9141500575938836
0.7314126972404015
0.764966677153379
0.8546173857101865
0.6674031235357105
0.926126630280976
0.8085159275573222
0.6224498689974638
0.5596620081031725
0.6459024284630092
0.8802180769466882
0.6052788897922685
0.40462874677746247
0.6001409236788781
0.7347729669767621
0.8874818973983567
0.604619021634633
0.4748876546773141
0.6674049259438065
0.6315479368140487
0.9075289156002495
0.6947003315852365
0.7199127654106697
0.7577876370094773
0.5397426096617379
0.948215927886901
0.7644223471336656
0.756717489986769
0.6053983714231997
0.7103162397793265
0.9581062540129238
0.9366203782500485
0.935950639236764
0.9466097727840951
0.9590005350247238
0.9565652107509341
0.9368753142572025
0.9356342678977536
0.9449503689384786
0.9314940948580767
0.9463122737005538
0.9317746916255838
0.9734544068383622
1.028052351951879
0.9378620486361393
0.933001284167552
0.9350086829608122
1.041183595353549
0.9923752774944418
0.9211378746033501
0.9455945414109198
0.9460311248601639
1.0924329412349336
0.9505722400204412
0.9443505703923573
0.8567576355991734
0.7830513634803752
0.7441000700240676
0.77069917226981
0.8004751772348987
0.8381682572440489
0.8025334007657393
0.746378792197873
0.8266761140329459
0.8279868543563488
0.7986927214197461
0.79903088283331
0.7597348360977177
0.8057540820314544
0.9353430631511466
0.7624495315154135
0.7770704392855768
0.7308202219370756
0.7337751845183477
0.9033400428214112
0.77899616182011
0.7736908055603092
0.717643116802347
0.7076604002162399
0.7892024754515137
0.7752002708566816
0.7079052676103265
0.671649880355172
0.6362552503015543
0.6395089848916797
0.7508737772175367
0.7653035102855675
0.8632916393503837
0.8268098103610487
0.7498761885532362
0.7152859730035994
0.696393230496142
0.8060319677121862
0.5986723225011292
0.5607404603885945
0.6582820387156383
0.6480551638543662
0.6110911246117912
0.44036364037609826
0.4928339906505092
0.652152119767949
0.6342695261996831
0.5780645336976357
0.5606584326630838
0.6412698270576553
0.8517991318753222
0.7838112065654088
0.7477414686966343
0.7743102225740072
0.8614445694604211
0.8342285355156246
0.6404667991456946
0.4906762375765294
0.47960889105586285
0.6325137036213665
0.8228412419715452
0.5338816248191789
0.29499150735959845
0.2765019927344151
0.48169050042634987
0.805170808572971
0.5708696060916173
0.39792313750346997
0.42609981421531634
0.6095585899222467
0.7747047642518189
0.7146353017990986
0.6701076314578288
0.6920236840977204
0.7913715280460738
0.8945200381367254
0.6740452362428694
0.4822884534384127
0.42235972016011875
0.5521611731843938
0.8740785069969144
0.608422163757688
0.3505423801605469
0.3134688197797987
0.49641088937174027
0.8541054932085459
0.6086880410300053
0.36248207598833254
0.3600680242215157
0.5646857724317781
0.8979951786290329
0.8096791983415423
0.7092752535567618
0.7171889616064007
0.8349016436991943
0.8634462239479836
0.8085199809812957
0.6092851620795854
0.603518430802757
0.7358024278745464
0.962306905175218
0.924197122352772
0.9751280864935761
0.9376000796737732
0.9393985148521086
0.9711963294153728
0.9286499009820641
0.9632623204141159
0.950777904244745
0.9361914827456805
0.9616843613601083
0.9279640189961219
1.0440689889368497
0.9655992991438064
0.9282132792895937
0.9572839433127629
0.9296785912414892
0.9670717065366544
0.9383710925633362
0.9390952565894645
0.951347083277823
0.9325721984642861
0.9322141364520506
0.942293631762472
0.9753071173034554
0.853892664977227
0.7570891749289942
0.6481657938242736
0.7404003962152302
0.747110530241931
0.8609315979320118
0.7465502653218274
0.625258874491528
0.6279314914511919
0.7020861809712745
0.831571901334697
0.7362277809227468
0.6266888044943448
0.6210861233405115
0.6883972212455377
0.8205127426339531
0.7729074894386231
0.7425580253398955
0.7663735702545248
0.8245732170045128
0.8323553993949445
0.8042548717839935
0.7996086528198315
0.8435809936495059
0.9224516197672128
0.7643983332868844
0.5829695106926688
0.6510830857599677
0.5786551400574598
0.45493852962581516
0.7760350792970632
0.6098616881102471
0.6240623827744299
0.7091248724635015
0.5982077363951757
0.7544321952440225
0.6626187715220664
0.6005553190316124
0.6034206830368447
0.6368988411706389
0.7041860370776252
0.6673951277092925
0.6716192519364377
0.7217234669103125
0.8082379650308622
0.7269859657881558
0.7068355351943943
0.7229160036116855
0.7673610698050451
0.8175207842417406
0.8399064056059189
0.556196140773327
0.4339833216622246
0.5318143934242485
0.6869205362351258
0.8377553920486459
0.6563610571573392
0.555490498456294
0.6416508498599575
0.7537827574395174
0.8790346548342828
0.7586533473973583
0.6735620331119372
0.6861503635465184
0.7763898666018163
0.8352830558383091
0.7715319824369866
0.7428336629978641
0.7864615744485636
0.897710784733259
0.8170811710601189
0.7203807063016442
0.6901119281280544
0.7539030527906401
0.8366200690220266
0.8790716094052329
0.7236678590389689
0.6869852890151233
0.778969570018164
0.7404938991941712
0.8828918007956117
0.8055235593759454
0.7768103341930925
0.860426307095014
0.7934503976305474
0.9154252653215298
0.839373362284184
0.7728351718950752
0.7716141076964739
0.8280523183644114
0.9095473489693711
0.7957157565084451
0.7248752784797466
0.7356661633782949
0.7961326964274948
0.8935203272239096
0.7122985811094924
0.6129121827974897
0.6230768196198826
0.6623042112222497
0.9803387714173707
0.9376380650141736
0.9473159168422493
1.0168471065009266
0.9290345089290202
0.9877170066209424
0.9477974815151453
0.9540678944611218
0.9843996798003926
0.9338519365819629
0.9656672034080351
0.9419217486734703
0.9315394419999892
0.9350047849596259
0.9523501760089208
0.9672410085962104
0.956000439959033
0.9366387661386361
0.9268324809234567
0.9272787012040143
0.9813888546140855
0.9699240146245455
0.9410958658721985
0.9359187105270018
0.9348490966658566
0.9320983387597077
0.7754127621050647
0.6423431990086268
0.6371862079519878
0.7356394534328353
0.9176712750423142
0.8134468699461919
0.6994571972565358
0.7919190147627908
0.7347549953112477
0.8713724599937602
0.8416076059951166
0.7267032098863018
0.6931257711662734
0.7001437251689253
0.8497476041513262
0.8199441739201286
0.7732251615647886
0.7739287366976312
0.7860800953781127
0.8855335700937697
0.8452558337403983
0.8092435702948312
0.8464910488664122
0.8515684891068054
0.8705125051686259
0.6597280974339508
0.5740959122227346
0.591213542438758
0.6303722919136349
0.8608370380875637
0.7397274287374629
0.6036760280012372
0.5520177961805459
0.59711733431963
0.7906311874166987
0.7829441685180206
0.7184574118377947
0.6653722318293738
0.6432657451561286
0.7253724243493274
0.7235948589572115
0.7443682530099506
0.7785534293956493
0.7541027371560561
0.7464246538636615
0.7026214400880295
0.723354283392016
0.8039794406569193
0.7984578949147922
0.9432102249357708
0.76474671800348
0.7225326185838988
0.7624971629659336
0.7666235653053669
0.9609638023724082
0.8942051243642624
0.8390681721276458
0.8257456763648717
0.8461265281176463
0.942723342766028
0.9424570586471763
0.912738553252936
0.8855074191808155
0.8625037925414962
0.8319306631675318
0.8115323668356232
0.824245641171031
0.8680166252639255
0.8653101880794142
0.7922665355786812
0.6779917109755538
0.6652185996025891
0.7771602885672532
0.7792861787945056
0.9798485042252465
0.8990532874204579
0.8264548072712898
0.7829965885474889
0.7803080056349345
0.9827658317660674
0.9936144072261515
0.9989740005369303
0.962412176214728
0.9481568519368381
1.019077993494131
1.0147612350123976
1.0045327660670802
0.9911485333907489
0.9800091918010535
0.9868967082034962
0.8818941778525883
0.8414940004677215
0.8377347874884027
0.8494825333454378
0.9170649169142658
0.7394453930242093
0.7138035013664108
0.695462593216302
0.6285331204102217
0.9835692262860586
0.9395310776345916
0.9357390528489018
0.9761316819822609
0.9223944454146396
0.9913003110320149
0.9527924246455345
0.9365172040663596
0.9545411761244618
0.9307135826175074
0.9805362868109593
0.9584571508723391
0.9389400362534069
0.9351097425172704
0.9491447787422014
0.9736513635314559
0.9510205297643878
0.946984170005926
0.9549545795595777
0.9695548546370367
0.9888270403785941
0.9527174440030411
0.9354137787108552
0.9367658618730372
0.9549265608269544
0.9393015333924223
0.9424257558312304
0.8987707811164043
0.9409099861317831
0.9069641706413467
0.9110759107545626
0.9062706517066922
0.8641637179126113
0.8485322804689014
0.8347180659291029
0.8884874213843702
0.8631584101040141
0.8364992750102139
0.8421226710744483
0.8600884049169782
0.9149841804036204
0.8123914693401765
0.7502084950352954
0.7464008580990495
0.7710172454500118
0.9604501309694098
0.8137551055990707
0.7475724159830047
0.9308471917172368
0.7222259441977105
0.9004126700906999
0.8453656176959861
0.8160706797798853
0.8143985331897936
0.7482937917369372
0.860091944335777
0.8267098091479803
0.7706924108232682
0.7362066100463607
0.719720494312595
0.7790450174468072
0.6657139972980958
0.546841360650814
0.5235378829683817
0.6070860859002473
0.7777761005629742
0.6106859820978582
0.4899729211761609
0.4402297123433471
0.528814454537823
0.8382667417232987
0.7171689811847206
0.6695825421172829
0.6085361402824097
0.5604804505578899
0.9688666918202524
0.8977284009886529
0.8263150564815411
0.8147627048263743
0.8373941787119523
0.9765843456485986
0.8439576797920758
0.7265336136034745
0.7239722043496744
0.7833806033101539
0.9091134959954327
0.7716431882340306
0.6959439344211997
0.6178656528500511
0.7022606674131623
0.8547078251995116
0.7750027498300602
0.7033055848511578
0.5300341535022457
0.5132086116042263
0.846838985027519
0.8100068239491579
0.5814121591131867
0.34096069215950986
0.3344854264291274
1.013028316574369
0.8677582792457489
0.7781295229398555
0.7837385550875663
0.8604783773502102
0.9969961050946716
0.8451089580343882
0.6396316744269156
0.43484931681700634
0.5119233148732507
0.9698074171022594
0.8802404465227405
0.7114168506173968
0.5374253438863092
0.583328211947053
0.9523885834148458
0.8758278817344675
0.623259606377884
0.42288842569199675
0.43578509905565854
0.920861280766569
0.9190945264925571
0.6852692592113725
0.5285417370916131
0.527361925959434
0.9824489157272944
0.9660533021568265
0.935884156474102
0.9358902251671329
0.9329682970574864
0.9892164555668986
0.9750008169593608
0.9430778035728004
0.9352811506762991
0.9366441575242572
0.9811453048066112
0.9599585268237899
0.9325214315598352
0.9407733404066371
0.931628314485141
0.9791952963148274
0.9476284517423291
0.9258671517291469
0.9335634386407358
0.9298980844419257
0.9913751840051702
0.9577134351547721
0.9358498943659956
0.9437972315470035
0.9306128924156636
0.9530135233829948
0.7932199611676203
0.7227691731585538
0.8440857612252063
0.6954376491807627
0.9263756173453112
0.792885501007772
0.7140342729519055
0.762870105726777
0.7144308455316064
0.9023686213283935
0.7919387024998625
0.6771134277297038
0.7298857588656193
0.7238252813774034
0.9107800584602712
0.8382792025073308
0.7430015152253046
0.8375796407677866
0.7791163056617637
0.926318433451455
0.8925640927608123
0.8219349504781598
0.8126777457550772
0.7907620770040591
0.9062192499569275
0.6690214553602696
0.5304111804627758
0.4537157268693526
0.596246658427255
0.8724775755653703
0.6393219655740424
0.4846554097198331
0.4218868053618762
0.565940419747375
0.8172158022232147
0.642190508547466
0.5317483969058743
0.5427266347458649
0.6159076573202469
0.8088005862823106
0.722495484639124
0.6813161208061218
0.6820463703001447
0.7091509438765976
0.8485918261689751
0.759853292626001
0.7001649146938539
0.6855251731724409
0.6873092977484687
1.0062579462096948
0.7960286584214549
0.7901223540276755
0.7448927693788083
0.8069082256241195
0.9709257081072724
0.7559547257627616
0.6072496466925054
0.4582290543868248
0.5761415021635599
0.9357115927006203
0.7961652363748599
0.7359883115592759
0.7931937211910605
0.823911290259308
0.896300130028799
0.8094977155207917
0.7923306609756431
0.8247268414387309
0.8773653317074355
0.8951847348695277
0.8169420514451907
0.7589233534167131
0.7527842840773729
0.7571985755982402
1.0440497998832994
0.8189016421070682
0.7026191432437889
0.6329731699230463
0.7286044234152811
0.965605882361973
0.8390061613654802
0.7060300036679292
0.6428240474276176
0.688350407455252
0.9534542405764995
0.8674390962235338
0.8302608700783282
0.8792432360885295
0.9666260856283249
0.952298133961026
0.8591034174191902
0.8359068151975799
0.8806333969181838
0.9586712647710841
0.9616937600808794
0.8051153534010314
0.7115749514727712
0.7146272224925243
0.8072516009155393
0.977852092867396
0.9569410318868724
0.9258434250382647
0.9619880657971299
0.9397207676684243
0.9832636920120571
0.978212500967017
0.9611391646811156
0.9519714252820125
0.9528198459644909
0.9833182612990777
0.985279464268862
0.9786391397046021
0.9657039871774536
0.9548492686018837
0.9636690136994858
0.9546260334902203
0.9420555363311722
0.9424353355947123
0.9308385664056088
0.9850301839851714
0.9701828596983202
0.9274085391365129
0.9357738157489323
0.9345152723189454
0.9290362112542048
0.7717515183980092
0.730379810869992
0.8199586535343537
0.7029216781553819
0.9160174734215962
0.7731192112783296
0.6810981891599526
0.712457290442031
0.6868276444473315
0.8753658553740487
0.7385982502082965
0.7002778813691869
0.7401300698087981
0.7280816986633514
0.8757081623162377
0.7176031669992897
0.7402392804435745
0.8287986202406156
0.7286147361892772
0.8853463739130443
0.7164206127814133
0.6962996894247432
0.7110807968367479
0.685455683063255
0.8554094719947868
0.6604506875454804
0.6034497055646652
0.695498159953577
0.6793910773669738
0.894969300884119
0.7104180492613967
0.6134121549135779
0.5979503566424494
0.6269857182303343
0.8587652547701604
0.6650038903269494
0.6391445370815957
0.7327451385335576
0.673862002780303
0.790549762088791
0.5796086629618398
0.5660055745067027
0.8059799480376872
0.6312419318512641
0.7854147880825482
0.5822137409439161
0.580728017686587
0.8144875707803527
0.6736644450520296
0.9512510126656708
0.7886711126472894
0.794397731583639
0.8026285284665556
0.6851703551829921
1.0109141308507246
0.837311717700802
0.8186331157230347
0.8598343884410325
0.8093235315873184
0.9849448634989506
0.7959296808506995
0.8247160658960226
0.920906309411904
0.803759764348273
0.9245030176336875
0.722009010316958
0.7302998251719188
0.7767567044782497
0.7057340691784655
0.8906939031748891
0.745668741085498
0.7886040297102175
0.8504905086623097
0.6574559318396763
0.9743383913992666
0.8243191094760567
0.7095881662699095
0.5799462597155468
0.5650259531818668
0.9833328251057419
0.7573915288372857
0.6821262743123928
0.7329795314151867
0.8151699904214011
1.0375933268097248
0.8095158479828997
0.7521928622070898
0.690839481085028
0.7837252177095736
1.0001805124631133
0.8231849058887067
0.8038317480417134
0.6749904605496718
0.7751099631924412
0.9581897793960144
0.816214241341625
0.7890661468641721
0.8281452332486982
0.8418424858358811
0.9770456573857139
0.9478136747442926
0.930204303544182
0.9865200848440973
0.9333990948839633
0.9865457007473958
0.9627211677634052
0.9282225835084621
0.928660902942234
0.922656958248704
0.9822887633645851
0.9629198188378
0.9485559134202801
0.946166285445333
0.9549680614604753
0.9732069447329103
0.9458947372285912
0.9245095512831445
0.9222747468945356
0.9292228935142817
0.9802056808449606
0.9482832743917887
0.9313232697608144
1.074758395734124
0.9525324195367738
0.9540370920808501
0.828694643782056
0.741675773270249
0.8033870725090154
0.743179354660496
0.9303729454572829
0.833698892876343
0.7519917549274436
0.7381585208084305
0.7795975484695349
0.9309998138468025
0.8550005652053458
0.7559301361620295
0.7099255018966635
0.7273238789536353
0.9250960227206001
0.8619381031472341
0.7779612594931048
0.810637446161044
0.7318500019510883
0.9375637740190991
0.8244219133393343
0.7592569707820233
0.8773464045633576
0.7946509815246009
0.9077537683294771
0.7285245180343639
0.5601475881768246
0.48929682688392184
0.5596887936068129
0.8696256400584905
0.6894922222197298
0.5456800086410345
0.5187382340970508
0.6233101626284021
0.8459369092818705
0.7240819856763993
0.5259465751370427
0.4205458070039531
0.4936726182249803
0.8448108476311397
0.7876085942152876
0.6271083852361697
0.4988555966133754
0.4642026552181164
0.8704054754367586
0.6937066896264148
0.6363936945654761
0.740021934801842
0.6384275596266135
0.9887257149484949
0.8169410904302706
0.7293315875705144
0.7354392483065136
0.7416269446401282
0.9482394792071288
0.7692522378325213
0.7125133993819909
0.6831042974408318
0.7254697460408812
0.9168692215493872
0.8130241597670184
0.7325748467989318
0.5241539853998408
0.5569052707633904
0.9057799148823484
0.8777102232596573
0.7118194681479191
0.4385175787232061
0.3980698841597749
0.9432492313082473
0.7324564289744069
0.5869818167930337
0.4767187554589546
0.5742380728073295
1.0263733922592861
0.8323402053812424
0.735369865692368
0.6967368587102235
0.7901043573222919
0.9822514393938351
0.7991026960733494
0.6316143027253693
0.580959068225829
0.7370224470280119
0.944510978891541
0.8296686672811616
0.6513068413039691
0.36503170168678734
0.49828900034488316
0.9297220959636427
0.8639850037706023
0.7723964108913401
0.45728117021730047
0.4288689053152743
0.9660363811813274
0.7683430136146335
0.6817712259437751
0.5629807632219176
0.669298315763363
0.9376798338219503
0.9553358515993435
1.095406139433718
0.9320984830681873
0.953585382065652
0.955225811493022
0.9471202253558023
1.057759697206863
0.9494044723897062
0.9477432116050136
0.9392149743111257
0.9299429612648136
0.9546142265586705
0.9303075697998687
0.9403286170193376
0.9370520515558323
0.9307367184799623
0.9334698219676162
0.9434525841635935
0.9500010188736748
0.9427311983333224
0.9525126110749113
0.9735008608834274
0.9764104157050619
0.9515940181615433
0.8300648922302909
0.7920130971018652
0.7246981061617921
0.7637608299176297
0.9076997187506644
0.810304306356146
0.7826013459246892
0.7815939276364002
0.8837827428108813
1.000786255954171
0.8082377038171228
0.7396350934868476
0.7340857072135734
0.8599544565642085
0.8931609381627537
0.8353424474598892
0.7619255182183289
0.7352181546567073
0.772988575600127
0.839621363010004
0.8375603325127441
0.8128954529463586
0.817891073239734
0.8566411361831757
0.9180508560738805
0.7497565908742934
0.8246220361352274
0.8968654633369586
0.7741413898005686
0.7891169229265358
0.7184458095707669
0.6603498342874208
0.610469886336091
0.6162083548460714
0.7741013350275913
0.6781329957410707
0.6053201952760016
0.5334376110565201
0.5553725456132828
0.6854115818916414
0.7075265265044872
0.7150000376115877
0.7014827131191823
0.6903615620578746
0.7482014819312808
0.7472415153839825
0.7636420613263972
0.6948623292719337
0.643483680336959
0.7774245873033214
0.8424606701750399
0.6821862155239975
0.6185748449537947
0.6823215451345995
0.8576777017138213
0.8269143369286485
0.6984849179867035
0.5733457553455265
0.6167072897429247
0.8039821402268258
0.8267473063013346
0.7114325609160854
0.6646264460367213
0.6911875542712327
0.7980049299948573
0.7910618652698717
0.6511136351231317
0.5452564124919086
0.5905725729509534
0.7542416140569921
0.7886491323242023
0.6098784038516178
0.4481916833609091
0.5490006253518175
0.8377506076380944
0.8731544449691637
0.6967581474626926
0.6138710255090216
0.6760134781808942
0.883352304815748
0.8831724644367549
0.769832590337132
0.7312114068265826
0.7601912850063209
0.8686546263004116
0.875419870129344
0.6879886707876404
0.5832913116266624
0.6275981873089663
0.7779224461597679
0.8488486247713704
0.6529798627800615
0.4816223553892436
0.5771516776161182
0.8163658777849987
0.8254040184452811
0.6972733568540987
0.5388827917411113
0.5653510260048196
0.6947326331578735
0.9428464017502024
0.9262087605208665
0.9414396793279923
0.9267752712714685
0.9549167922017643
0.9514313607500221
0.9357845141868677
0.946239227693905
0.9351447307875921
0.9512808434656533
0.9458766560465088
0.9281323346670013
0.9916617304715497
0.9828980032136059
0.9307736043005789
0.9515637353014474
0.9260748958760706
1.0313463319771965
0.9999098808837359
0.9329633358122476
0.9624744590717975
0.9362815813196602
1.0314065881623506
0.97187389975147
0.9398042272274871
0.824653634119369
0.7555694321041313
0.7111071949076516
0.7193602753153673
0.7519509420170967
0.8105221919902649
0.7112876590927073
0.6293469640358726
0.6283414005926712
0.678064023968909
0.7865503133856457
0.6661756773162857
0.5751000334803325
0.6313579249610267
0.6731602936499113
0.7680853184728251
0.6453983938225042
0.5701099431736711
0.7644696930394987
0.8265355113999001
0.7741219671295977
0.6991417694066656
0.624889672852744
0.7426840991028394
0.9641567610317607
0.7456323947281107
0.5975527466154521
0.558073476534452
0.5388585844510955
0.514352109277505
0.7296144399653776
0.5506045274368137
0.5679803752094486
0.5657899704319401
0.40959005581259184
0.7136008143391942
0.5015353250176897
0.4937843318512982
0.7289970710309038
0.4764262155404438
0.6710539385920955
0.540460737966022
0.5309319966874538
0.5679640601296949
0.5159099157985807
0.6454806611766861
0.6598826443975437
0.7617332873549849
0.7236755971533962
0.644376950365189
0.8312391391171596
0.557155864736439
0.4478772434660017
0.46838510616569196
0.5226170354844952
0.7825124450906423
0.4371689276790038
0.34995173877800023
0.7780540171563839
0.4777312028993613
0.7810592512602219
0.37050103332828377
0.21495164829236105
0.49915205247902633
0.530556360224385
0.8203631263345331
0.5621554678620062
0.43604538145803673
0.49532008741659417
0.5811499973959696
0.8053878613820389
0.7320739768032978
0.7490621856353342
0.8488641877679961
0.839471463062477
0.87817253578441
0.5743393156237174
0.4413504305198782
0.7034034472145401
0.48164038226719724
0.835313204201203
0.5077617874471391
0.40329376092021874
0.5970947257833112
0.37268588806646086
0.7967129702613551
0.5421506621394331
0.37888445504181517
0.3784487170103524
0.41131814200806366
0.7941259174758915
0.7066598269382923
0.6708187527696731
0.6836267666210972
0.7069448220431335
0.8791177322363738
0.7765402957599412
0.8178811699384516
0.870861092628373
0.7840735800520373
0.9341399180529891
0.95343687337558
0.9487875747247111
0.9338106807114339
0.9364027244752497
0.9403088950057348
0.9361523706694426
0.9435800902822228
0.9456598355287894
0.9393620075306504
0.9214692599177405
0.9319967618980965
0.93145002929651
0.9477037989385967
0.9664223800835546
0.9256464267855343
0.9631494611506842
0.9934310602430217
0.9243833063404066
0.9607147996151727
0.9445825987367684
0.9639150859596568
1.0706520819444674
0.9423288209769084
0.9553959099140004
0.8503449420754527
0.8006155036970031
0.798204368443875
0.8426671013981664
0.8792963683491515
0.8762978817163226
0.7980552073820552
0.7521428571924144
0.7562274467195669
0.8006807530019695
0.8441720950297374
0.7610386609948985
0.6762999817987457
0.6909679533416176
0.7667423200862764
0.8299553912900588
0.748094693371773
0.6744866329218634
0.6947187421334553
0.8121688495853437
0.8157856927980127
0.7415635222702324
0.7076928730718783
0.7592048940544565
0.8122552957330083
0.8021349906225181
0.6348800519980684
0.5566950118240752
0.6254655551150952
0.7552482704203559
0.8216747328765073
0.6560205077585204
0.5659419108201257
0.5818959658019552
0.6532295785576369
0.8435090671156075
0.7488961346125861
0.8405503002460706
0.6608621282139668
0.49090035693657613
0.8193643958484091
0.735798104649764
0.7294413541999194
0.6089582320336319
0.4424716708566482
0.7758514058096936
0.6672402882115502
0.614953366414776
0.5035421934813895
0.37526998870617856
0.8767738358315881
0.5657031704299791
0.3386226660956619
0.42987495827376176
0.6204748322404037
0.8533333956143218
0.6106311695654558
0.5133985087814832
0.6121550527825665
0.5495650567174798
0.8790960324934706
0.6937451918979147
0.6974022585159003
0.7594073965976846
0.6841081578154669
0.8770011051654102
0.731551315927936
0.718804738649742
0.7017906140259793
0.6635442928430098
0.8593540511607274
0.7209769364995898
0.7077444172360131
0.5814775624791924
0.6265140671958613
0.9246361803976788
0.6184320227138311
0.40761181816688613
0.5684000623746402
0.6401110593671623
0.8935887087541621
0.6974089375635805
0.6774384476416877
0.7681920717506171
0.6125335759130875
0.8939967167347759
0.7676679826084365
0.7217137260678416
0.5645704863176593
0.7128698474631038
0.8931412707514211
0.7965972770016925
0.6534751820575425
0.5570858318131324
0.6627943550994555
0.9160444769912346
0.8043040853007009
0.5842440284567402
0.4672600821847158
0.6153060338233697
0.931545727862936
0.9431198172516462
0.95400316950964
0.9539184462230232
0.9482501863054702
0.9413632161701102
0.9434396139962349
0.9366728016590857
0.9363298257239445
0.9507097889042264
0.9281738592422346
0.9471110520100454
0.936896855286283
0.9395180106295772
1.0055744467916103
0.9176024843653813
0.9503336517214555
0.9497915821010045
0.9339021482674271
0.9962944412128473
0.9330098449394294
0.9664279179986159
0.9646268426538398
0.9301651688010247
0.9697926622606811
0.8949815707737548
0.8540567417968119
0.7983173438800022
0.7681809282560385
0.7627941542872316
0.8699952148508292
0.8615222217501766
0.7829993348244192
0.664838948227258
0.676987800135006
0.8582737518019178
0.8506378971584216
0.8207891930775523
0.715025975759732
0.7057754053202051
0.8654813056420307
0.9116884003154602
0.9120056394369774
0.8061209177912279
0.7733647853648312
0.858676622376013
0.906933714830656
0.8965171262839855
0.8356802418907281
0.8067092271367781
0.8529239805673471
0.8106117639014792
0.644655442324776
0.5600631953421
0.7202314248964006
0.8478107088485073
0.7980897062121403
0.6259757497366994
0.5057774137191287
0.6407738192667924
0.7998379238544318
0.8046463039922137
0.7086336336775841
0.6599187482054959
0.7941398745708269
0.7959657209961625
0.8140184492455513
0.7513984350907205
0.7123541374050988
0.7725307804450734
0.8091916206553171
0.8570908192962077
0.7286894720526986
0.6227163034521711
0.6206785743900133
0.9451509970992922
1.0109441602843543
0.7100140690643602
0.4713418793747944
0.4422921064564889
0.9692284142133278
1.0005187494792334
0.7205550997061733
0.5661591922408198
0.5751857681531365
0.9795796123842698
0.9974484362332179
0.8240492833253893
0.731261369436042
0.71162826746329
0.9261202355063871
0.961545450767569
0.7602525653641615
0.6312379477381185
0.6283144368432159
0.8931331731794405
0.9139429401297913
0.746232559988212
0.6347041515392594
0.6265248530726802
0.9773701740550621
0.957158433711843
0.7522138611445239
0.619405294638218
0.6076834070438265
0.9479254447400769
0.9887579012059187
0.8028302366505601
0.678409219198517
0.6428324605180887
0.9619211407290461
0.921121489116005
0.7179620084216598
0.5915148159370345
0.5811844819620738
0.9990752537892242
0.945659002793742
0.7565789809627704
0.6584541501053829
0.6601385033357683
1.0071756107301528
0.9011757358003515
0.7472311765130449
0.6804786666269854
0.6998922347790222
0.9305775166952909
0.9598093220898506
0.9485929951751415
0.942858993479881
1.027853013850935
0.9504008680092987
0.95542761997831
0.9242500465793041
0.9642792871564567
0.982528964950729
0.94972023747662
0.9483097259498158
0.9379469895686652
1.0503415819424018
0.9972367983162226
0.9303117493612897
0.9341154337071456
0.9258635684950081
0.9239116870145148
0.9245756992495983
0.9337013502605033
0.9513958306730204
0.9639103275165363
0.947465612788879
0.9276201211030761
0.7964698308022222
0.7411105014619698
0.8221626365558486
0.6698512416184947
0.6616909754464753
0.8033586404313484
0.7900576669000772
0.8871759745835184
0.867245335175982
0.7684836632707464
0.80562185928225
0.8026140190392378
0.8555525929303319
0.86698476792792
0.7899556894767624
0.7888043114152328
0.8221138241173888
0.841326133866327
0.8209280369627551
0.8046320536208261
0.7594100278275712
0.7788456464772222
0.8557546820556133
0.8055759959519351
0.7337187034915925
0.7192737290353862
0.6851715503388545
0.663514690490984
0.6993044784413718
0.7776092904604581
0.6976998256555625
0.6856424539573177
0.7007287823736009
0.7815556224726141
0.8455780646345563
0.6722110040897555
0.6923927933183498
0.733737923308498
0.769993437988259
0.77624013055149
0.6753535084587454
0.6754310487925698
0.7373043469100119
0.7740678411685867
0.7197552684248752
0.6897791734252067
0.575425903794748
0.6384346940994519
0.6514927955096462
0.5806258057876619
0.8039757381189111
0.812622576202437
0.8383816691243916
0.7936312897842303
0.7511473842028114
0.8008456269988932
0.8066633471206383
0.8405600785572386
0.8182249183415984
0.741545299845734
0.737795396644837
0.8037590878323186
0.8711408325039223
0.8878214730853335
0.7773421982613843
0.7322158087241191
0.7401742375424636
0.754537263165675
0.7825290318247669
0.6324503020468062
0.7783648983408
0.752884006961299
0.7180375166251256
0.7232891529901777
0.3794517885127785
0.8486150797426018
0.8545594830418566
0.8380958013567466
0.7795010950825819
0.751952049310272
0.8193971689018522
0.8959529384720321
0.872186312486929
0.8674846190702318
0.8263138476155437
0.7868964879149589
0.7433173190624139
0.7180361605155003
0.7788270622816015
0.7505757019820121
0.7302661904051252
0.5852681597491879
0.5227335062782932
0.7347165873909454
0.6805729233366282
0.7512265240439389
0.5362032357399455
0.4120057746490032
0.5926890294592152
0.40798425489430146
1.136121987534427
0.9551858656733878
0.9367745197372924
0.9604482701525452
0.9429102641415531
1.086065493119145
0.9378281562743975
0.9645801556934457
0.9946812954380579
0.9509746123723529
1.0783453167733401
0.9362781481111272
0.9560373111518758
0.9723206400898775
0.9327310959548851
1.092030566725559
0.9350844823194111
0.9418883557633893
0.9758974883852066
0.9497486279253051
1.104569501351593
0.9605784490268439
0.9428743977503229
0.9864483481969223
0.965286797522306
0.9841594234327117
0.8377702018878186
0.8282234207928529
0.9106391556638308
0.8385519721048917
0.9636170658593183
0.840366767669899
0.8172691750077441
0.8718081468519693
0.8170853800021891
0.9622880309241966
0.8479041059109835
0.8122282764001376
0.8589869887261313
0.8151275509577716
0.9509068513766081
0.8099030938585339
0.8000515928963301
0.8892240373487448
0.8036745498975477
0.9329240198395287
0.7732320994467704
0.7806098689638414
0.8363891002257051
0.8070221654652121
0.9323423804740377
0.7303634818353373
0.7555936369275709
0.9164042559718116
0.7492422637390482
0.9028959239203599
0.7050582911357721
0.7142155808426871
0.8580762626853834
0.7226263884220828
0.9096800620542772
0.6669817789168703
0.7031675818104781
0.8691928381965045
0.7185972278758608
0.85892209566981
0.625054636588513
0.6655481110417232
0.7352256195496174
0.6690761394394241
0.8579664254954088
0.6420693473706662
0.6476669901155551
0.6884988543872675
0.6654713449119878
0.9215360928725879
0.7765555665393361
0.7534020937812194
0.920768884794804
0.7493045442694664
0.9058845049388117
0.759062258715663
0.7208379196658208
0.8662111993626215
0.7218849725597487
0.8687074292718823
0.7831635380336074
0.6895399280121376
0.7074037328092281
0.6542452573574667
0.8740104437924723
0.742985054758159
0.6462968692591463
0.6175222777920244
0.5949336583949942
0.8866958433685729
0.7138823032425147
0.6780633973833271
0.7179656025050151
0.6974080886834211
0.926911623722932
0.7569814488413339
0.7344990339010401
0.8613501968880787
0.7288721283300761
0.9168614834483021
0.7584678987243457
0.6921090611049107
0.7109138371792855
0.6894470517647273
0.8796274692703568
0.8066997793175831
0.6852368613319614
0.634949954910793
0.6183492824800773
0.8713091237534172
0.7697354525267718
0.6556101821209402
0.6327999524683482
0.6085343968079818
0.8814700567442035
0.7304048132901451
0.6872773636064723
0.8015795173699095
0.6971320066622887
1.1029076085411753
0.986017285586225
0.9397129141442512
0.935772862074614
0.9411074351429154
1.0735764910731265
0.9764653914000051
0.9409090784762556
0.9341562053594289
0.945830561549949
1.0659481036983494
1.0136900502071138
0.9982935536822852
1.0137363322443107
1.058758402389124
1.049592162426482
1.0557079054233642
1.0254319269348606
1.0026031611300683
1.0001621391299345
1.0453202427889152
0.9642158805034183
0.9314262179424043
0.9337911381332076
0.9284308695734655
0.9241985930637205
0.8433346192748241
0.768792817782663
0.7491705337475153
0.7540775126850466
0.9383898423566807
0.8838451837787384
0.8381919713484229
0.817545176282258
0.8157211157696873
0.8617797947582884
0.8329168460592983
0.7944913124092486
0.7810558222251354
0.7961254811988646
0.811621521167215
0.7018108977006722
0.6863277315116942
0.6899998845407858
0.7068006513321309
0.8535900523849194
0.7143342101135878
0.7405731287195991
0.7855770574637791
0.757604286218881
0.9302463255944278
0.8307403180085772
0.7642793968075378
0.7390265046021985
0.754020240804814
0.873815200173078
0.8027056054850804
0.7670720498779556
0.7703520471812575
0.8073074046463532
0.8130326610050301
0.832557149819453
0.7936483674757076
0.7334780268952528
0.7040726169513508
0.7541088316312393
0.7492531030829178
0.6198037772582693
0.5981233715799487
0.5779756568276042
0.7554154550174896
0.6746429306929635
0.6559507023697503
0.7596000419839308
0.6601422774074174
0.9220040849601779
0.8600273405346679
0.8136080124492517
0.7998826523545568
0.8229186759432128
0.9164581748017979
0.8773637357342337
0.8337994213019423
0.8138440691404123
0.8252682975668864
0.868656874524384
0.8059878941448653
0.6940083783075568
0.6380861835570549
0.636465031836905
0.8091818339799358
0.7055264614238971
0.6203395091013295
0.6452739129518855
0.6051122973287827
0.8262807599682279
0.7064154032607065
0.6614271827958197
0.7934469804336823
0.6935338752097491
0.9294469527149021
0.8290626788919798
0.7722557809621977
0.7541526566813324
0.7820485277856829
0.9006552200674093
0.833016747603154
0.7795305287441603
0.7655410344618953
0.7850090440637756
0.8625658370894125
0.831872854119237
0.708651081630271
0.657486255229714
0.6266761144273381
0.831238600359225
0.7789543433528477
0.6775400944867254
0.7131521179244796
0.6366516546238807
0.8647285259430711
0.7613055929524774
0.6905090530056054
0.7538908457938572
0.6940154919599284
1.1176415214000446
0.9420687668422675
0.9598471472153847
0.9923931980115551
0.9481287314725227
1.1032942230836682
0.9458889921463266
0.9409165931983996
0.9473915117445156
0.9251268503221848
1.055711168704571
0.9861942482265253
0.9524030227434653
0.9413166229022927
0.950147397527888
1.0294764184166436
1.0908446466600303
1.103322986208959
1.037304153096533
1.0028513563327648
1.0216889342110078
0.9993235788592103
0.9641777255131391
0.9482736424582576
0.9527922205118146
0.9997227325662447
0.8626126656201464
0.8587359208659325
0.9156828217217882
0.8709363234172013
1.0292611369767535
0.8884643707256181
0.8462915829905293
0.8494502205972815
0.8472593151213811
1.0193468736365048
0.9846451790165026
0.9559856149030339
0.952497179612201
0.9639678270942823
0.9848834969730826
0.9379902669973096
0.8888761484981187
0.8676561017320741
0.8820387167214485
0.9938460808137074
0.8884904264081862
0.8465398141669038
0.8447356899594645
0.8578796565877893
0.9711986427508246
0.8056617588055778
0.7738384246613363
0.8081895265657392
0.7872999949345107
0.9750222157269405
0.9019104493429864
0.8249851315729304
0.799153035520908
0.8165079852321502
0.9597031975358128
0.9302412421492873
0.9018395434319852
0.8918132492460127
0.907917630703866
0.9042805124941917
0.8099175134622612
0.7671056458347889
0.7698099100576365
0.7810961020696051
0.8915656122743196
0.7677074437072917
0.7566854959692008
0.7673032228745654
0.7600509230264454
0.9540786356441617
0.8456450137136297
0.7768195675293136
0.7637367625571315
0.7813841546421482
0.9493367345261392
0.9245884719638984
0.8986921659916928
0.8805813519430985
0.8801240121615885
0.9372935195737171
0.8575749106386868
0.7912207419614301
0.770481929911158
0.773462592821505
0.9096181722450962
0.7973733735446642
0.7522435213469089
0.7525958867831327
0.7488190051659218
0.9067242448899019
0.7705452404531399
0.7434119870684016
0.7637745035014252
0.7473596830550034
0.9435753364043412
0.8893900117887958
0.8607931986288119
0.842718123474662
0.843082356092337
0.9407340654154851
0.8471055092435544
0.7826867549880198
0.7558949266633713
0.7553704121361002
0.9182568155435081
0.8110040874499327
0.7432615859593328
0.7377232617196222
0.7277353720529336
0.9099033374690012
0.7924939742685504
0.7688420021633595
0.7982869276469602
0.7644246367457282
0.9257925229968098
0.7812655619403274
0.7487336848854704
0.7737091684667201
0.7550350486983752
1.1194798354354631
0.9533185209054763
0.9502326003780461
0.976646897861657
0.9396052622933553
1.102413597899154
0.9625278783887203
0.9329433229913373
0.9671918819983601
0.9494207015679758
1.0870759638972545
0.963436777838863
0.9443346239459895
0.9755490453717394
0.9467737930108453
1.1239273531996965
0.9610757976820417
0.9477154029266998
0.9585033670653114
0.9290012517528559
1.114069959375177
0.9537743773335317
0.9436404061979955
0.9627369827312722
0.9362333659175232
1.0467446931500295
0.904080028203303
0.8746017054861953
0.9100992766505775
0.8753012673175685
0.9772397577144826
0.9371083302008401
0.8848259750257135
0.9226256874195066
0.8701384829266893
0.954012225521177
0.9536151836257312
0.9005182184678016
0.8981113998710055
0.864934198694209
0.9916365710618846
0.9664926795569504
0.9125313550895264
0.900901687284728
0.8994292284079491
1.0082349821758942
0.937506913065783
0.8942849880310058
0.9018399371465672
0.8814452172218689
0.9738148264023703
0.7802733195991984
0.8441906482515035
0.9636971652040137
0.8360923486883229
0.9610345402515575
0.7855730559354009
0.7943574564825956
0.8766822788491906
0.8161618412331013
0.9137543749406569
0.8236208890695795
0.7616591402952394
0.7918259168315072
0.7683849463001687
0.9091631348701733
0.8203093742708822
0.785975592401095
0.8370706555887029
0.791515664698545
0.9535400949144572
0.8017020464652936
0.8190599523457367
0.9538318040896325
0.8486730452135317
0.9617059431066196
0.7612416047347025
0.7643347010106533
0.8290610083043424
0.7734274566136086
0.9103470064377074
0.7638811470663466
0.7074583812541951
0.7195310391791645
0.6978308608254046
0.8816568221118168
0.7491558870729389
0.7027646844756253
0.728163388933262
0.6975344276501648
0.857400065671252
0.7634818804339341
0.7508459989669231
0.8508940349690804
0.774194736030946
0.8891785165348423
0.8150111065799639
0.777514402852827
0.8391721595572067
0.7872784378631115
0.9631813753259384
0.7760961910965686
0.7327357644245872
0.7397502676889801
0.721706108874979
0.9333892606986808
0.7130910009842428
0.6811720366303273
0.7038427652261238
0.6791576381905114
0.9173588974068742
0.6938467521391675
0.7178245744612943
0.8031716878157925
0.7406596925590154
0.8828631819180125
0.7473911236062967
0.736147005852024
0.8406911793493455
0.7676937900974546
0.8887851571724166
0.8164587778576623
0.7350627886379285
0.7318458611057052
0.7146133969595447
1.116686769298725
1.0606112634905212
0.9931709464927633
0.9638329915088311
0.9620707514301823
1.0697507365908046
1.0914009432954206
1.1219716789887693
1.1348531964361717
1.107268192659798
1.057519175658087
0.9780838881322894
0.9468874512164742
0.9424706564027773
0.9642961295779878
1.058014734176311
0.9627124575417345
0.9404157610150916
0.9573459051557148
0.9336331805568249
1.073373595442335
0.9698748641841035
0.9433918154903005
0.9904829580742631
0.9689390125476358
1.0260632993423535
0.9777084354383829
0.9377969147218841
0.9253158562427742
0.9394185376465845
0.984147780611355
0.9281095085032955
0.8989164457696739
0.8968462974711433
0.9256774531019196
0.9686494898036837
0.8388888730440824
0.8340423255078552
0.8504249926367172
0.842714315816502
0.9593887753962526
0.8657797530211843
0.8626029955819631
0.92527637322013
0.8863540533888705
0.9629645891392123
0.9164747955449905
0.8672651955584505
0.9368753722738072
0.8856557930278147
0.9771610681682706
0.9000429787207371
0.8484853400643076
0.8287015794326843
0.8419871794887018
0.927931230470054
0.7769745848820158
0.747027720063731
0.7607282752469929
0.776816878318895
0.9247915056605738
0.7526696343303839
0.7876753689957705
0.8437666414944426
0.7912436908143656
0.9481290622925412
0.7890452994265512
0.8216662881970848
0.9383386594647913
0.8356926972692212
0.9388716214815532
0.7934906373348216
0.8021423440463462
0.9323987154080035
0.8267644115844928
0.9586872682739556
0.8329349461011472
0.7662952998388862
0.7507063873648645
0.7553104730956339
0.8919745485452895
0.7320847234904212
0.7242757789015364
0.753926453693569
0.7242981438885627
0.8676561923600007
0.6858471847211052
0.7552507024717809
0.8557686172327249
0.7580762512225846
0.8876495993396866
0.7152917941365321
0.7902139220643188
0.9244025038438579
0.8080130900652498
0.9270453439524337
0.7532483464997264
0.7738078379856104
0.8693505335475643
0.8004217345090994
0.9680661919455009
0.7823388607852767
0.730163306633327
0.742659920208696
0.7351159511592865
0.8824543209795777
0.6971899835689338
0.7039893565156403
0.7796108964018701
0.7271787606504234
0.8553933440084198
0.6787641492766681
0.7402224013121088
0.8436200549877113
0.7447256453103135
0.876142029619066
0.699776881556594
0.7304846499670924
0.8023846659406728
0.7468147145101031
0.9076903359264303
0.7444143839627516
0.7239882779923206
0.7478190800808076
0.7315289025488342
0.9495041283201557
0.9438676022402988
0.9745771198660129
0.9481375912315542
0.9488962591340567
0.9646202506164622
0.9378454581625034
0.952958457741426
0.9378017498504269
0.9656249629127494
0.9454165323848115
0.9346275084775857
0.9383483007370679
0.9513748910725471
1.0058988546080487
0.9309194478775658
0.9359954729427237
0.9801442643723118
1.0819895615176136
1.0233532181586393
0.939325720141644
0.9385759244892293
0.9640250980957011
1.0252813914392087
1.0030650481977577
0.7819483754333482
0.9163016308229738
0.6825573219091466
0.6044379357550029
0.6313980699784322
0.7701190415640582
0.8413281940860585
0.9008373868941981
0.7849250588077048
0.7348965003760758
0.758919283098774
0.7649617461302232
0.8130086328075158
0.8565402547779964
0.7738772671855926
0.7294604385281112
0.7472411499909174
0.8071150495814011
0.8854663278145228
0.772618467133847
0.7566714757651072
0.8095991742192247
0.8197651669152154
0.7742693333313482
0.7535723485103097
0.7552119164678156
0.6304578763463903
0.5558970583271403
0.5552594661753001
0.6687896533162648
0.7723732223890637
0.7250159257897371
0.7152210773521347
0.7667574096111367
0.8342936213963078
0.7640457650940182
0.7273473923698623
0.6927825711054677
0.6656728163205877
0.6243303023774681
0.6881015740459799
0.6876152786498746
0.6486873056660335
0.6260125906731472
0.6210993156908118
0.656665444034737
0.5604536374003815
0.5257888611256053
0.5367503450692315
0.5667071204299388
0.8379494438497349
0.8513665034501506
0.79175376596492
0.7437529498334523
0.7394748606454754
0.7746593552994272
0.678510058505266
0.5919242259956
0.6063107097503565
0.6799829046316485
0.7642521822715526
0.6739217816009768
0.5786495362837291
0.5824997835821012
0.6532064430705108
0.8033143969597131
0.7301173927002808
0.6643971167695207
0.6649758764590572
0.6957054167779384
0.8049770517449915
0.5753746022038885
0.3535933259669991
0.3510508994503545
0.40731533192574887
0.8684716243186033
0.7451760317214641
0.6413101232310832
0.6547034772260262
0.7261895969602454
0.8323403091537585
0.7090624588632465
0.6494591112401591
0.6682987895832025
0.7300401464531749
0.7765554732764268
0.640200196523053
0.5707288139097261
0.581357150628807
0.6272489183835115
0.7687754671011319
0.5327451809992666
0.4555144550547044
0.4780802357441342
0.5135721444038203
0.8343054600007171
0.4798297659314144
0.31022581077099554
0.3042178239613981
0.32493488703564555
0.9619264150920189
0.9387860927704517
0.9349902012323047
0.9437935976036393
0.9393757694216358
0.9689188550897478
0.94015147883301
0.9455874079859173
0.9721438337250329
0.9584101820527772
0.9797326278866624
0.9399623537345997
0.9476714386130533
0.9776083755051622
0.9483868751109656
0.9606293455688374
0.9237613418477902
0.9565891883273122
0.9829142338116872
0.9505440350825742
0.9576018511702734
0.9432158013539507
0.9870819237475825
0.9788224151927641
0.9356611643469137
0.7678173642769467
0.765356148131757
0.7502400423992043
0.8518296296868633
0.8451566927994315
0.7546507215247334
0.7719537013008151
0.7173201704308251
0.8184462148721368
0.8523327534626035
0.7433387900852902
0.83001787021302
0.7122649791065991
0.7697421877550275
0.7468643051191584
0.7279489463226073
0.8221235973270272
0.7096459383694886
0.8258217417479585
0.7451544656948373
0.7546492554035452
0.7753369723390945
0.7083839448426523
0.7783256728472673
0.7184586076441792
0.7496012604133199
0.6849978756752365
0.6633609634454406
0.7928359301813646
0.7702579092133691
0.7337226692501698
0.46034380409289855
0.43224698882138174
0.5835339301074238
0.6444055045422343
0.7401548729507844
0.35692694216109744
0.37143485488275874
0.6152841749714204
0.6362032335414017
0.7585810572762411
0.4593517827044863
0.46155862424734323
0.6452948810134352
0.6228315490606524
0.787896245521381
0.590718163798243
0.5297424385213712
0.5692513389357355
0.6473140739416079
0.8865924263592999
0.7949757557523074
0.7179596936765804
0.7241736823806401
0.7018855830234586
0.8564368816419498
0.49777854640765423
0.5079961261578606
0.5760546666858141
0.49388854919133457
0.8052754314748226
0.5481333041911033
0.5717661318764322
0.7915539293066141
0.42921227874179063
0.7910241838590125
0.7090905470606058
0.6378116120149978
0.5618920725478463
0.36531705660757774
0.7958774444292689
0.8226444257124801
0.6843009235862425
0.5656609508816718
0.47750657683980713
0.9042525508496002
0.6152671984956856
0.5990990954048072
0.6247274319329538
0.560229209807986
0.8943872486566673
0.49596044803569633
0.5718643392267914
0.7803289752488294
0.5307795593503557
0.810034352787432
0.5331849403905603
0.5454253439725935
0.6710465237955423
0.4422546122444044
0.8013009657404195
0.6829476448611345
0.43667235040040947
0.37259731451362077
0.32168984505454834
0.8272095229465629
0.8002776197665468
0.6214741707100689
0.5718338713402321
0.5942564936428428
0.9507133982804453
0.9698752433099752
1.0024561358743862
1.002971913439037
0.9657378203596874
0.9536383223233555
0.9333088656507241
0.9279981080844651
0.9386670554312219
0.9873211163658657
0.9507444366847567
0.9421056818005782
0.97378872190401
0.9493290219444147
0.9311034515020367
0.9567251154605834
0.9321192708454152
0.9707690913477063
0.9622101237187952
0.9374836812580191
0.9652597003612865
0.9320633746234064
0.9388724972682427
0.9541517006402905
0.9331472429001618
0.8413643888258658
0.8948274298527009
0.8498221192195553
0.7912860984009783
0.7839696079596129
0.8271120187613379
0.8682336629255154
0.733647463164493
0.7195630241443332
0.7452979205322268
0.8120814425590311
0.8060230978097165
0.6769978051454514
0.7328201591602125
0.7377668638000257
0.8272870123600118
0.7875535934049541
0.7142287682325791
0.773319991459874
0.7717823159593759
0.8250545834087086
0.79343891411996
0.7569964746706619
0.804001812178496
0.8532542690595845
0.8075187842905733
0.6771076351475656
0.6479105385537983
0.6361889343095459
0.6673045862063153
0.8155230690164531
0.5790133658118177
0.5518335483852632
0.590286762096896
0.5775066178141184
0.7666739418111315
0.5675830868078454
0.6087462735428747
0.6983453366597162
0.6306636300908464
0.7590370488956095
0.6352264882492187
0.6769788073417677
0.7712139394594953
0.681962969288729
0.7713229228643216
0.6879184186999471
0.7077969933529742
0.7802283714446457
0.7743754432482168
0.8742392591207127
0.6812953037827988
0.5019086148013608
0.5138896375594604
0.5187092378782092
0.8443980170837003
0.685062563206125
0.5551692329328449
0.6304718222988442
0.614515573289355
0.7851789230237378
0.680186376793986
0.6406211843142351
0.7471858716917008
0.6752650525787788
0.8009185917876591
0.6554972531289246
0.669143302048045
0.7511984928853
0.6930048284834457
0.8562312371514861
0.7005056369724024
0.6615127766174289
0.6891687760339512
0.6947113194696591
0.8875357168607457
0.667086535936979
0.5603671654445936
0.5788624063301793
0.5044475532337155
0.8392996098622209
0.7638531820095124
0.7098320097069221
0.7967019636206746
0.7016316660971081
0.8184817648517001
0.7723249704343204
0.7733687438378705
0.8294368812675383
0.7316933439196047
0.8269980278058362
0.7179375903245515
0.6596183747268246
0.655131899382853
0.6346884256698597
0.8522349395686971
0.7467453606015259
0.6643502777526181
0.6467022981757433
0.6573524722748411
0.9723315891378833
0.9970911932732027
0.9667092766490293
0.9396514803232185
0.9259975180977594
0.9891142237138077
1.0395205758122843
0.943414418812052
0.937169270755803
0.9374144141086969
1.0101872237214395
1.0597887002276107
0.9401405602623394
0.9475178736090273
0.9412175747194691
1.0158770873378198
1.0610593724273523
0.9449671636988219
0.9420291068182618
0.9382449162906019
0.9906169547000692
1.1200901202072397
0.9992879678900889
0.9422420943105352
0.9309991519674032
0.9317015367536543
0.8675770341336216
0.8693911331351678
0.874144393497114
0.8734114382244358
0.9275536321333843
0.8595271848145083
0.8712964260827893
0.8665683196171051
0.840920731192959
0.8835894277535286
0.8446487188440972
0.8540333772051716
0.8386474106738258
0.8429321894402652
0.8769901666182125
0.8377084103948708
0.8316596469180598
0.8493333405748313
0.9303790355804358
0.8965443552527008
0.8593891068659647
0.8714836046539032
0.9267172762193313
0.899106855106024
0.9191078643158672
0.8938044808706487
0.7795806116081488
0.7726502617118923
0.7868334820775188
0.8729854452209941
1.0028915331184183
0.8273992516578181
0.7892617276203757
0.795233421608396
0.8435292916667025
0.9218471664107548
0.848594258365103
0.7586559678744332
0.7413525395694762
0.8870227440305227
0.8414716229080405
0.8323765959474839
0.8455054921977588
0.8140313767469664
0.9405120371500647
0.8058332494642029
0.7125914611591166
0.7906734564265351
0.8250173310476222
0.9646435134313665
0.7755674157132382
0.7181749967146455
0.7153381300568747
0.7119479334314538
0.9760281161060117
0.8370297553937341
0.7646688293165825
0.756660029853501
0.762850937483225
0.8975525789064913
0.8226688495227507
0.7539062849852195
0.7019148782162088
0.7261586129911377
0.8535640730883631
0.7519608095977246
0.6965502582461571
0.7430197103675213
0.7226742456229536
0.8551480859084009
0.8005200015472752
0.6258828401858936
0.6867647036034847
0.6750624024228263
0.9888026327974601
0.8434103697043269
0.78263569557536
0.7463790110623424
0.7270924051870995
0.9880924876232994
0.8710614796819351
0.7248299377414068
0.645469823496635
0.6689822327411559
0.9280947820984191
0.8526806230363995
0.8257730343152071
0.7792500176863029
0.8030402592259377
0.9104042950991633
0.7220104785491703
0.5721749338732499
0.6611687310107605
0.7406849118252102
0.8896463667082374
0.7967800494921827
0.6401353695292045
0.695345275761308
0.7780489453921121
0.9478070283863435
0.954044617183424
0.9323280054841073
0.9629178998720275
0.9583275938244759
0.9327524728342544
0.9257048728624282
0.9352870857371517
0.9750428129041933
0.9786075116888683
0.9421033670308099
0.9352369726073105
0.9356641656181196
0.9406308399822453
0.9277802474417901
0.945976565974414
0.9437974870101778
0.9569908733802346
0.9789447699319943
0.9998374704868067
0.9613503530021626
1.0013349141850139
1.0941001888168307
1.0767302633199978
0.9924340361316962
0.8230536749548747
0.7634411243152615
0.7971487319951166
0.7786831865170302
0.7142819554020158
0.8213210753317961
0.8027317508122133
0.8480100955657832
0.8357227272352484
0.7746587040865723
0.8419961903407799
0.7924347603045545
0.7750864663472099
0.7676493911025527
0.7848397491921378
0.8690448625027514
0.8135297489027408
0.8005696488623255
0.8424003848655846
0.9353306203601905
0.8411920846039902
0.8076150646566289
0.79680842996252
0.8144928931368718
0.8542920037458921
0.7907776949863827
0.74105345761997
0.7259037159834657
0.6941528346125395
0.5989265866030739
0.7509586136074342
0.8245191291122329
0.7739779591242746
0.7132108370344871
0.6921014156034452
0.7076973197709878
0.7887257533333674
0.8693115825106211
0.722194344607143
0.6544168980578691
0.7347711376907634
0.8263875541205847
0.7922069576507159
0.7019481171244495
0.6856407712821125
0.742017420094165
0.8436997099526153
0.6408591640907229
0.5889579760540455
0.621313069208325
0.8481419447375308
0.7082890668168355
0.6707104096028671
0.643554610248467
0.6302507937981919
0.8143960028380326
0.7118954064035936
0.6702256604456887
0.6584507617372108
0.6925891247573618
0.8144922102787467
0.6732129495544499
0.6174738165220907
0.6152391665372531
0.657319451919792
0.8820202848347608
0.6295650545533826
0.4844799719489716
0.4730667460062893
0.51805188205232
0.8952711550522093
0.5492457232658279
0.3026995238489325
0.34633404496020065
0.37857208930183284
0.87578399996336
0.7420823238547803
0.6737852191088485
0.6574454671939417
0.6895979374103187
0.8261260397064529
0.6827859295258366
0.6189191272994556
0.6155260099210341
0.668658528104884
0.8100877175596449
0.5704494122818073
0.4560629850997599
0.4522771415622918
0.5180204034310186
0.8588854322858747
0.5022315211943292
0.28636281174202693
0.32714079047336836
0.37641905792826186
0.9159385454438312
0.5426553904380867
0.307518163289528
0.3040148535005872
0.24529983929284044
0.9432444393756984
0.9631966341321967
0.9403563460599168
0.9624991880059363
1.046362488350545
0.9384286620481432
0.9470626921151512
0.9354632361064804
0.9527705537843509
0.9766653819054225
0.9344075501272275
0.9491178852463472
0.9509173613301104
0.935657258093647
0.9292164368134446
0.9318526318067718
0.9591874437609538
0.9783462904000927
0.9573697993776452
0.9351876412591507
0.9448719123083971
0.9805328182698121
0.9820582537042144
0.9454570311060794
0.9332993730539058
0.7850207458233546
0.7432253893467242
0.7026895137661552
0.6477423483575385
0.621919885341844
0.7716032485370775
0.7986652057773319
0.7982161291519001
0.7580561393244745
0.7277546077167214
0.7302837228934493
0.8106611378701919
0.8855912453144398
0.8132086945079366
0.7348730285591867
0.7581333346154261
0.8134492085268219
0.8962382094949247
0.8154419748480739
0.7131041654384792
0.7758503811801912
0.7568537157715145
0.7944293727297602
0.7461422545837988
0.6744684923308617
0.7085490700141063
0.6510432251360031
0.643115828930434
0.6014100197923326
0.5938553809216064
0.6827302900260444
0.6895623563374764
0.7561127259261621
0.6984668061383484
0.6673454518880687
0.6536160818155274
0.6375911648170726
0.7709582947584792
0.6499000635254322
0.6407030316848938
0.6666230869972471
0.5529947580964472
0.6327653297757493
0.6216965421924512
0.6112969215597661
0.6939195038235125
0.4953124168402567
0.4903578325025395
0.6105253050792605
0.7197609042607588
0.8085630593301917
0.8091430157261507
0.8427726398683731
0.7283233892618782
0.6002280519155822
0.7680702804036856
0.786723564017816
0.8722306518864508
0.724408574291716
0.5584467432706802
0.7094862740471158
0.6708400313488945
0.8437328682977819
0.6362478137094331
0.3130139206945074
0.6609175526603942
0.5293567423209745
0.6441253421954153
0.7006722248266157
0.23258496772060355
0.6975974212500231
0.548692490172657
0.40907442524820764
0.3944295089262944
0.17726812807032766
0.851328466181205
0.8456627274181457
0.8044458975033468
0.7960110003545044
0.6472424942220052
0.8505387124558007
0.7402516315044578
0.6751650326199036
0.6413606522104099
0.4867580478247601
0.8036132433307207
0.5977754450769724
0.626846136463904
0.743935593630997
0.2712815840856386
0.7247663304059145
0.5108953015872613
0.36479164675972886
0.5384729003543977
0.27518792981929163
0.7181961528460755
0.61119436031512
0.4383214285884154
0.36865777795263416
0.3860886635063242
0.9448466477722939
0.9647648101652248
0.9410270082361312
0.9358269321844762
0.9670195594737309
0.9535571866763538
0.9715655655514557
0.9418003494238265
0.9751676736475757
1.1073401353951609
0.9435195910765979
0.9764002092850849
0.9573750002493231
0.9292485814393835
0.958472429759937
0.9334542007019001
0.9722286870443997
0.9774800689816555
0.9367637270854419
0.9456085530129594
0.9384873871997809
0.9727791348055437
0.9620989990558616
0.9298476779599978
0.9967023934184986
0.7988560417491549
0.7903299683369597
0.906529597757168
0.8244567930492612
0.7606749021059365
0.8102196376483864
0.7713567273157345
0.7495176792078768
0.7129897722928694
0.7358726580960375
0.814259367590186
0.7284173654755697
0.6761166366145132
0.6478587486168392
0.6910279715000572
0.8169527146557687
0.6895358306191511
0.7076222805583083
0.7117008325565544
0.6475256117198788
0.8004412833171994
0.6781093242786845
0.7719151461899671
0.7183133163255947
0.5784058821155531
0.7158092135630846
0.6620442959620308
0.6179808674384681
0.6206816670664748
0.6840663075690768
0.7177907142166193
0.587430323180236
0.5297623270183325
0.5050569605829742
0.5303858663798406
0.7131361499122907
0.5390506275934225
0.5284814200114422
0.6173606524815825
0.5729173291099052
0.708957445447587
0.49094932422121984
0.43236546049776714
0.7094327976097012
0.6206020716952539
0.7000499953845228
0.4799161057952727
0.3441737021237604
0.4872875946959241
0.5784547345170963
0.8038556395686558
0.6886443043426441
0.5680431136274269
0.49065345854067244
0.49847450772014784
0.8153775295323166
0.6021577639602907
0.5256622274908838
0.43859338491352406
0.23272255155563473
0.8125525437120413
0.5803929582951033
0.5567139680720793
0.804855642799187
0.3843519619730906
0.8035230086518267
0.6450861872128749
0.47543911893351803
0.7894286101579955
0.5871337623339298
0.7840495520973074
0.6997214868948332
0.5352947620415782
0.6588116062114912
0.7233992983648604
0.8512217603795487
0.6733822655866655
0.523144607496763
0.3411138443350674
0.2580862628356882
0.8373832318460206
0.5689938498649155
0.5400032665212523
0.5707158782743724
0.2183070773735872
0.8315293163666524
0.5593794639806182
0.37643558110409436
0.7501185347301434
0.5222726072224545
0.8446519438729329
0.6016465679198792
0.2838550582564861
0.5325062469358767
0.689285611878448
0.8690377398125366
0.6831157347682969
0.38605481332106023
0.404217890481022
0.6027641538956008
0.9547564924104476
0.9412487902484137
0.9394332322094199
0.9406778372096957
0.9510153959302394
0.963188315237548
0.9717529085720772
0.9648594707920816
0.9560215956076763
0.9536731919586903
0.9646218187385741
0.9780464548000724
0.9457442298906379
0.927994195721719
0.9322478030951965
0.9609915405491382
0.9726299972794211
0.9326136382326744
0.9747300501433459
1.060077463418182
0.961698661129326
0.9796852856528888
0.9437394076710466
0.9669952322447898
1.024178965770867
0.8632775518722144
0.849800424003349
0.7954266438281208
0.7243244466856346
0.694911237417674
0.8350417803235866
0.8316660987153345
0.8095534593994554
0.7628233638815046
0.7353018565434861
0.8411526072398218
0.8412255095299828
0.8998381793465645
0.821163283691205
0.8223257672085681
0.8560053446510436
0.8346527922950739
0.9697742050736284
0.8238555063570943
0.8175986079285145
0.8734700187689898
0.8061927613214308
0.830179154978481
0.749041721834342
0.7133768273520905
0.8001007268856967
0.7930389092972259
0.6810704634997128
0.5585416718441673
0.5401112026174735
0.7477506807910189
0.7404234572075643
0.6624007451125079
0.6013709542454221
0.6352490014460506
0.7078889571714192
0.6392091443851818
0.5814516011398215
0.6253027234355044
0.7299606706922381
0.7269543610631239
0.591552188808519
0.5259702744231879
0.644678960109999
0.7183580664550617
0.7785149975274152
0.6077492022216109
0.48767078653285245
0.388318986566559
0.49384988913499234
0.8817164094311503
0.8464447749363925
0.7362989689744439
0.6162244627053428
0.6019993619376587
0.8540279624448089
0.8685773596988374
0.7721745649344662
0.6173311515364157
0.5883621945440385
0.7909679688223223
0.737285824788088
0.6224027818295043
0.5089133485630108
0.5513789925719628
0.7844632871078133
0.6339007460364594
0.49763192010584045
0.40701546039130415
0.6158458056185655
0.8213836520837247
0.6923486956004467
0.7307327263071624
0.5316745480436302
0.5314260833632654
0.9251811704763295
0.8874025750999406
0.7327925823895163
0.5972938044919024
0.6013398322388825
0.9074936957676911
0.8192913518516434
0.6738294612978438
0.4954371899741948
0.5123411316204248
0.8706971260607398
0.6878707508751803
0.5794604211422619
0.4589516794419744
0.5591476928020178
0.8272434839320911
0.6817106059739937
0.6857071258092686
0.7131708914442189
0.4583140951482485
0.8266818797072606
0.7670204858578346
0.7458440914515739
0.5475203298342615
0.3831439639973524
0.9462197440299929
0.9370462657457973
1.0024290928419077
0.9772960159579729
0.9305515923332203
0.9371724323541951
0.949200403282653
1.0757161341437704
0.982404652803222
0.9349320569616095
0.9397590560283277
0.9714365097758199
1.0376971232092076
0.9401552948831171
0.9555053370286747
0.9455317063960267
0.9601354171849477
1.109043271028043
0.9440678914294115
0.9535257542708274
0.9528545900099011
0.9418899996327986
0.9638352896749525
0.9286194343106503
0.9540557973811383
0.8609799326118227
0.8127233685159816
0.7472728284707036
0.7405601548717516
0.8092735548461608
0.830814714724471
0.8255737314572659
0.7888734656834583
0.7833951124204654
0.8311254707432081
0.8180623533885871
0.8138226726953539
0.8015033606562096
0.8531579361855939
0.9149700946122563
0.8406357841462625
0.8227569812708723
0.8266582287852474
0.9127292643279894
0.9916543870310446
0.8543508788852147
0.7730027570420407
0.7218679680389679
0.7873182300796548
0.8493811310021153
0.8099405741760889
0.8376396471231498
0.8095877716955978
0.7808887711287267
0.7987236834427183
0.7818806008561056
0.8042282764335512
0.7254493102750004
0.671446827106011
0.7121699589764852
0.7335170121349688
0.8885717782160968
0.7950896214576256
0.7271821477181815
0.7650744608136194
0.7622059645930622
0.7965301976841661
0.7276648038375619
0.7517628215060546
0.8082524169122841
0.7904754583184816
0.6560932276319007
0.5095051662286059
0.5307896586588123
0.655125659015282
0.90326726560077
0.7436286411781782
0.6559960833770038
0.662592702451085
0.7274210732542699
0.8908153050902664
0.743390657120055
0.6489418492538098
0.6426203064725926
0.7278363856310939
0.7866527671340133
0.6704949746858359
0.6717008226915359
0.7529973594847474
0.8296469476743883
0.7545772949228923
0.5462626058538734
0.5018191582887017
0.6767475237546933
0.708491538669681
0.7869467725845823
0.5157591292201114
0.40027849228618784
0.6221119348896024
0.7055420747461023
0.9314452331517771
0.7589033178244706
0.6898135568763942
0.6602804909995282
0.6412240157005116
0.9550321630667595
0.8721453748390263
0.8689804835071805
0.912053677719574
0.9191051342302846
0.9264766098992954
0.7372009384117375
0.7007069835899555
0.7127081718760041
0.6769887601106099
0.8513271860599204
0.6222738285248703
0.5977191247786983
0.7145686371517448
0.5258446548543511
0.8085565253579403
0.6145628042834828
0.5419942348622429
0.8184116033549087
0.551125110810754
0.9445146457118218
0.9334885705648016
0.9596734259483418
0.9339613355722802
0.9407158292136935
0.935773523322828
0.9488696408855123
1.124011281058188
0.9475425475603688
0.9407248488007736
0.93358597404016
0.961461592387821
0.9725337755424242
0.9325280273900447
0.9636289073670902
0.9330818525687825
0.9645209429240442
0.943546396417256
0.9424490439893507
0.9800703644369199
0.9350471798947503
0.9593243945690121
0.9902015254242353
0.9319396168580476
0.9564811871574492
0.7992216504453442
0.6786451759333355
0.5735637221470911
0.6526077461255937
0.8125156298749895
0.7945519679883711
0.6882708145455749
0.6155694179308285
0.6632790347140353
0.6898058055267406
0.7657337361531509
0.7217259208276657
0.7239291349091128
0.7655649376384422
0.7608007115743401
0.7488279703321028
0.7162069342955573
0.6958175001019548
0.6743249515590664
0.7678217999912588
0.7510355790974275
0.707598655261582
0.6358547586689112
0.6325033027054383
0.8483787106102126
0.7212845609596441
0.564985460097391
0.5227894813420063
0.40883979178407853
0.2583243968399925
0.7263617182874618
0.6102413688241546
0.6923674337843893
0.639442789029677
0.40053356756817304
0.706701634853156
0.6364022303390394
0.7635399219599878
0.627064534707451
0.4133493932840275
0.7025676350675224
0.629630875916816
0.7020064809653138
0.5280425697486963
0.37553105475769055
0.6824496272230386
0.6016704489962621
0.5156196502699818
0.3527502962749419
0.3472285414135081
0.8156419750745268
0.512053666242729
0.5891642980829868
0.7327750637115894
0.41746523856465095
0.8224928866633552
0.5335541972194471
0.4932058284954025
0.5097944067490213
0.4405198425973913
0.8181061719496958
0.5659796153889718
0.38791980012838473
0.26923318939387203
0.2809843536389946
0.8249579917462344
0.5122473539027083
0.2432662968399808
0.11480865957360172
0.22861290993377686
0.7864507993311876
0.4146329356255063
0.1002929738479788
0.25626029470046324
0.29522200956684713
0.8458394122675086
0.5441098243725832
0.5885393453931825
0.5520516519956538
0.26557613193202334
0.8508763320223455
0.5214996551710476
0.3292277192168807
0.24052032854384364
0.3333647628614554
0.8501035607556238
0.5256872439943272
0.24867496446892828
0.15433473907416131
0.3253686112397247
0.8642445518352222
0.5002618610392815
0.19054965352389944
0.26493521292783817
0.4363292547061115
0.8531303967359657
0.4501535565177496
0.28842624490456287
0.5990958384138783
0.5326681395820001
0.9693290755198641
0.9400493282720936
0.9817944029635898
1.0994089869415187
0.9413534984014128
0.9723434234772994
0.9472180636143703
0.9456726745277806
1.051177927517199
0.9595314439538615
0.9546241640127896
0.9547771739150626
0.9263704228918319
0.9867967438477369
1.0192817145596822
0.9489731472612019
0.9709196683682747
0.946659946300678
0.9404440002411797
0.9760266761515034
0.9546641043284948
0.9653763438918531
0.9442622363572201
0.9375026056709576
0.9547317744531808
0.9164640271677117
0.789690886004228
0.7628017689574383
0.8465492862356471
0.7535392000434886
0.8901586959511493
0.8003852684045726
0.8100876597356028
0.831280535097215
0.7360117818536572
0.8929735251230245
0.8284444619390597
0.7827090487152857
0.7608933105457478
0.7410040865316951
0.910242244015482
0.8596524722432437
0.7955108410948597
0.7419846122482515
0.7218515185970075
0.934032848809716
0.838975769887115
0.7623027982587068
0.7442561774345339
0.7397676536521861
0.8804601026016631
0.6815946267775779
0.5167546098092496
0.4684972606541819
0.590000135425191
0.8188394434718715
0.6833330838252257
0.5576441698063183
0.5284427861483305
0.6047506798565271
0.7975860612465886
0.7156570669489732
0.5811265474808558
0.49573902914248946
0.5359282389637726
0.8083340412251137
0.76149721703573
0.6650227226550989
0.4765026749294122
0.4302020303729019
0.8537772661987789
0.7487860888585108
0.7606837857367091
0.5871685352658067
0.5268819571565483
0.9524305076270199
0.7957127398615718
0.6537841173553398
0.5664584506735109
0.6216890378186026
0.9118677132211044
0.7566100852118427
0.6289476067598482
0.6056077212855587
0.6953904483031715
0.8809340869610963
0.7595721144706138
0.6190477152329105
0.523330863821036
0.6150512294621843
0.8651699729452499
0.7286831378012986
0.7226739932756592
0.5088865659162858
0.4347924489715996
0.8960210051401779
0.6687118944766333
0.5777968948994205
0.5813782073683901
0.5926966648404943
0.9936849511593886
0.84061966568928
0.6655042565740658
0.5767112057615298
0.640860185298908
0.9648192301023917
0.7913493208427068
0.6124288726320363
0.5558885222252115
0.671906494819065
0.920595781572333
0.7945799382029881
0.6321115934468583
0.40927333212983374
0.46393267876128913
0.9146811579698776
0.7302400859317617
0.7428542330921376
0.5745941024320252
0.4484832689096905
0.9169624249196134
0.6493696479478775
0.4511999735310474
0.42407763763832357
0.6259831316806216
0.97232187741258
0.9852211579465296
0.9880467691461584
0.9721132526047709
0.9490725466576121
0.9685547956232365
0.9634943075057502
0.9650557308715983
0.9708269663459486
0.985127384480014
0.9711846776129138
0.942586776971746
0.9338541214879464
0.9420319065819023
0.9615931299744758
0.9735740543152144
0.9361021423801847
0.9422066439311879
0.9337003372142124
0.9499932027813472
0.970787577721478
0.9340972374752744
0.9785421535614708
0.9796639664013357
0.9341510424617016
0.8998490219259295
0.9160387243932328
0.853300538950841
0.8012201493432891
0.7985903574791318
0.9008744434312669
0.8568176438080148
0.7649545479272599
0.7618951703851935
0.8240543732379902
0.9072767203864648
0.8322606260120682
0.6861603098439402
0.6814100487229743
0.816569824723232
0.8777078401823918
0.8111718824996449
0.7098173413734122
0.663312964703325
0.7124005959279416
0.86335523906808
0.7636964385959638
0.6570731297301332
0.6731735269810328
0.7328438107346507
0.8355133783054274
0.8241437500680205
0.7812351344574976
0.698382138473978
0.6957337954127978
0.840298004752614
0.7211978922364882
0.6547900201248091
0.5208243049037367
0.5710498025400919
0.8696017138945746
0.7061601890072136
0.663313882592426
0.46321973164749297
0.5204410242114588
0.8501285707654415
0.6817842306900482
0.6518120525139692
0.7140680480250824
0.6957335011766985
0.8089364326416348
0.6424326317384327
0.5187345479864308
0.48224204460834036
0.5590429809258057
0.9152847270962692
0.7214965884121681
0.5786904407323079
0.5661093813904272
0.7208350949960756
0.8762778910266988
0.5718513009483763
0.4051670169221122
0.4321245110980561
0.6552423254517905
0.9358081981637105
0.6776851786145546
0.6476322725750819
0.7720055790681923
0.8140434103720956
0.9468605970311091
0.8130269876280672
0.8191245104435291
0.5954345150794125
0.6653178109871204
0.912302127372072
0.7905731979096482
0.7261234943341276
0.6609034438315607
0.673104286273045
0.9599769315448811
0.6755981320091463
0.5209343188329728
0.5205799314389099
0.6462649243501367
0.9089157403065015
0.6104534002317192
0.5125343619692866
0.6470550247154191
0.6713913680155315
0.9097005882642938
0.7146227437399177
0.7908271193111257
0.751671536189771
0.6141824255901656
0.9540995065568438
0.830430249316643
0.7816086087684809
0.65725350441774
0.6084730037725614
1.0056063231535424
0.8869218211320004
0.7532795299164162
0.6895990781335529
0.7193111405380846
0.9676369594571625
0.9345118928826854
1.007549295294654
1.0025513483626645
0.9359819076071143
0.9599334690441709
0.9296603771087847
0.9352629231332955
0.9308386058466865
0.9545940262379163
0.9534832896314372
0.9367079758727154
0.9458501075696075
0.9696768692852543
0.984718029419697
0.9577344329575525
0.9604822687506391
0.9713366283791903
0.9733588411796216
0.9580318438806754
0.9604537955045069
0.9721080461452387
0.9816032536089888
0.9807499753189469
0.9749954638957128
0.8967058886524161
0.8946592206199793
0.8413329932306959
0.8533789574735452
0.9494601694153534
0.8563092818429119
0.8621403247305203
0.8112381796733472
0.7696443200051897
0.8205099046559357
0.8437317975740348
0.8607739585377738
0.8357044298086352
0.7794510950868377
0.7638843484988826
0.8678716822980559
0.9044251636904319
0.9408901750167326
0.9104991583910109
0.8714639397942615
0.896847128285654
0.8975856925954689
0.8862100761292395
0.8490495989378004
0.8480028804177089
0.834837876842913
0.8203545540140885
0.8724907819844361
0.7418218948200245
0.7113597884156934
0.7894237345346846
0.7869513729727068
0.7689058509137928
0.7354878109356477
0.7415692885444228
0.7203302850514987
0.7324202993506786
0.7638725979930641
0.7858203609895505
0.7418596724790678
0.70554131212526
0.6722152820124286
0.6543993329858238
0.6631523546411274
0.6600886772119415
0.7914065896391276
0.7648564178707543
0.7532734959708566
0.697487465556059
0.6845877957898977
0.8982454495774556
0.7804939050661588
0.7289716783971462
0.7626761014162335
0.8587789048880663
0.906434081814926
0.8116338061582866
0.7797652713175166
0.8219064971538028
0.9207008429468287
0.839084024577975
0.7057265278860628
0.6470915225737766
0.696287530906757
0.7393463630258045
0.7465612183145908
0.652842420196145
0.5985047512152305
0.6741767843267269
0.767420085173757
0.7721457660168619
0.7131151725909549
0.6579742384142964
0.6727673065389852
0.7632936094633687
0.9398215887840441
0.8165196554920147
0.7538124881596475
0.7691782097440599
0.864238838846479
0.9770568936865074
0.7704001711947407
0.6059525675049859
0.592329839716372
0.7342794648819184
0.9444687425960978
0.7724611929835281
0.624821509305333
0.6432489909286495
0.757325347221465
0.8614702346863808
0.7729577829745646
0.6422421114920226
0.6040922371305399
0.6997004473347538
0.837108937658879
0.7319951166699369
0.6551375689785883
0.6327559733127673
0.6997359091451752
0.9747608133760438
0.9484296624658195
0.9313118060607674
1.0016212765447572
0.9434717918652404
0.9779808807505258
0.962995491006336
0.9349353210796223
1.061756601375005
0.9828382955730778
0.9692212298146732
0.9611503304920738
0.9292564426800952
0.9644367536569177
0.9501734807805892
0.9696960868251597
0.9616621478718218
0.9311832184348143
0.9458482366417962
0.9399068414147108
0.9604296849140523
0.9380908924922466
0.9392881866238818
0.9863331189806374
0.9390984483131013
0.8815928942856857
0.7489081572746131
0.6892398007439059
0.6442445585229392
0.6516339306488206
0.8891531170281038
0.7957529331414435
0.7128737780926936
0.6298259483395072
0.6526622055729355
0.8874825566067962
0.8696197819159532
0.7827160995386918
0.7404708914717225
0.7716384604019149
0.8832055307685578
0.8994577483898695
0.8646012714609381
0.8409703178061928
0.8444433201691239
0.8764492550889211
0.8658919814498977
0.8143403412131275
0.8512039313362555
0.8818012758816797
0.7970962429791165
0.6693523119974655
0.6155377161015683
0.7112267340433404
0.6933384805284986
0.819997058659401
0.709424764072675
0.5983365795577243
0.5922594932446198
0.5959677288012557
0.8175587465324392
0.7799576408790329
0.7006832551018541
0.6636919035995046
0.6852329052678998
0.8021046698092926
0.753056728184956
0.7198426945370465
0.7116652621603278
0.7089618610589896
0.8137579497514772
0.763160553068803
0.7713779640486326
0.7650825708794824
0.6889027058366829
0.8671602768776939
0.8177612051400825
0.6278691529731787
0.3757352209002111
0.3204309360128681
0.822390967533673
0.798677320082785
0.6687621455688373
0.5627716697490439
0.5879365734573794
0.8510726095549455
0.8290474494687066
0.8151827104283573
0.7787977982083798
0.7767462179380384
0.8510607044499919
0.7844156836441138
0.7529203739380406
0.7756067355733657
0.8477246649147157
0.8769733108985478
0.7798317938630347
0.7606231138243412
0.8251157889466364
0.8855838607402277
0.9099334002513257
0.9192916771160455
0.7401954064095883
0.597033692569981
0.6048918297604946
0.8332275558735991
0.8172725300463644
0.7582014639938068
0.7320598097697608
0.7555001388986962
0.7917050720402103
0.7286687704586146
0.6934879542492703
0.7018994237325034
0.7651664183557564
0.8493796400227863
0.7676769079839884
0.7678339036472078
0.84805059528932
0.9713878190866809
0.9061500728098677
0.7084665586278354
0.599845404545695
0.6398198912800707
0.8143492035595438
0.9666424387208539
0.9776129244110449
0.9772815277687179
0.9627966589383045
0.9486639808545667
0.9564975322352114
0.9646721579120197
0.9849958906254749
0.9812505627527487
0.9722150940951648
0.9640678072997145
0.9448044396254875
0.9373889499084238
0.9460712383912195
0.9678232359384039
0.9770921725042966
0.9406609270236419
0.9372283370760974
0.9513469039802565
0.9282215912418632
0.9752967219574501
0.949278144048018
0.9432757421431504
1.0436486245580048
0.9463656421681657
0.8568539872181364
0.8843084589390083
0.8176258622183514
0.7266592184428702
0.7098299592845129
0.8218757946177925
0.8047832912106869
0.7237495439069429
0.6838535698533758
0.735898245820836
0.7762988913706578
0.7637499818917457
0.665823004983053
0.6687611803626365
0.7300349882425513
0.7936642172506763
0.7943909026205382
0.7511938075427396
0.823439490740089
0.7801865189553512
0.8351833802868909
0.8010215961497597
0.7776038073941035
0.7879200907122579
0.7728496643956867
0.7626625620931284
0.7023003209039052
0.6968858429875753
0.4840123983572734
0.39667714774549584
0.7592562434265714
0.6244360999547869
0.4865594087273443
0.3185712088318859
0.3480169755035493
0.6872366045586393
0.6387130378591781
0.5655747465500854
0.517993407713306
0.5375601350914998
0.6586137960505769
0.6481943077361583
0.6553944856223672
0.7030463871996527
0.7147843584761822
0.6827979399644301
0.6529850357546351
0.6098747496345762
0.6203042689727698
0.6427759521946377
0.8428872575781378
0.6907097923142923
0.7077554906131842
0.7340208776159802
0.6658365670785648
0.85855280309649
0.7588583307705765
0.6974522036328404
0.6953572628796119
0.7211876692878586
0.8103489499787222
0.8199961097740219
0.81191742598065
0.7901055471938955
0.7681165490678715
0.7232412188958937
0.7124977137324993
0.6288451812813245
0.5544964570078778
0.54970406675097
0.6972531963086094
0.7228108350403628
0.674227781033636
0.5796773313487146
0.5472270168373602
0.8816616395292982
0.7518320498650789
0.6961432561769149
0.7048164046647603
0.7430549182472476
0.8574435747247381
0.8904392781905041
0.9089658595444418
0.8789454178396068
0.8308649767405218
0.8631640846595086
0.8701975871457587
0.8278288913139612
0.7563832714088967
0.7122573307079823
0.8479797924710292
0.8898037490058464
0.8567902537070362
0.8089894470979295
0.7684290865448137
0.7823265137844495
0.7898287213066691
0.8484368175367047
0.8430702862029081
0.8118018209254176
0.9384923001227563
0.9688356968589511
1.129524971608199
0.9534668683355892
0.9380053261898604
0.9367075109057151
0.9478681851180175
0.9809373088181406
0.9351597121618407
0.9507814383216351
0.9311559926614452
0.9453817900262399
0.9410990547326624
0.9413459462586209
0.9701373774904383
0.9380669515376867
0.9900810709354537
0.956047535538503
0.9461151853306483
0.9800237856410998
0.9326885915274755
1.034172912174533
0.9996441552565704
0.9373518780132764
0.9853375661785231
0.7991574513369696
0.7126476772078782
0.6824269043345129
0.717610461630394
0.7609891595714023
0.7895601110602497
0.7368498950469354
0.7116532009857561
0.7640929101432746
0.8499106812191222
0.774485313109838
0.7253980533963493
0.7387516564450488
0.826897812170165
0.9241289431472615
0.7619373535428532
0.683393002614844
0.6922501063309638
0.7674422587679897
0.8457544320998441
0.7650972975693321
0.65105662174426
0.5947213247799641
0.6902814866956402
0.7892802075858523
0.7407287309470252
0.7625472796905077
0.717871012507151
0.7345766888736839
0.7173219991003054
0.7343542071587346
0.7940163715691333
0.7836826126354451
0.7240890838070941
0.801710338801213
0.6955786739082054
0.695850147469228
0.7081811793416968
0.6405861720571825
0.6530907477094783
0.6460517793330954
0.5284672777263
0.500681966579674
0.5553816236165904
0.47032801118307466
0.6474621572560988
0.472747936202248
0.49235474259848044
0.7080628054313588
0.46383346151193905
0.8175907967555998
0.648754318108698
0.6176162813004255
0.7307314676653792
0.7671478462841662
0.822997781521082
0.6011041429398258
0.4905207867605813
0.5343075836862407
0.6733370142493594
0.8071413497430139
0.51864906339348
0.3589124730076853
0.41736943491580103
0.4441130734595694
0.7842544797470448
0.4990875500251425
0.3036936505948717
0.6102174305608274
0.3540243701808201
0.7948965995277258
0.5640063470456136
0.4405974890096664
0.7411519194028755
0.4180411344524074
0.8564734096049653
0.6718704488133462
0.6077187554017616
0.6064425504111999
0.6280379138450006
0.8168510813233283
0.4897347571677105
0.3187002518926252
0.312517490556921
0.41728128894070615
0.8243950321578943
0.43238293088027246
0.2728213332228008
0.35586522426458694
0.28259245489764884
0.8418089375847191
0.5368872497614132
0.4048922661629355
0.787829806244821
0.4921839000461854
0.8204582727142447
0.6498018458846168
0.5269948285439633
0.5107592869291053
0.5445246680335012
0.9454327822723014
0.9430936105759564
1.052203076511801
1.0194747749323632
0.9348623574827957
0.9468946763650602
0.9340787492859779
0.9625669424142911
0.9572902995873336
0.9372254335044743
0.9460639283652715
0.9308869888347625
0.9295705934719009
0.9337408380815105
0.96099678432306
0.9541671671532682
0.935271612005565
0.9415155543586808
0.9403042552349798
0.9650271524364916
0.9530929336278556
0.9442175160906802
0.994380039360911
0.9327332884475947
0.9631493715615917
0.779698160055191
0.746558327923463
0.7247367818895426
0.7479009012745811
0.7560182301173607
0.7688404870567642
0.7430295947945635
0.7586066337138963
0.7855478392134652
0.7685280120297401
0.783462649798582
0.7240543301294917
0.7126118796418868
0.7821026586655657
0.7898843306850367
0.7895359871549836
0.7241346575000205
0.6423347351290537
0.6479503046462577
0.693416620965751
0.7978222600024925
0.7085458434028896
0.589756261345686
0.6045105761806091
0.8389104236784992
0.7037242823532597
0.6625106761030488
0.6301608080103983
0.620500189584033
0.6498409492200462
0.6927363003140661
0.6257705061313449
0.5936967416469124
0.6481048379869101
0.6927490589838305
0.6883743909496854
0.6129886444520491
0.7096281902593298
0.5974633780108798
0.5989539163387778
0.6744173193734985
0.5699808480845864
0.5403428370902521
0.45476837494037153
0.3651511547761132
0.6936643218192028
0.5568422193697403
0.595848053594608
0.5624739197143088
0.26789035461430377
0.7967577648823665
0.6342913404559559
0.5472686161676957
0.6173768749464563
0.7406933267756672
0.7594743616421924
0.43144919062263054
0.34191523295780923
0.6534347431587822
0.7971085823790576
0.7721365657275834
0.3216628195584321
0.18172037550497433
0.5632164419754522
0.7304062715641436
0.7718738491663267
0.34987776449843694
0.3916327701199891
0.7359376536516259
0.5321564124341215
0.7850708459393552
0.4154039152612043
0.47281684506526817
0.7350305984503044
0.37794277828440187
0.8365940437821148
0.5187529314734557
0.3410725831519155
0.548284506877518
0.83431239403852
0.8022108956234473
0.35896364808552356
0.18733756741638302
0.618014394730204
0.7698453558970487
0.7886704643060086
0.3638993556740245
0.37886348775629425
0.7607405785347473
0.6046773194910122
0.8334241597349942
0.42113273898195447
0.47086153579551454
0.7057874174220243
0.46341245409313014
0.8418617183317773
0.44113088302725073
0.2913134354990342
0.36806053354952967
0.33547801269896105
0.938880614241442
0.9452879228885962
0.9513167993630363
0.9452949524795068
0.9379394572568923
0.9266038170968971
0.9293624340429483
0.9312236999186224
0.9464312968785871
0.9599994417760654
0.9310361470815874
0.9596698957395922
0.9710371719160187
0.9301097842034705
0.9603959819250354
0.9404162293790024
0.963237966755646
1.1134883269444353
0.9491651062846184
0.9396465381491457
0.942310918782747
0.9362117026535228
1.0655918703349143
1.000829770403653
0.9343791700799173
0.775190052881049
0.7543694383527738
0.7485946994107135
0.7779435240705934
0.8207986373559701
0.7501148348192316
0.6779373734570517
0.6566976970907036
0.7017294969754887
0.7341159348123193
0.7523030208151852
0.6493549507591998
0.5633808631489718
0.6135808094628367
0.6715700961014188
0.7690625418410423
0.6952632802578421
0.6407291592551437
0.6710352139360496
0.7040214216317344
0.7639623086180226
0.7426178615528947
0.7673152149090355
0.8116106427562192
0.7592086653351641
0.7020118250694612
0.6533317106378425
0.6223758622746525
0.6014276448557117
0.6328908951890183
0.6555808356567852
0.6490260704984474
0.6838126922293443
0.52813798378006
0.4463511685725577
0.6420213533164487
0.6525860634305307
0.7023196870559817
0.5376857395814331
0.4970200864525875
0.6655882251725534
0.6711060968586642
0.7404168871835005
0.8322735884777788
0.7486927806109176
0.690440317018869
0.6528300041670084
0.588833729313287
0.586629137041371
0.6273809410015793
0.7981826150736442
0.5919978006055192
0.4235197917536903
0.43281956370636404
0.557120891528074
0.7493539427513567
0.6398298573195614
0.47945232093235296
0.40087859911435214
0.4555927945597171
0.6901204291590514
0.6940157820702391
0.661665939866077
0.6324704671131246
0.6224680705237453
0.6667758811786557
0.6776956343830066
0.6293899419372141
0.568136774019123
0.5585129198293406
0.7315365417552646
0.7089447041546098
0.5772545060355024
0.5264355594849996
0.5289033823270679
0.846009737730129
0.6873077873448996
0.5582338593160113
0.5341455324739616
0.6234229587430554
0.827544285769741
0.8645055456712482
0.8637866283751967
0.8316264270532606
0.7936519977317867
0.7734207869377935
0.7468273014745933
0.6478918266876512
0.5859810705293687
0.6072670771709487
0.6797605985117736
0.6217928893510593
0.495438018996763
0.4416647737833224
0.4594971181120964
0.7308443857461563
0.7076533866971316
0.6282620296180736
0.6370181241033699
0.6326782161237382
0.9343374229689468
0.9440870510793783
0.933638301820689
0.9508332781788609
1.0135570499065725
0.9324923282501939
0.9669820011725091
0.9644551548772679
0.9326551895618033
0.970985605317796
0.9235861311265834
0.9558869819338056
0.972341768005858
0.9356058430621015
0.9786262240212601
0.933642647467093
0.9595106661558878
0.9795932948521265
0.9395585641978514
0.9685241740805022
0.9280551688015438
0.9518674797978043
0.9735747067660248
0.94113405756914
0.9579784012718551
0.7721892626931898
0.7539352755099392
0.7570519187516569
0.7147484116766575
0.6868380473783788
0.7735663248917409
0.7158543400425764
0.7190561657291874
0.6950852423501137
0.6708563944388595
0.7600994643700247
0.7219752415943902
0.7203662420383047
0.681955141962753
0.6249113626853706
0.7247230823520865
0.7465878207853305
0.7156266943369693
0.6714656045785803
0.6898317130586517
0.720518331093161
0.7144906634778371
0.6644390383234661
0.690271729202022
0.7228243731315558
0.6960179483626673
0.5148620114425732
0.5258204255286666
0.6448553069272929
0.661841920446907
0.693889845349705
0.4161233476104754
0.3944565813460096
0.6452731366734563
0.7245347881505251
0.6991484050908036
0.3863684856486058
0.29113094841872417
0.5182286116821732
0.4741928142890941
0.6903220465985256
0.49643763393124807
0.4290174511260526
0.4836181499071004
0.5051828964735654
0.6655247503404524
0.6157039041436353
0.5793469431423994
0.5902572106957674
0.6124072568262254
0.8014005500218082
0.5795668224887147
0.5575085810365338
0.7724100505266178
0.47117304183080333
0.7686167148547967
0.49169414141872153
0.341672802457711
0.7282336636000855
0.34670377164360305
0.7409245425707388
0.5790400109856957
0.4364167451090889
0.524123258434335
0.40103588657851774
0.7594879460434406
0.7111050585403142
0.6117122122057204
0.5663613296198287
0.5447375904701588
0.7552591911477251
0.7397755856386449
0.7315529007567526
0.7383213446785126
0.7549194941813662
0.8360978348247192
0.47625074699970343
0.3653287411938484
0.7971854057885341
0.4470023105902091
0.8372705048234046
0.5129453002977836
0.3844380956463977
0.4719954311837627
0.1797857922017899
0.7941677249544414
0.6992480636382099
0.4981470537618452
0.3918569799076666
0.3644022211239882
0.776456724414788
0.8269358760030978
0.759805435655751
0.6887877852867668
0.6795072426520721
0.8158315879363487
0.8364172175211916
0.8513034151932548
0.8215564615401384
0.7938541542574963
0.9293629487137443
0.9305340680635024
0.9218542775685756
0.9795902747716996
1.0070451623706627
0.9405573617552164
0.9670760224682646
0.9473357559085958
0.9549092972789133
1.0595653632247137
0.9437876725452213
0.9756594864953408
0.9533388324990288
0.9291266140510669
0.9563957613622925
0.9334383137521416
0.9759504042572639
0.9603962161499183
0.9352725077334941
1.0582851114266036
0.9320328050040011
0.9720563034643204
0.9648178247743467
0.9364603213937538
1.0315948868385498
0.8072562405889446
0.7118743485296477
0.7462346830093926
0.6786577339117916
0.586118498659481
0.799547227107852
0.7234307364795232
0.7046727757337417
0.7270290089679294
0.6244876842462773
0.8014862393431201
0.7522711988488389
0.6855045154727046
0.647793536058964
0.7042035050003875
0.8168699641293109
0.7815316340663243
0.8304396154432414
0.6878410169888162
0.7224919476204053
0.8263982429127159
0.7794714073152417
0.90812796338624
0.6844080017282239
0.7107474352188463
0.732016625211252
0.5295844834610444
0.5626977695856912
0.701903105704506
0.6009776858951741
0.7246666942485939
0.4899198764159419
0.41892987772253293
0.44966841073264296
0.49595476366254126
0.7155431114104148
0.5081619067489785
0.35222949811878557
0.38771993387548864
0.5987931225897032
0.7136677844666668
0.5293527045174201
0.40289522994871285
0.5045822720726812
0.7505164619128919
0.7259849699576877
0.5131494274262746
0.3621668650725395
0.4414769448302069
0.6761195024080799
0.8137020249378383
0.5851788413934041
0.5161571680026673
0.461334028876374
0.14744123789037772
0.8243342680273956
0.5644960005240472
0.23290533503836264
0.11112797637980859
0.1932515745596008
0.8292176015964141
0.5758077923819704
0.25306952990998305
0.26757364563840047
0.3728947066117628
0.8179004467069702
0.5616647319899232
0.29719725657042645
0.4359440202589627
0.5811620685980255
0.8056674112712424
0.5761531609665357
0.24435381865172862
0.5239921898170724
0.700489580231409
0.860367866441579
0.6027047488546582
0.314779120626468
0.24157072652667477
0.2035909071349925
0.84426720788066
0.6174482943181197
0.23935542622338118
0.19917140936597938
0.3454270206767676
0.8263535393279263
0.5895098158782397
0.3281296986448275
0.43564882747649264
0.5355099283411586
0.8485633975906974
0.5195229613927719
0.34392687936701405
0.6184220363488644
0.6490270310801902
0.8632033286112045
0.5455862386955077
0.4636142890991129
0.7466334951714255
0.5824456175648919
1.0951246026779147
1.0104107009605099
0.9549506657247674
0.9482065373090213
0.9601911915927167
1.1237447263074798
1.0027892608852338
0.9510974895340689
0.9421624205139374
0.956420477530179
1.0770165307161093
1.0500776519688315
0.9721504721047154
0.9489332258967329
0.9467179605880168
1.0497392809952697
1.048704869810268
0.9815670414955767
0.9545563467014332
0.9574375559455968
1.0735547610870388
1.059759498723574
1.047561503845476
1.0538694048932422
1.073240000364826
1.0332816865388372
0.9552597523668287
0.8940845338236271
0.8783114214631832
0.8873628200225047
1.030422122198365
0.9645320448557008
0.8977538474454274
0.876633395104814
0.8765949308953364
1.0188429757086073
0.9997040634472851
0.9312025868831527
0.8991707704932089
0.8968661631567525
0.9740958066917965
0.9538355867400028
0.93919950748682
0.9413667485484224
0.9556771899628277
1.0001171138223284
0.9217451321346037
0.882455045815299
0.8810563717585279
0.9133065056984347
0.968862156912492
0.8464739975196809
0.7925421408734608
0.7847552789921832
0.7973219389953977
0.9224537317452961
0.8519277630925143
0.8063189486648543
0.7930680724952622
0.8003033947016449
0.8567142589898844
0.9277796542920095
0.8422692540515775
0.7810998709512117
0.758396429475093
0.8395487338024645
0.7728361029411632
0.7326308089667143
0.7267654429801748
0.7386615025320385
0.8866850600801763
0.758344710114318
0.7478431193963402
0.7580080589952124
0.770737135211192
0.9330465521386996
0.8112202601890224
0.752672596128544
0.7436761341002064
0.7549174800784578
0.9252534499774335
0.8184169819966357
0.7650071577088794
0.7463207873554131
0.7452151433546341
0.872470716323629
0.8569258476774942
0.767513333822764
0.7298618492091682
0.7289142603001305
0.8283032162907301
0.6967409967797944
0.6659411483994134
0.6741350133570984
0.6753470061500065
0.8696309170679967
0.694219205131998
0.703531976131797
0.742026210586898
0.7154434138463378
0.9321939928687308
0.7853452683271714
0.7329304277887714
0.7310063915253611
0.7356467468689706
0.9030434093860467
0.82602726387087
0.7703160369034047
0.7525680047484822
0.7547119939090721
0.8388470414888153
0.8278171728349502
0.7268041509668903
0.6916849388480627
0.6775091214970748
0.7912921601547256
0.6676375548756389
0.6579813601107277
0.6918540765240334
0.6601589875328608
0.8328098212240088
0.6808440542179415
0.7195290248006841
0.7647487209437229
0.7166937180632201
1.1115233729736325
0.9492266333656352
0.9534627034023593
0.9909557567131909
0.957155765450348
1.0763269044588069
0.9739275725627937
0.9428996612896376
0.9782505587717233
0.9604068744305616
1.0281169354585278
1.0304396488764105
0.9379077430652589
0.9594530074907234
0.9590139760015414
1.006937426863838
1.012205413962984
0.9398944045546753
0.9352753125682255
0.9379195293107576
1.0508327165090867
1.015720862461478
0.9748612807971301
0.9624490570123254
0.9715931514801011
1.0193213106155152
0.8749584560993099
0.9032324735160777
0.9619785095341421
0.9053902243845054
1.0024498322893922
0.8458489827867546
0.8656093015995094
0.9145320301626116
0.8812421825407842
0.993531122343238
0.9026285270070614
0.8622394749644865
0.8659051183117467
0.8591641317860821
0.9860626143590359
1.045477841771826
0.9475339350345655
0.8928641777183862
0.8779676876047177
1.0107028865241747
0.9729450897462775
0.9414717503433039
0.9372146381261948
0.9582660621385909
0.9859974689467759
0.8040470475931604
0.8153645344233118
0.9217771296396189
0.8596150865462004
0.9952992105156172
0.7966103934441716
0.7886842599432117
0.8385226491703721
0.8020006873882861
0.919263883772299
0.9185227263551775
0.8645995704317052
0.8316094655855316
0.806953757573603
0.8784954154151963
0.8819420809171027
0.8716958636982268
0.8650338066709048
0.8641410986098809
0.9055061098846036
0.8529987928542748
0.8385988857209676
0.8611367228270297
0.9251286534864677
0.9925973915904657
0.7592087214472736
0.7729042284645156
0.8652770560842987
0.806269004480056
0.9373303838480359
0.7611002794955883
0.7510518965849047
0.7826944392710907
0.8153126626462335
0.8765741251585711
0.8341259735854679
0.8182806604214344
0.8764099716344664
0.908906379867165
0.8298444987917073
0.7945541555175905
0.7643404413713331
0.7565874255373644
0.7806676406848666
0.8537234892712607
0.7741467417675902
0.7560130240067628
0.7707617581953763
0.8161247763095045
0.9923249095281368
0.7925363232046886
0.7585343427576031
0.7931834315133178
0.7702003510619101
0.9701587252200545
0.8443819954020809
0.8106471451745733
0.8131955677239276
0.8486373215247085
0.8959886840693885
0.861691754992385
0.8112478875468048
0.7933749501240557
0.8056895034752369
0.8376548758378325
0.7535801949901598
0.7265983925183366
0.7481623256574746
0.7477787374618823
0.8549280248390538
0.7567950971858064
0.7555962731143256
0.7764327877785124
0.7923043958174398
1.0903768379901246
0.9527875506777057
0.9487237945504813
0.9892860821975342
0.9626225844706213
1.056969852475711
0.9433917729380275
0.9582885137889711
0.9738386871975467
0.9351209400397837
1.0419683432488256
0.9406392843127105
0.9477772202921968
0.9506675116119725
0.9328185379105929
1.042878109708668
0.9310259944616355
0.9520467415516807
0.9637976073065979
0.9369229629747607
1.0882366541274946
0.9424611266439589
0.961451500676617
0.9876698389796141
0.9417991600241465
0.927864637537756
0.7904253301272024
0.7865963400018239
0.8896023064926473
0.8189317986143256
0.8856810705497107
0.8101614957200155
0.7449819420056678
0.788395601177648
0.7439228233808044
0.8511825694289261
0.8016618515705504
0.7288295895374819
0.81195545400275
0.7586055004178889
0.8541348474651064
0.7929206367957692
0.7356828237552434
0.8712808974766207
0.7641674784833196
0.8743433793127792
0.7677516549265068
0.735958296536237
0.8190148596283899
0.7595865042428083
0.8836054295083189
0.6836084745357031
0.6741954199768591
0.7699602057919355
0.6875185528901303
0.8378681279775805
0.6546943501412438
0.6503817803552508
0.7927213751056761
0.6648806971745207
0.8354613802906219
0.5950285160329619
0.6009179583623971
0.7934074332553214
0.6400967150930855
0.8630216360255206
0.5617305644661047
0.561680013261875
0.6464493274815454
0.6189096948523864
0.8587052364070676
0.6065790028590613
0.6031337448387324
0.6984605637932199
0.6515065282669763
0.942607532545612
0.7809297315936766
0.7131032864024771
0.8250162801632404
0.6955888078283615
0.9045688016965527
0.8226242148367308
0.7471410513240165
0.8759657166457324
0.7264430473691866
0.8675827556170643
0.8334957932206265
0.7132420500910541
0.6957911884940517
0.6218040955495342
0.8713993688743156
0.8269627430656885
0.7086756761960885
0.6673910796776782
0.5944513670166124
0.8813073012207272
0.7799219348867468
0.704124761380839
0.82128616061888
0.6963001200595769
0.9409401780840712
0.755720595822711
0.7092716993285444
0.8463641903168447
0.7144561238674982
0.9521089595465831
0.8512299577176986
0.7815803394541497
0.7908495540039884
0.7899122708055507
0.8870095552017386
0.8231087837364727
0.7202311062581936
0.6847537595937899
0.6694207964224855
0.8827484390119088
0.8152477787111064
0.7164822144048153
0.7562183167349903
0.6715028805446245
0.9041901543702023
0.802078641552782
0.7315931596091562
0.8380465490152098
0.7345837018995097
1.069092926828052
0.9626084560202638
0.9366568486303095
0.9370833029789458
0.9493829172540106
1.0495724861594788
0.9745594324333459
0.9504816082002436
0.9533911256788593
0.993796031106292
1.0248081174570323
1.003885557178755
0.9956050842561849
0.9934107077915282
0.9984401578343565
1.0127584857270797
1.0811192893234178
1.09601373818614
1.022954118894086
0.984998440069954
1.0190675748602454
0.9873725496595769
0.9420092576403035
0.9282452413465193
0.9228982831641002
0.8832871524388991
0.844123226885145
0.7524719506601597
0.7204589036414429
0.7158833829053189
0.9417262751108549
0.8562534755461751
0.7805783539520493
0.7473975934199707
0.7525749753824904
0.9022262566816656
0.8822509954688936
0.862770165024133
0.8514659132999581
0.8502485371727143
0.8407285277400246
0.7033255503022858
0.6954230980243926
0.7126408571175672
0.7417261845806181
0.8621642986695034
0.7094437565584318
0.7599996685551444
0.825293318544418
0.7661156462499707
0.8934060281215055
0.8189245126047043
0.7522977164733226
0.7344336134355194
0.7565717570986498
0.9018927284966024
0.8444979042334798
0.7886884936696823
0.7670963476248057
0.7796626203367542
0.8669404853863555
0.766768342818324
0.651641110970844
0.6025813268843024
0.5953734104325493
0.788931476478734
0.7616221904811495
0.6339419206560435
0.6292200009196285
0.5800446972686891
0.7546613216802067
0.691716900647081
0.6821619044245073
0.7803212228677652
0.679298285105234
0.9045030429078393
0.7939763964204841
0.7680837173449958
0.7729186239304959
0.8075010072906103
0.9180977743734744
0.8365397282654847
0.7825940737385525
0.7673911649632886
0.7885407738343562
0.9064428976618655
0.8189674561467317
0.7068888714548961
0.6598812295394672
0.6471286003965283
0.8928817780370415
0.7548294385103465
0.6687467511255387
0.686192828209961
0.628578149504007
0.8902565080979853
0.7620420312400393
0.7086648335932875
0.7905775250207441
0.7155461402896096
0.9254108088684211
0.7672272947773232
0.7529090970656466
0.7741708463909851
0.8189589479174163
0.9229032821143023
0.8390091732721143
0.7648170870891083
0.7411158230853745
0.7556256051223829
0.9102011478172897
0.7981179405089208
0.6886095556386367
0.655514546283418
0.6176868065825847
0.9110692602716608
0.8016475371270428
0.6919360790714902
0.7018250845013982
0.6393359162981076
0.9188538905495384
0.8126562135418957
0.7196637454801154
0.7288537923578021
0.7063336249406447
1.1132221021780413
0.9516861781634494
0.9452694703170844
0.979964758764796
0.9438827719601113
1.1300067946581538
0.9835637066457831
0.9362205713541796
0.9344730455169677
0.9305545336307338
1.068621494300172
1.0282822116803478
0.9673613198288468
0.9374169917051414
0.9320256215567846
1.0256485615043243
1.1226373845675117
1.0703825947342167
1.003253675523657
0.9765545141584029
1.011548880356626
0.9959171298990718
0.9842643940570627
0.983983593690947
0.996579739204891
0.9739632219373706
0.8606883110593738
0.8347605742140799
0.8586652081021958
0.8407226740285746
0.9852450963209218
0.8776167789494222
0.8362665978273619
0.830701718469295
0.851945273550214
0.9804863372930698
0.9555444248266162
0.9501771065686203
0.9601342907285882
0.9682328685899306
0.9903028216517996
0.9681778050034565
0.9168624411499962
0.892151461272105
0.8991610675454458
0.9909078012886314
0.9085461685220912
0.840268351468886
0.8182415601546708
0.8283307610496141
0.9183761146511324
0.845753267892439
0.7632011240617224
0.7543849187433321
0.7536518896484675
0.9238821199208376
0.9254508235106265
0.8933641940188736
0.8845190112582646
0.888029064778501
0.9483947298711701
0.8550721148902857
0.7825367018087237
0.7490347950819223
0.7578179118447155
0.9041324784539859
0.8345450751705931
0.781042098413622
0.7642003885647863
0.7687389584161706
0.9000462592860224
0.7699053932855228
0.7224335362945399
0.7162287021848773
0.7323300087793805
0.9393128267602672
0.8611886972117502
0.8132206046301464
0.7981495878094388
0.8145051352282794
0.9180499075091696
0.8617301711705336
0.7953741776034978
0.7686414195169249
0.7847341730520441
0.893296411785464
0.7896988372067405
0.6991738888859813
0.6596449238848869
0.6575271832681102
0.8746363245518814
0.7916159115453792
0.7282150747411077
0.7236108177937008
0.7413932981454293
0.8800626359902103
0.7360788023828045
0.6796402869225855
0.6824815163043509
0.6986044937967678
0.931480621324865
0.8675088925182936
0.8273085515164739
0.8162230673300894
0.8338306362110914
0.9188090492553177
0.7357563463365252
0.6377640421718063
0.6046427364327901
0.607312403186942
0.8812414961422214
0.7476201995687052
0.66452312234722
0.654703534289829
0.6525614374069575
0.8667538642482534
0.7828871554966901
0.7246057762085516
0.7270127307697937
0.7255736847231918
0.8936577959386078
0.7298612491366979
0.682484726063236
0.6889527225624118
0.7010754295713854
1.0432542183032552
0.9662077098480014
0.9468025099928251
0.9537450971345378
1.0001729766328453
1.0157105812969949
0.9974625979051563
1.007535299836535
1.0449989939388398
1.0805137003710754
0.9765037468727397
0.966465711038429
0.9617380086834987
0.9633782778512918
0.9736399352690959
0.9594899460094471
0.9262933989218031
0.9299509588225003
0.9340647764364085
0.9386171042904347
0.9890105391983205
0.9367504347970932
0.9455034850578569
0.9408797680888915
0.9423809392848937
0.8544948221739703
0.9089378337851134
0.9424921364854163
0.8914615121839037
0.8550369953645055
0.8432182029728454
0.849537573000695
0.8142389873134331
0.7872750000623648
0.782542128828859
0.7910826015642268
0.848252014527618
0.7679174372615327
0.734718330895719
0.7263883994354969
0.7898844667307803
0.8349117040487017
0.6919772250019732
0.7020208244711259
0.7043464661247525
0.7960541772942066
0.7770373380561713
0.7067363088451584
0.7407267967832676
0.715717651145916
0.8339478954094481
0.8055960958343534
0.777378712043462
0.7662264235955818
0.7744585281231319
0.808404383087772
0.7379064466223297
0.6882824047829394
0.6895682078510088
0.7066630611436581
0.7634868795658374
0.5439578912897864
0.5429387908962237
0.6008059172644119
0.6173779842438225
0.7140533625390911
0.44321332798915136
0.4750007122111103
0.5418285686357313
0.5229280302526148
0.7369487318527911
0.5443966993781348
0.5741761452564786
0.6205026160245969
0.5688637461707982
0.9167510296806276
0.7961483582440824
0.7095254452795573
0.6933607783261252
0.714679688076252
0.8891499974434325
0.7672195419179949
0.6755368841194269
0.687157497028581
0.6811429845142412
0.8302691279001563
0.6788679771551536
0.5664957694440036
0.5668768831029206
0.5284735931877044
0.7514804438537369
0.5775163581328145
0.4810891035156777
0.4982201382178211
0.41623547457439997
0.7540870616493651
0.6237665280242325
0.5409620507101888
0.5569824999771494
0.5105348889903721
0.9303822668334428
0.7224510932028492
0.6331274532597795
0.6560834884730858
0.6460759844205811
0.9153338821892989
0.7180586559700628
0.6271862139684483
0.6687318373917993
0.628597290534544
0.8692424555619931
0.6594722887394197
0.560467300228987
0.578114107979526
0.5149701584070276
0.7820052724378463
0.6033225675051037
0.48930694897553345
0.4807946115073399
0.4348547216966692
0.78200093166084
0.6615250368357407
0.5765150314766926
0.5598463092126138
0.5639270468098412
1.0250225411086173
0.9752348885440155
0.9370027707995136
0.9777647268314429
0.964959112745721
1.014195088974738
0.9731849898647712
0.934745517462321
0.961107963300642
0.9443730587932783
0.9903998835605551
0.9478747007943951
0.9493588111173368
0.9839996183849382
0.9569193802299064
0.9859674336108452
0.9288769447949576
0.9569595653246692
0.9909388500038719
0.9571889687610442
1.0110197507041525
0.9401405890771896
0.9377294962449905
0.9378049387862504
0.927996458794951
0.8769178389642605
0.7895316850790804
0.7883860679228006
0.8319400022314862
0.8018356541582312
0.8746713817057722
0.7727567131133837
0.7831495248737139
0.8880125330205962
0.825591501707323
0.8668159433935738
0.7839628865037446
0.786881981503823
0.8878742464579966
0.836062057225449
0.821699585852296
0.8544771714313867
0.752385422154341
0.7468943489043814
0.7368740403406766
0.8048947534460767
0.8905527703823609
0.8384751859038523
0.766098974541471
0.7380770035158488
0.8215777356746445
0.6461648165918545
0.6526154692615607
0.7248258804113262
0.6713620860536993
0.796637571743656
0.577289953905848
0.6298666455072625
0.7980449484300516
0.6666827243174438
0.8320063431779696
0.6600090919787365
0.6328561350059915
0.6595080653762649
0.6529390225187269
0.8671004695730262
0.7926609060048259
0.7355375027416768
0.7190373790598679
0.7276334813016474
0.8223892161107638
0.7725571887785302
0.6936796886126745
0.6610854574424305
0.6611008308731193
0.8979974721590733
0.7040212801579119
0.635437594931487
0.7919804117977173
0.6132582313478301
0.8428946763598867
0.6189999393895567
0.541839489781055
0.5847142781376823
0.5341063402388142
0.7696674716994468
0.6816294069463616
0.604981208073586
0.5878963292675964
0.6140765645796841
0.7923217544932118
0.672936063234166
0.6435472929794206
0.6646707243038319
0.7283688700539369
0.8545596574018737
0.6366157067360602
0.5967757422545132
0.6326265607640789
0.6747762706121866
0.9012939096909353
0.704789707969295
0.6261140120153587
0.697887804226295
0.5835882210701593
0.9205211969569088
0.6748004166995858
0.556069410947766
0.5326376929393886
0.5531477803040719
0.8527838180002275
0.7154395174132959
0.6458688366278105
0.638545322170757
0.6832730347362332
0.7547978794449344
0.6297217365920799
0.5860290320005379
0.6209403575753683
0.6673118195223651
0.8357793495765186
0.6486523578688153
0.6384454426091303
0.7323733425215486
0.6820102271260164
1.0429830804852172
0.9581146561348381
0.9361561914558515
0.9458017441846415
0.931864075107364
1.0654358967400333
0.9439859846782778
0.9578205880999983
0.9806469761855693
0.9424268385533332
1.0629993204946546
0.9695910953409022
0.9388725559113935
0.9631206908954921
0.9406240145249015
1.0393668958459679
0.997825015265221
0.9368734188170154
0.9629968098739873
0.95401731137525
1.010995191033485
1.0239743633682756
0.9329854375470819
0.9610000274526206
0.9612289031925082
0.8627484911814535
0.7525846439013967
0.8136300709901189
0.8961401638682501
0.8003395573138322
0.8754909117973003
0.7512284717705143
0.8156834251583326
0.9427296571587518
0.8108807340265153
0.8437643549114974
0.7257544654020163
0.7994397215565395
0.9156983593562464
0.7772187885157841
0.8132958428812147
0.6817756220030055
0.7553672559662507
0.826671978661415
0.7445414944707158
0.8274320870798495
0.6795088649662606
0.6923116665504521
0.7163917944818651
0.7137869460401244
0.8584648463404595
0.6952812847279954
0.6972195499006658
0.8663575239608742
0.6611659531483562
0.8546238398964653
0.7113108008029283
0.7017540955892009
0.8882180289286935
0.6786320526807286
0.8213204685222123
0.7261357909567409
0.6987409171805838
0.7922021452877414
0.6929579893904794
0.7438722163795108
0.6688794246575092
0.6288666754420668
0.6487341509266784
0.6447813889506439
0.7478976853052229
0.6583578754302575
0.6252541695342135
0.630861357099532
0.6479409901199387
0.9140918307447562
0.6925680513076437
0.6838376191912628
0.884652239579407
0.6949550080332099
0.8689646600123613
0.6811952891720434
0.6533747248821826
0.7626694001525575
0.7089208535641818
0.8110047508407027
0.7787843119306416
0.6998755932496504
0.6849672598621852
0.6890568151154571
0.8674287017592938
0.8598305688433721
0.7828856420289441
0.7512146246160758
0.7670862698494787
0.8804025924399066
0.8217473474177139
0.7500189272647054
0.7151285457863902
0.7049716230420006
0.9460200168634084
0.7024586266015412
0.6774771714204666
0.7862799828849285
0.6934587385325541
0.9233708623873494
0.6598823916196814
0.6109949227471044
0.6212172017786365
0.6490075731823928
0.8762380980958975
0.7384144395305415
0.6763703973311208
0.6377694608065752
0.6366367036902483
0.8170917754954631
0.8390300132523899
0.7856767020368416
0.7346558880403586
0.7265354711581723
0.8361808138076793
0.7983511761889627
0.7864452135906146
0.8132292566587453
0.7187293195581106
1.054814897386123
0.9832034577200538
0.9412597272087335
0.9742756562126033
0.9540613957545869
1.0648611342851744
0.9618909645179979
0.9428584134662732
0.9672544901096055
0.9442040638593913
1.118650793658073
0.9757410575542439
0.931081378229776
0.9287425461284019
0.9203205400895126
1.1184888164996092
1.0737510380713753
1.008210873318927
0.9844387070781596
0.9951535268034215
1.0949612002237499
1.0518102875881539
1.0136443203724208
0.9969648990235237
1.0076145983456632
0.9070627162153703
0.7736921738134548
0.7849393589390375
0.8783275207923861
0.8177114453846495
0.8312397965548456
0.7664065997000892
0.7268578849307261
0.7680094963420783
0.7563183384903456
0.7732122163275501
0.8041059935193109
0.7446022796747345
0.7110078694589158
0.701844658466637
0.774202017268253
0.7182265053742518
0.7150616800053909
0.7539686643496324
0.8143374028228072
0.8270078987482784
0.7057723710654431
0.7096352110008518
0.7266619540035725
0.7282967138633436
0.8490748052863488
0.7330218811127495
0.6845940910073155
0.7259189206629144
0.7009373332308038
0.7911920867651692
0.748318519878272
0.7194327067857572
0.7267120538254762
0.7603480313357629
0.7408056595072169
0.7296023671571513
0.7330397238771823
0.7471515520934282
0.7557560024360531
0.7559452491417078
0.803753277501395
0.7016827278559902
0.6080421970248399
0.5645476964100283
0.7999945742544479
0.7211276390104586
0.6414400354655115
0.649953031557724
0.5937593163641001
0.9213498254569243
0.8268871108145334
0.7269489913593113
0.6890367916583198
0.7025269564033221
0.9213990940654156
0.8934173348834933
0.8651423086675214
0.8531116296790205
0.8586125262794828
0.8136913035097827
0.7587051144863025
0.7620090657341257
0.8045700165882063
0.7715188674465013
0.768017671735011
0.5772511877086284
0.5615362554636865
0.6452920058820942
0.715577971112335
0.796471618447241
0.5555224974071952
0.5449915614540266
0.6865049303802657
0.6816064824920396
0.923115915013857
0.8435229316081546
0.7783565055299768
0.7439478057162278
0.7517185397192703
0.9415745974357541
0.8935329105871099
0.8831828654128041
0.892423907412049
0.8670443124840694
0.9130083953156635
0.7849491002931784
0.7626857713424792
0.7214936550519169
0.6891085975138175
0.8451216056860439
0.6130773492959697
0.5967055130215447
0.6699675649907357
0.6102420359561935
0.851080340595169
0.5886087527703748
0.5605787953415367
0.7051089302841974
0.6518589553235561
1.0576233246475713
0.9428314302486948
0.961590405645278
0.97994389985954
0.9409622063092228
1.05874959637975
0.9802355058148318
0.9452419948837892
0.9428618478026651
0.9646903906966142
1.044146867315693
1.033933288162606
1.0041241729975203
0.9854804048001322
0.9888617551727935
1.0351990266417361
0.9934149589926511
0.9432690407116036
0.9344825408771688
0.930675794367431
1.0384560872526518
0.9548704333609273
0.9446773106921542
0.9667468473661139
0.9432247201163213
0.9524280947888751
0.9144243503867648
0.8085006179743924
0.79449502991063
0.7954844142245012
0.9570603472808951
0.9473011571986183
0.878401185268175
0.8454693688795978
0.8497627591620219
0.9993275884104819
0.9146200788751623
0.8476669200391369
0.8313542916524789
0.8350742022349175
1.0034941343491806
0.8638616819691157
0.8456061860995359
0.874110939768026
0.8660923755365342
0.9729946937045605
0.8341362347536319
0.84550260367398
0.8705281867167236
0.8591071515304035
0.9447390404654515
0.7789206066984614
0.6996491594226019
0.6754509901674426
0.6884364740052429
0.9503644535530179
0.7847007367145968
0.7147473532690343
0.7315225345855145
0.7351362929737665
0.9048218252724536
0.7824337050265899
0.7373429680188092
0.7944975002125343
0.7573801627057064
0.8638395574937299
0.7521986755456698
0.761524366340067
0.8319500022177025
0.7609080698165005
0.8566822388782155
0.6970669510455328
0.7398619179577859
0.8127748336379252
0.7550637423665217
0.9346802550103797
0.7456709612320965
0.6647587570998644
0.6621692671086835
0.6695420212408529
0.9179123761679785
0.709821742286492
0.6759903909097235
0.7169324223799582
0.6764832448221672
0.8773057339082025
0.6938296072973454
0.6625715136694168
0.7545601862718635
0.6952740470420999
0.8597782323362219
0.6741966792067564
0.6494389281619177
0.7580954595128119
0.7097097083851014
0.8639792625156457
0.6730832000305875
0.6319066229567073
0.6742530580248984
0.6373577272574806
0.9605663187308437
0.720449835394427
0.694722383431022
0.7157726607419657
0.6580504044724712
0.9338708226212937
0.6864983397110705
0.6903746008733141
0.7812154583730104
0.6905146629050843
0.8848511757805667
0.6725771779160381
0.6406889180785994
0.733481459201673
0.6332444089975504
0.870734114848749
0.6551184836484257
0.6089464000441976
0.6811539446310588
0.6357476186397399
0.8429292975897169
0.7336396148593589
0.6240317069473066
0.6393373174574257
0.6316039526424994
0.9669691177905931
0.9707444315153242
1.0131228390005786
1.0963336952086813
1.0842118686866637
0.9825536658516174
0.9468297612380268
0.9402018821624886
0.9552009468701519
1.009036935174173
0.9555347815133249
0.9309409362294456
0.9452058693996107
0.938196176946859
0.9598962146143247
0.9441154477109949
0.9344647925743833
0.9498502560634526
0.9363484499935077
0.9793211063890851
0.954626539165569
0.9378522876490004
0.9404967508037773
0.936465368431457
0.9584405557727111
0.7807527111805399
0.8151649516419104
0.780242362333996
0.6828903908362988
0.6515266610975584
0.7997659932367737
0.8271055687399513
0.702408719807336
0.6691698069133963
0.6462923925470199
0.7937419971927416
0.8543585431360191
0.7111484929062594
0.6800018371092973
0.6514743222265478
0.7689636027386078
0.80662161575317
0.6983171453430036
0.6536422999605966
0.6318551962000722
0.7206831244101175
0.7270470304436133
0.7223984829618214
0.7479723410195943
0.7280033544582238
0.7592137523278654
0.4428503641910656
0.4177833833029028
0.49228961612562433
0.604698892699048
0.7678737044423641
0.46647788079855856
0.4789960523829583
0.5573035047327436
0.6010833384989868
0.7067505737634034
0.5119995292811135
0.5138298191069272
0.5745310113478275
0.5995841357142566
0.7738990906837826
0.5664724621119624
0.5356774065911497
0.5536606828640053
0.5682567940178274
0.777219795137404
0.7287984523988003
0.6949917323041286
0.6877986581847715
0.6765253157303396
0.8809363167157024
0.5365082629776918
0.5778800480752319
0.5479301079751014
0.41297415266130577
0.8518287642359246
0.7528951364694546
0.6611459119569663
0.6286263014208296
0.50224159160297
0.8069343820756918
0.8314193907976805
0.7708782610750456
0.7386961833741019
0.681198376571
0.8018757916956215
0.7824385775280298
0.7734635010965608
0.7717310707523247
0.7705134284801538
0.8762301893996147
0.7549605160040229
0.6902930396944028
0.6900003253507305
0.7304059314647597
0.8929915886765856
0.597636919779599
0.6247626032766156
0.7220108799352164
0.5050197391598716
0.8492287488568206
0.790191550496961
0.77166521001199
0.7754560455677287
0.669150774492359
0.8497055671141815
0.8154764792765842
0.828168012085099
0.8634358387144035
0.8917726981842783
0.8402084387402511
0.7035757194614499
0.6932450115373068
0.7233570537864464
0.7425174014734326
0.8434052484892034
0.7576692130827807
0.6834663312220305
0.656648383159438
0.6465089662053043
0.9929756769809741
0.9303186963153236
0.9466202882072763
0.9430758277761171
0.9435400666693913
1.0207616493820357
0.9373899876998913
0.964871399242187
0.9744078756508067
0.9349663884254327
1.0585950700027527
0.941063339498684
0.9622212608224193
0.9880951351690787
0.9431784797401157
1.0475613603107052
0.9476800149518246
0.9372653554831419
0.9504717296296411
0.9368869629295157
1.0225877993488206
0.9566775893185437
0.9428108575823559
0.9472717116024378
0.9787735769538481
0.8190846023361712
0.8086823198636874
0.767228664777246
0.7523220843719259
0.7161897501716161
0.7915535866086036
0.7651605481344977
0.8146354553898654
0.8689953034019625
0.7818206785393668
0.7768930673121393
0.7329627952620653
0.799276310014977
0.8479355740240586
0.7650541724100591
0.812264290587624
0.7629215374933452
0.7471141336421381
0.7568800844252219
0.7407473991424005
0.8536437505384563
0.8161970944784818
0.7488979734792379
0.7208723066914118
0.696856101945212
0.7916935853917366
0.6469577738153801
0.7055549501485505
0.7332073737857981
0.6424105661940824
0.7919219394910385
0.6269088670787549
0.6872537612852787
0.73894111113675
0.6281291749163901
0.8057999383164377
0.6605523915497464
0.6286778137079315
0.6239012849177703
0.6173450485064332
0.8288434223876944
0.6309007925240556
0.5962281362893668
0.6191829073557112
0.6540539042418801
0.8446745293392304
0.6060186567499994
0.5922002798086291
0.6372545193330119
0.6024031543659985
0.8893741676110126
0.7586165542404861
0.7425874195814871
0.8069314599450214
0.6122925525363034
0.8389815423025072
0.7900102108181085
0.677619907819354
0.6021441626530588
0.5051193686963508
0.7974120092633766
0.7189515432799527
0.6643905072907983
0.5258314703091848
0.41314564922087516
0.7662375658501918
0.6765705058994337
0.6662985100512349
0.5805849003874144
0.43829473890192583
0.7959538309665174
0.7494669823012938
0.6302066540127738
0.74172140022472
0.48326154844149255
0.905602156613803
0.7265639554006289
0.6723626978371918
0.6936002169089618
0.5905308797732209
0.8698486956018416
0.6123721854282932
0.6419404151974251
0.6743701294311226
0.5208704260194357
0.8315886796998314
0.48575457804942046
0.5884606445532453
0.6980492482314974
0.5175392649523931
0.7865626988804838
0.5045045307677483
0.5550542495218145
0.7724864427295616
0.4209648444386387
0.8039898611319294
0.6817714054877015
0.5801557709477705
0.6423549245562622
0.426015441116247
0.9708408240851042
0.9347963854082906
0.9623238310870186
0.9516704319897836
0.938941573504313
0.9661920740224326
0.946716912839524
0.9889185229149461
0.9628205744958369
0.9325476290652862
0.9677336211180569
0.9391507630013456
0.9771139588676383
0.962673676691017
0.9253706112863168
0.988507309945856
0.9268604504353494
0.959313536788012
0.9554594898157424
0.9345650741978209
1.0103914378871253
0.9342826932291635
0.9402117841103751
0.9372539876190793
0.9300088868647279
0.8165206793966582
0.8332601343682686
0.7161788440079926
0.7363173971653207
0.7099004224496648
0.7938680006032602
0.8810003970261441
0.6981761926885991
0.7227553296589736
0.7098706490560284
0.7626515090752981
0.8653778738205392
0.6908607629454412
0.6826411307785631
0.6933901548127434
0.7580246087145792
0.8455096191998006
0.7550058200770429
0.6641888522059475
0.6826367888078912
0.7846639266953808
0.8424687777511055
0.828987059242047
0.6964299131330995
0.667274701351149
0.785649039004417
0.4036881858213988
0.4679090083447277
0.5297578712614394
0.48044378420063993
0.7312584258791575
0.43221935608638323
0.423811876159861
0.4622610702073809
0.43743821675880223
0.6862979308340689
0.5117480622165238
0.4335229180159509
0.4317613603049636
0.46948811177723265
0.6898345786348855
0.5824070163640482
0.5109758563643859
0.4975283386656049
0.6038557519368669
0.7431608336115032
0.6155719314572055
0.5822623214709957
0.5808814671583221
0.6523625337163943
0.846410793547078
0.511550404819413
0.35949549463010166
0.3717774485075518
0.33554474950095337
0.8732111769103291
0.6037148510655133
0.39795194612517326
0.3582001976299782
0.3641687360849521
0.8432442488708449
0.7358212137030394
0.5578638875362499
0.48517213529887815
0.5234748589138576
0.8037004791371019
0.754549655933152
0.6469159255011551
0.6001900444557988
0.6116965537576707
0.8054177135958781
0.7316624128335836
0.6224172093065916
0.6194092065374913
0.6014863943489659
0.8760367094044017
0.6239663750562127
0.4687480946881006
0.4281095147098486
0.4292365367105461
0.8792640697501309
0.7304073382766013
0.6197787181711455
0.5908007312560206
0.642444795549496
0.882690656515888
0.8028345993743594
0.755512679100597
0.748637619791955
0.7829619173926708
0.824103149683829
0.6883969804345277
0.637823213484617
0.6614369279667404
0.6783763911662912
0.8532971545512611
0.6362995854905068
0.5631936902091226
0.7026467846416582
0.6517491515759561
0.9884550824471943
0.9486593834953012
0.9301508167735176
0.9544489534563062
0.9364013932150971
0.9794435521894292
0.9863397240560028
0.9318573616745017
0.9485989441158533
0.950714416021813
0.9593693990822699
1.0343416359834987
0.9897619253591776
0.9315430176876551
0.919169654432297
0.9486026256550459
0.9923751427691775
1.0891585613702137
1.0333554943203065
0.9623950719820116
0.9470441884216358
0.9322963782561996
0.9360561415225744
0.9643392286396935
1.016511045643652
0.822860423892508
0.7190434157131427
0.7846275259618423
0.8344004612256102
0.7493583471589084
0.8336703272803537
0.6766377305376612
0.7140814527741606
0.7563136338112736
0.7497178460032005
0.8716129622584687
0.7496404819738076
0.7152179946502235
0.7546387306219628
0.8300900743049909
0.9021973377530162
0.960982971522786
0.8895136813861017
0.8253003088422307
0.8037087252587165
0.8568869403618067
0.9123873417869285
0.7258199311038481
0.6884252162595346
0.7121103662376426
0.7888732005103765
0.7648974592673158
0.6419387570421836
0.6739672442663972
0.5374975838656061
0.8158707846133655
0.7508263057701937
0.715559671034682
0.6545383802750547
0.6072565536965207
0.7790242483728591
0.8181432043741486
0.7934111926063062
0.7366345329436171
0.6965256997742194
0.7057637136030777
0.639805411906478
0.6106384078339359
0.6511374726996496
0.7262969671079326
0.7226762282662316
0.5361850446908952
0.47521153114907827
0.4604047487125054
0.5305844201927049
0.8753669576165163
0.49513819835307316
0.4704046645764178
0.5845761776601045
0.5998484787260959
0.8339319073371555
0.6538527524007114
0.5477397811200477
0.6174880643914622
0.6784573235701893
0.7630647027469563
0.8538032361531158
0.8476867987361595
0.7507904827180736
0.6958476710772872
0.6828476563291594
0.6527130029446313
0.5696069567730329
0.512294209911163
0.4858984998053296
0.742022177111117
0.5992696016940835
0.5298500166909645
0.49966043267475213
0.48601260666141605
0.8998928051859635
0.6560513374063239
0.5667932473129167
0.6712725728144052
0.6748926697188506
0.870520810662579
0.8477016944498744
0.7482774077626768
0.6950777760835458
0.7122869647213486
0.7946596553182002
0.8512472397368633
0.6984027418410531
0.5948594241317618
0.5580434374269184
0.7265027893746869
0.7608405519906526
0.7172387413208777
0.6647379798638916
0.6333017672161702
0.7243704367574897
0.6545593710706739
0.6425289904315064
0.6494424919062955
0.6858530118223084
0.9736168125184387
1.0614745115185031
0.9327892895716507
0.9635386057185598
0.9725273980895612
0.9831921326377188
1.1252365613770134
0.9771001245985822
0.9335205488787206
0.9307889033170957
1.0151847518070587
1.0458692573219532
1.0125345963466348
0.972083212168878
0.9579696668670716
1.0146592974605124
0.9548209791064407
0.9347044025075406
0.9294488863472763
0.9291145744629906
1.0096456596764252
0.9381714287323352
0.9380725365642982
0.9672016535133185
0.9449684322558441
0.8946865741367263
0.7895108828913864
0.7897168069038756
0.8422384615857894
0.912467031667383
0.8766547513429487
0.776012690643643
0.7673855461623624
0.8615032510495482
0.9320553696152859
0.8484993660411791
0.7673723818373231
0.7871186867575035
0.9119129619583405
0.9378306787537147
0.8244015844177435
0.7477272677468545
0.7476522915113963
0.8588549720941034
0.8471842390222953
0.8284035459156444
0.7244455516382935
0.7193943799726055
0.802862555079329
0.9233076946159444
0.8472520512528647
0.7855972253532179
0.6559302850178306
0.6872211040679689
0.6890900292566197
0.8084553668079529
0.6932116469919419
0.6349132885406571
0.7187033177808181
0.6637485265854118
0.7851582385701178
0.6937678406133995
0.5989649472073523
0.7283644009896799
0.6543720890049721
0.8281092271878502
0.7430712871486772
0.5399849026492441
0.6568861103145173
0.658268933921033
0.876258248300384
0.729156741130169
0.5919437975999227
0.712696056440361
0.745268513492405
0.8890732538640618
0.5275231271271653
0.5254509285804247
0.6825512343051835
0.6344157979594316
0.9252602423140429
0.5142405544883837
0.5242015320994038
0.6919305215284071
0.6068402069762165
0.8811084917474166
0.5675985253701973
0.4756175095261064
0.5825386494921945
0.5410583925133894
0.8394286175769476
0.6208774588136112
0.5342502589323898
0.6514082267849324
0.6184087573900492
0.8427586133215026
0.6297722902417842
0.5761700700835296
0.7113983323610925
0.8019935677728235
0.8974796019945679
0.48303411206452324
0.47838532911854953
0.6569764414783794
0.5461378627804289
0.9069861344304577
0.4917250714294252
0.4938468600057563
0.5852650748394369
0.5592067132093264
0.8913336918944155
0.6122035468372765
0.5573734196092289
0.6505480439309198
0.6253240092807979
0.8459265062645009
0.695057917115462
0.6290738100172009
0.7899210290354087
0.7419191145812364
0.8783631472771679
0.7150410147948514
0.6211055649086037
0.6740124842952986
0.7191367463142999
0.9569584293987796
0.975204026270225
1.0098663909757932
1.027932932356955
0.998146889109832
0.9806653093925107
0.9847704371766577
1.0032112515444063
1.0204231437976596
1.0162278145106414
1.02082741015912
0.9981075653988282
0.9615631378176311
0.9457485128161769
0.944573598722186
1.0075540265824383
1.0207092850465138
0.9665513755734629
0.9431245595546249
0.9429432205767952
0.9705523347792453
1.1098064671983865
0.9959082005437517
0.9355510171972975
0.9381340337495359
0.7690420720242083
0.8101211863016966
0.9149402749146274
0.7954967292262414
0.7214513065797783
0.7688529571641258
0.8104281202454349
0.7977864990156109
0.7602533370106163
0.7456471755121052
0.7597730561227463
0.6967156559842569
0.6760372852016755
0.6961627998208992
0.7151377348123983
0.7353145234489439
0.6313178006232868
0.6747467922742997
0.7186131861555444
0.7116596680339523
0.7286558212426651
0.5965313295370135
0.6782475303122634
0.7199533656545465
0.6840628762590671
0.7546455514825203
0.669317270344656
0.6207254005205185
0.6292807738785494
0.6654233454592071
0.7356326202313882
0.7521527176911288
0.6715381372633094
0.6142439136848888
0.6009375705619009
0.7303787234178925
0.7121799901659446
0.5269619405539611
0.46315688248384895
0.4492817820249517
0.6776559778861264
0.7534400412808234
0.5680146751929435
0.5217699217789058
0.4501460482978643
0.6770081312679257
0.6916523067880359
0.6114713129193751
0.5926832321299664
0.48938961647405876
0.8585391864304345
0.865274794941813
0.8039229476918787
0.7727782594525674
0.7690034482189734
0.8072147559040468
0.5568908374158811
0.4516162837826931
0.5389865791190641
0.6391529857363146
0.8061117845734466
0.40966575460809573
0.27844498730972195
0.4492101562899094
0.5450576615804757
0.861808167819892
0.6002557500262324
0.5016708735282339
0.6139769239497279
0.6835992261868034
0.8673216729056916
0.7622441326626437
0.6982971838529535
0.7153880900865962
0.7461909468598112
0.8898612575397475
0.7439932469906486
0.7106420724880238
0.7695112526308316
0.7781999607341503
0.7976864078793818
0.46007798741581096
0.3820998868650142
0.5119204941746198
0.5256272114826245
0.72455215603109
0.3995105458413851
0.28526986551298755
0.43000053159557283
0.3696016716296343
0.750739689354381
0.6378372124889444
0.5708626128478211
0.61102264287808
0.6079924873203527
0.823379228993876
0.8363084340589377
0.848675327870548
0.8779586316838894
0.8764240089636087
0.961236031452794
0.9518850974413091
0.9389630556241331
0.9770539257143899
0.9792653831676509
0.9503247248655737
1.0328657094159572
0.9412367324583949
0.9505872020228407
0.9832052609932553
0.9424846999976346
1.115219347870957
0.9627782434056708
0.9447005526194454
0.975093288612552
0.9517870885040609
1.085905347818038
0.9786803652698827
0.9379995072230553
0.9535761796653995
0.9653801686375055
1.049549000485096
1.0968377872705726
0.9852419541030062
0.9422345387924504
0.8580089841394922
0.8227573468951892
0.8793050437862358
0.9269871290736138
0.8575133930595751
0.8665389882918231
0.8250276099715314
0.8672152360279624
0.8906776781892597
0.8770040186833904
0.8664856886008618
0.8136534579144138
0.8236601706661527
0.8330806873636889
0.8569510385385033
0.8507985752611177
0.7975085122600851
0.7856284264798523
0.8189125463512442
0.9084759582897309
0.8469257161627017
0.801965707685688
0.8141417476036461
0.8878913576942322
0.8672154541100368
0.8354676395033449
0.7992469628628381
0.7859206179644525
0.8373982637614273
0.756260533043727
0.8056210426318506
0.872598270870838
0.8002753624132791
0.7787898982860568
0.7798890060212229
0.7944523953018878
0.8245020343163341
0.8530794222450598
0.7108189399987086
0.6520583395498435
0.7782728516387959
0.7339219196774284
0.7752515237325728
0.7544389105806301
0.6191942686432282
0.7906739195337039
0.7024523598145047
0.6662977269921605
0.7071210396399518
0.6167815446951109
0.8913118225286033
0.7649867383657267
0.7677388510276196
0.754757716249053
0.7006087437840434
0.913905283786319
0.7357299746814813
0.6428919761285284
0.6149660281511402
0.6492666925060074
0.9400702399299148
0.8026411413368961
0.7047632639593682
0.6347029910764246
0.5752765574159021
0.898855968794024
0.7834593728371452
0.6732316648942931
0.6291144625527332
0.45059412548585764
0.8570033269538473
0.7481262203179645
0.6611298876984684
0.7039284649374419
0.5540040752372222
0.9241185514497199
0.7841783014661681
0.7059052104300525
0.6451903286970472
0.6162111317331792
0.9467926724026905
0.768170528597539
0.6764651077438142
0.6185802363634983
0.5702650594085719
0.8912957421135975
0.7088292841885323
0.6802295782983784
0.6498090699287399
0.4935969576130286
0.8950974680833349
0.7650713137503481
0.7340475316756641
0.621359747036458
0.43699308022225875
0.8645817472545302
0.8753092909598944
0.8226827505595433
0.7365449298446113
0.6496997717731002
0.948993041699403
0.947484189513026
0.9412480903050191
0.9815519348647542
0.9847612194680466
0.9480440795566776
0.9313931874647905
0.9404226962918731
0.9662895836470703
0.9512367635720049
0.9549725944415293
0.9338030431765322
0.9490224372933467
0.9529045367110275
0.9246234513203744
0.9480259040666312
0.9331958172195571
0.969189314807433
0.9888374770773249
0.9541681768555548
0.9543934210064894
0.93905203623727
0.93949295519265
0.9609000276447813
0.9494014344860988
0.9290779776436886
0.8759209966906744
0.867613873619929
0.9021294246718558
0.9141647766307617
0.9191262429728363
0.8848315264014903
0.8492259310770122
0.8981951850899016
0.9257033076072717
0.9105944891721164
0.8849200901990342
0.8144029716154154
0.8211224785634889
0.8445376778685693
0.9060978473639257
0.8796646954003998
0.7886311126748958
0.7772318971505691
0.8220000191107834
0.8921144416819683
0.8510776773823765
0.8012691472637256
0.8152039730788802
0.8678662917608527
0.9134121539574719
0.7886226760355604
0.7728512791247805
0.7964784555881813
0.8229164961091713
0.8966415738840852
0.7382503841830402
0.6987734560019551
0.7143623258907765
0.7693710588200318
0.8753539661265215
0.6907235753412105
0.6108350928368997
0.6520936455617377
0.7864018888057818
0.8740229964319574
0.7090646282278279
0.6248684066959728
0.6737404645780048
0.7791367012628237
0.8702285574993176
0.8049160643692715
0.7152979269607491
0.7513058076944045
0.8312018594746896
0.9948318108336739
0.8145388844267976
0.6265911632172461
0.6216156739797605
0.6974865373305847
0.969314116589808
0.7963400829697124
0.5681683915957007
0.5859103668731149
0.7111268020290596
0.9369907921491594
0.7414093021049168
0.5617873330897765
0.6179255454271689
0.7948977994383246
0.9578301567015395
0.7340141057146178
0.6115056700107605
0.6458932174122186
0.7776220332398485
0.9876215405119507
0.796830291199168
0.7526835125040049
0.7834487744429174
0.8358306261516553
0.9920813870036447
0.7791792317391906
0.5508588805571472
0.5508877546391058
0.6520838975078684
0.9981492554811535
0.8257550410297099
0.6078906104008999
0.6332332325378289
0.7689500902834083
0.9967819358799606
0.7824950899607336
0.591068643869399
0.5780025999753376
0.7095714989383052
0.9911750190020483
0.7863250755404311
0.718944845613692
0.730642179017842
0.7868644751444047
1.01962577137763
0.7748800924145679
0.662860925771639
0.7000787765288081
0.7717205658654192
0.9474328892798018
0.948505647454983
0.9719277950053538
0.9387366964798705
0.9629574497764416
0.9366247991144508
0.9318620064289046
0.9352073923688231
0.934890807280842
0.9692760388263618
0.9398456561394435
0.9338879648658933
0.9477020269781827
1.0126270400513349
1.065369891878339
0.9437416026418148
0.9532070006310502
0.9765313514142707
0.9962223158012462
0.9762637652584866
0.9456974612809204
0.9430396896782548
0.9371898828850772
0.9415745393082997
0.9359398461706682
0.8654272906901711
0.8769917836338507
0.8520016152663106
0.8033597704155634
0.7692205415317531
0.8805568572954968
0.843812309559034
0.796343472135574
0.7519564593878927
0.7538124126088263
0.8973082765790217
0.8358191253246181
0.8084829943617258
0.8025946633137684
0.849301304380912
0.8996810833416469
0.8325871374753293
0.8019277883993037
0.8824760381434991
0.8998522428178521
0.8888876591170715
0.8312248783788942
0.7469153707579366
0.789501979667275
0.8285224538907764
0.867278069503797
0.773621779744987
0.7117726791943587
0.6731870215941708
0.6812620157502264
0.8569545686947875
0.7844253606891658
0.8198430144838924
0.7606331729503012
0.6965829471176779
0.8426835289601583
0.7205422133373786
0.6251626409929072
0.6425715063717845
0.6898080736828502
0.8155473463098614
0.6497194038306252
0.5627354961136328
0.6420883748783113
0.7326589545725548
0.8140842506653778
0.6283698887672594
0.5691780554733601
0.6111844272819731
0.6290225691829463
0.9106476567764852
0.7702757837472807
0.6572263535997144
0.6017422764795521
0.6334575056547005
0.9173110178297458
0.7475041833236978
0.6354724129706569
0.6916913939964314
0.7031034333868352
0.9596275376129066
0.7677429240497418
0.5601149294075449
0.6262907210816321
0.7106388274296115
0.9791148376244377
0.7323007879992115
0.49926685297332546
0.5366742510531467
0.5989737026034327
0.9794691261795447
0.6914647036871144
0.46668124366232006
0.4659743213513139
0.47485236038892537
0.9632344431868565
0.8193396421746865
0.7383325053522586
0.7478214935471257
0.7489468053907372
0.9120178161845557
0.7336040753725972
0.5675402463275968
0.7028577537523557
0.5348583079242796
0.8959752061635238
0.7559981851330941
0.4914743513490939
0.5145179256618747
0.5244140155853099
0.900598722615595
0.718170658004848
0.5188295268166512
0.4857731386558042
0.4820361326214697
0.9266933482082516
0.6840315957325245
0.5311519604781911
0.5339672603534253
0.5193709005052616
0.9443442696112987
0.9443813694793811
0.931808767783084
0.9375379715761457
0.9332556220944602
0.9367204115725836
0.9362719300901978
0.9642643393452837
1.0325306209649368
1.0210746664740324
0.9357226655896992
0.9318851389956168
0.9360669004580818
0.9772168055491782
1.043924518503875
0.9352901466251337
0.95414977675958
0.9475621818006907
0.9327253736039041
0.9878268530255543
0.9313259864539435
0.9538324696257634
0.9708700887587396
0.9409595073924685
0.9809016032664268
0.8963500647537497
0.8435788731245235
0.8110705246643819
0.8022184166850154
0.7986229825546205
0.8672093008216755
0.8941181331252429
0.9138682037908432
0.8380862154774982
0.7647402493139223
0.8667488130461164
0.9290016293011394
0.8786655634097728
0.7915043908743445
0.7736346312218818
0.8861199195565096
0.9046968990695557
0.8326029730849781
0.8099143553019698
0.830018626419857
0.8993743017613292
0.8696743948877949
0.8258234790814493
0.8566209357501535
0.8725553349174494
0.8635309689190175
0.6870304015591354
0.5932415433670941
0.6893280499029163
0.740482699756016
0.8723127589572014
0.6711153605720517
0.5918251282856754
0.6490345429773754
0.6843612345960178
0.8954915190270296
0.7156220374918765
0.6634477559038989
0.709074978675218
0.6917347673823505
0.9232607648526667
0.7516604252732796
0.7160390115494413
0.7727689302031107
0.8025794244485989
0.912481224529998
0.778805031620425
0.7106828103680456
0.7308389494265917
0.7950201121090154
0.9503151643641057
0.7354789762880688
0.515868487902623
0.5866577145674391
0.6421933338189454
0.9202472385584
0.749541238553422
0.5523215250483273
0.6113818947261824
0.6875660718766514
0.8470001732303807
0.8103815390850301
0.6726141603541383
0.7502253826911406
0.785893019477734
0.8148585587434861
0.7574033685644284
0.6633815546794618
0.7089626718257958
0.7828072657273168
0.8664861522263222
0.73217376459638
0.6222260907256902
0.6264252538421199
0.7262195876752435
0.9581751884535156
0.6827584452251477
0.5237823597658906
0.5666707098297585
0.6768774716334239
0.9859352813573372
0.7226191598247769
0.6173346843763875
0.6562130723978635
0.7386364185799046
0.9606886468823739
0.7491814494447793
0.6746917565335042
0.7743920074953379
0.879138101192255
0.889295736412491
0.7603570679106106
0.6273408674635778
0.6577587570594288
0.7387181680633346
0.8989214520754978
0.7578022441461109
0.6359362316150222
0.6277144280428896
0.7559613688249671
0.9815759498123537
1.0177061155468972
1.0995864073124624
1.0748908064665939
0.9980430633728157
0.9679697147469073
1.041008985109092
1.0014350734676958
0.9369729178205767
0.9271672228119069
0.9685661266153154
0.9782385764492957
0.9424043642980559
0.9329420861158292
0.9289346269861871
0.9884176156079665
0.9504540224087792
0.9370352682427423
0.9390108299430416
0.9363311853037166
1.0182437660323571
0.9433332177764117
0.9369949866270884
0.9363206125814844
0.9314988293652586
0.7829726639753475
0.6775521283849728
0.6309194644248309
0.6271106927689845
0.7337250112923178
0.7546295031870413
0.6602899493937726
0.6441522384385486
0.6482417720101137
0.7188197104734898
0.7375247910073667
0.7227676601947902
0.7427400694581507
0.7502606784113176
0.7445215148825947
0.753289432400757
0.7382600690704973
0.7255911058159602
0.7569110327385264
0.7222369819460124
0.7922451378196231
0.8078663150810017
0.690740510982268
0.7385249553798447
0.6976945247739699
0.7676615548756166
0.771211390757848
0.5802199523413758
0.47223260401073364
0.4250547145826976
0.7235228917965705
0.6967379888749612
0.6204366421019453
0.5717154491779295
0.5003028642584678
0.6550128408028818
0.6320159226728082
0.654871446386784
0.6723712760397601
0.6311086262825917
0.6607588018850206
0.47891483775997684
0.49576365570631836
0.5672420220325866
0.6005188390437896
0.7131114378593646
0.3702340141260645
0.40028484492882277
0.538582118963471
0.6303483580090747
0.8732306852569712
0.6077039998102912
0.5194717936026477
0.5169771890147176
0.5264616577683078
0.8669836719560905
0.6927474198080462
0.6523450341891803
0.6701064395234891
0.6810310561726663
0.7820201872785986
0.6880868065172273
0.6696894860969484
0.6888485134673622
0.6489886109770228
0.70665814670413
0.6070317238746952
0.6478470573410924
0.597653737741235
0.39870168520855886
0.7348995914059125
0.5887486603023256
0.5926623005185067
0.5710093384446392
0.4379410975610519
0.8998002164502813
0.7387884752508953
0.6962617872230186
0.6919069311527053
0.6592261117491252
0.9224041064933681
0.797162146624357
0.7572893896704979
0.758793545319766
0.751077329129904
0.8844699394596794
0.7356387072745267
0.6615685575175412
0.6805994131904476
0.6776149725534184
0.764934822684026
0.6150681659022605
0.5390986667850746
0.6547855612007822
0.5379119633187881
0.7537367077569436
0.7026880173790468
0.5316372060926455
0.613192346319421
0.614682947694583
0.9541065928504641
1.0022695023407708
0.9437853204405974
0.9447961666986423
0.9580865303198417
0.9347534251356661
0.9447746328780933
0.9376506926929878
0.973759131083345
0.9831482106709135
0.942055547001802
0.938995859644896
0.9434717392871069
0.9730000824317518
0.968089017285264
0.9522911356751386
0.9534828068907152
0.9386417250940894
0.9383899110239363
0.9350045395325275
0.9568797340561521
1.009597428405861
1.0082225241266445
0.9573723869938341
0.938517720852418
0.8331459146536927
0.7135939955477931
0.7050986771567592
0.7746057378065901
0.8049359369448593
0.8537621661921018
0.729480185418726
0.6859537874599481
0.672448112686148
0.7245495137368096
0.8548698852406009
0.7915312465866802
0.7503976803896184
0.7388749101420827
0.7657338182398375
0.8285522383240987
0.7911991845618407
0.7787544477649319
0.7877555306377281
0.8167822415780174
0.8175760621302111
0.7792701448985778
0.7810489768912255
0.8431652736174775
0.9483137237740076
0.8063420166730056
0.642614582400525
0.49149027062428313
0.5216999663835719
0.4931378778296033
0.7888549230083717
0.7498763432531806
0.5899862746555818
0.5369428240331419
0.5713569622860926
0.765853823245173
0.8752711629414893
0.8389739722348902
0.7391687664636214
0.7022064389187953
0.7363743345774445
0.8812266871069845
0.8148900168367015
0.7067110701680394
0.6838457367780846
0.7278758437738302
0.9059891363547283
0.7208041836873977
0.696390691254788
0.7377607189929345
0.8570466715763423
0.5809364267881134
0.4156756684801033
0.36607587168945216
0.3989005206952307
0.8228283236580611
0.6958700180741113
0.6303200718195496
0.6203164245152579
0.67950293401805
0.7893547598585352
0.6719970825807386
0.6327215735793099
0.6387300280569483
0.6840480304451285
0.8554780287081234
0.6838330128123791
0.6633308165424152
0.7043294358400848
0.7189735058930034
0.8824568571348006
0.5715974721056264
0.4815317436643017
0.5524577116460089
0.6237057380136076
0.8895206731592727
0.671079889871354
0.5667067928620121
0.5526428526701435
0.5856267716368296
0.8479727140461637
0.707475146663282
0.6641213511620332
0.6690087353195143
0.7044978215587236
0.7787761363184864
0.6021532277440154
0.5662853485712338
0.6019114911853267
0.6210546080172886
0.8093426996846967
0.5133359338002073
0.48341500253583103
0.57032354002576
0.5576362446126584
0.8608908791734714
0.44874287135757845
0.3730926106008318
0.46549899769296693
0.4466936549762552
0.9664010632239681
1.0498321211091612
0.9409631790493269
0.9647545970836
0.9828929492916275
0.9598286667737224
1.12287402567798
0.942901780863005
0.9453579561138438
0.9774217708242599
0.9577310926137086
1.0832610108309395
0.9555602125743036
0.9365311839887237
0.9526763784178357
0.945613406613347
1.0568343859329103
0.979367845736199
0.9415274899317618
0.9631457341530557
0.9408899496032441
1.0365825795295411
1.0282454168687853
0.9385123992856454
0.9427869536291292
0.8031387766938679
0.6842469063444285
0.7295037585090604
0.7827264012622989
0.7823820877318042
0.7815953010041391
0.6698819442054493
0.670367940876149
0.7161673113574673
0.8116462806081891
0.7345626893005989
0.7042657140034465
0.6830504126238506
0.6695769142885297
0.6790849084221402
0.7473650101135982
0.7427398354026855
0.7479390595948304
0.7526866143521396
0.8209652259819742
0.7733641549775621
0.7584273570801789
0.7825756050276568
0.8223678753986084
0.9088601653685948
0.7550027517821062
0.624991124428453
0.4878164850281958
0.50101715031794
0.44500210414351027
0.7753308829439677
0.6566201331854526
0.46508776677036606
0.4435775501744883
0.45024469746585893
0.7915871233795354
0.798921230480107
0.6650702684033076
0.6106761134225358
0.6075830432974777
0.778114598371556
0.8772309578825234
0.7620914944370709
0.7036648156048259
0.6634907405926267
0.7582991226858262
0.8260661222532311
0.7635445137972396
0.7863097170627725
0.6984892884504649
0.8686578941118541
0.479472782820736
0.2832630586726999
0.28586663058077294
0.255744870831939
0.8475714693331744
0.6772242437318795
0.5434309259732073
0.49835571107811283
0.5488120085070023
0.8122347344525891
0.7084860629838066
0.6765992941124729
0.7000581342848858
0.7755417575947781
0.7427299812094759
0.5940732207446457
0.5913464006502664
0.6379013716555184
0.6048526224583307
0.7265096898199177
0.6233625354268165
0.6710138159936121
0.8163122886371216
0.6716528750433975
0.8635137008278622
0.7012900357386878
0.48724696540271645
0.40379317381683766
0.45297073858649517
0.8432935837566743
0.8150822274513039
0.7482208041095906
0.7128867958321108
0.72409536378281
0.8450572819085279
0.6894099653025497
0.6248657501301325
0.6017352018657095
0.6066373560802549
0.8451873493591617
0.629229288118957
0.6759474590563037
0.72369303004312
0.5723391174964807
0.8140465222220955
0.6844503232362913
0.7222090380034712
0.7725616692485787
0.7038878144529741
0.9608167610715476
0.9377202403735945
0.9535904425983445
0.9620922764960401
0.9359804255267165
0.9711640945133454
0.926921769656773
0.9283269149434157
0.9324747944331367
0.956340454811372
0.9992017939563232
0.9728640226747859
0.9719289729263265
0.9980959515278492
1.0399508562702997
1.011073667386871
1.0736236129904688
1.0702349025184594
1.006389821607061
0.9691155841446648
0.9770926526467554
1.0713204848713016
0.9532045861418487
0.9318592347973889
0.9448113502475112
0.7788408543346813
0.8425349763926674
0.726672869355501
0.7046327726399465
0.6943927780647439
0.7661665889631538
0.7939050973001975
0.8772415106716639
0.7517699630369723
0.6530104337247331
0.7825620333237236
0.7424012537940312
0.7370276090838571
0.7736556571525472
0.8707804633033299
0.7937218315195358
0.6732500261032401
0.6649540893390046
0.6634604596609802
0.6849122368274497
0.7861463093173214
0.6293823460159341
0.6676339672358429
0.6837172070937892
0.6732542695124415
0.7674956280320229
0.5142194715479422
0.41880085109578996
0.48391499232285423
0.5916042018447639
0.7434063500184276
0.7694740442418293
0.7796971081771186
0.8170841648300796
0.7863068985319286
0.7539852429266921
0.7731132728908985
0.6574990227143298
0.5201488446645582
0.5201880321992511
0.713181571143497
0.6656483372197999
0.5965841695064696
0.5373561770168226
0.5302332801564044
0.6855456445401307
0.6387910567148924
0.5595559150603095
0.5485039764085058
0.5236667214702598
0.8437009736696038
0.8192772630536939
0.7077965568847984
0.5724191224162108
0.560124713884634
0.7847618107573386
0.6708065702658151
0.6027358462829561
0.6036342658494732
0.683081169861993
0.783170749191679
0.4734294683592274
0.3134364883809876
0.3267038330110191
0.4078556241381843
0.854337320139772
0.557185015457421
0.4893811185451707
0.5348885980671882
0.5956338373838257
0.8583818467483426
0.6759286670414356
0.5897773328929105
0.6025644062821924
0.63401978269346
0.8796016564447742
0.8628922544782537
0.8559411524927452
0.8562412011952242
0.867821398932738
0.7972397726610937
0.5856307319372812
0.360015392781051
0.3189128750876103
0.3853251079709308
0.7472547369720097
0.550800869909298
0.42195328212543864
0.42462043014695466
0.45909778541348606
0.8170109647644472
0.7823590193106208
0.686487149433136
0.6858352874199721
0.7174734788058471
0.8770183852277222
0.9127565428154153
0.8002024851494632
0.7492475649319821
0.7452872778112848
0.9652968874270214
0.9328415016073548
0.9388287651591395
0.9352438798650625
0.9886196880913433
0.9376254276862287
0.923997523018888
0.9318828940982747
0.9596269588100572
1.0088407665651067
0.93849062257119
0.9274333634481342
0.9288827024477783
0.9332244659447313
0.9338187570700849
0.9389383098069224
0.9379482311027446
0.9641006219794211
0.971328864595595
0.9401412826295941
0.9359680782912028
0.9255485105389287
0.9677500732035823
0.9753087440334741
0.9361092218251512
0.7771186806128914
0.8224545366751661
0.7621393923716356
0.64696126487053
0.6055673489826072
0.7697240090285741
0.8044646563142726
0.7256615253909611
0.6962952514592913
0.7063850712248934
0.7512094274143312
0.775895772460771
0.7059379743797236
0.7410531891142897
0.7900350815182395
0.747383371530958
0.8315321892378502
0.7166904749703913
0.7605897423701807
0.7774985239241381
0.7513602091677292
0.7886676131256042
0.7061876687807774
0.7593998223878708
0.718697564001126
0.7585039238889417
0.4676763323608123
0.423914901845421
0.49010985467402424
0.5745103606287952
0.7502946228523641
0.4864762463695124
0.4957577414432364
0.6412952225803601
0.6315675656840859
0.7104495843992267
0.39063786347146084
0.4327137560833254
0.6706017600680684
0.642636557373207
0.6890820964004758
0.3281140067476566
0.37721254680816624
0.6637467323121106
0.5794559118417498
0.7119893636225084
0.4198189758249946
0.3991382072926089
0.5608601602546865
0.6350349749683559
0.8791375675648395
0.6733696656370383
0.6702903125292536
0.6643171988545794
0.548361184348422
0.8674199454827157
0.6557017909419133
0.6337129413205507
0.7720040198831979
0.5572800181964431
0.824151704557197
0.49953379986454544
0.57140161280506
0.6698323544703689
0.4559411182898515
0.7479349779911374
0.5472474431848469
0.6413761028164887
0.687149455833458
0.3420897776720864
0.7459386538701364
0.6771662990867728
0.6606318897917549
0.5399939440720117
0.3504248355330852
0.8981063445440662
0.5594754593014248
0.554801835661774
0.7985310776284189
0.5562616126230266
0.9146115359387392
0.5059153182430685
0.5025379264877914
0.6480303650382736
0.4976643632809606
0.8894344030147757
0.48442131502138785
0.5414825440234019
0.796080102385042
0.4609363374495302
0.7940784332633826
0.5285826284211375
0.58354887115055
0.669223400392134
0.4362559095083584
0.7747618950213715
0.6762845202456548
0.5605767701122344
0.5372797413206225
0.5261271877300103
1.1324196264635376
0.9660244017654084
0.9421017456096064
0.966814675083831
0.9464226481595339
1.1046348131307737
0.9637172385597894
0.9404386793785998
0.9814140004815226
0.9590183399377248
1.084793790375581
0.9414967486187575
0.9398537415422995
0.9789613250633767
0.953196978161897
1.0994173740578566
0.9501126406628981
0.9523592465563318
0.9726221436271917
0.9413946735087705
1.1015960599877064
0.983705148961714
0.935481154159201
0.9311447080860941
0.940495257540598
1.043952280280645
0.8706719352904178
0.8671641224398915
0.9303085711228646
0.8752068647402657
0.9720391598614873
0.8429572617040103
0.8657385899646481
0.9443187727643945
0.8650313321481117
0.9437590583100811
0.8191113488687242
0.852639933088476
0.8962314345376788
0.8499467350088391
0.9313402579839577
0.8333365907596632
0.8227947398343332
0.8301966213000631
0.8555468164078097
0.9295782548883091
0.9330940840607171
0.9427145559169212
0.935449940357753
0.9197664988484654
0.9728599434028175
0.7737338603222969
0.8174304543991099
0.9433202356252708
0.819281773022746
0.9063994566600828
0.7728338164590245
0.7764774181948911
0.8965322106694606
0.8117881479429914
0.8560434818514588
0.7467743854335082
0.7352882586443182
0.7906655898563956
0.7535352872228676
0.8885268675918013
0.7816589173182509
0.738275485632206
0.7428201828406784
0.7606669133517762
0.9238129585577519
0.9186931923015539
0.9158665377470258
0.9290411401363339
0.9206683727274564
0.9557805474423814
0.7663067517266265
0.7760769593128823
0.9177103733680432
0.7926580469844544
0.8662075873635772
0.7816606805267571
0.7467613297819355
0.8027477989679528
0.748893344966394
0.8222444578494083
0.7357019012544456
0.6850886389732559
0.6915976847610262
0.6956355993525323
0.8218080623430596
0.7793466089450153
0.7456936311577869
0.7493117548147924
0.7903653471103256
0.8351176450626002
0.8479400018077892
0.7954089689763425
0.7565685999626798
0.7467332561515212
0.9481284550376025
0.7570623038715999
0.7733289749743513
0.8596976842206157
0.7733980518779625
0.8657629971521944
0.8168154000947146
0.7251744965229373
0.7161490293140982
0.7056279592541038
0.811100547254093
0.7997436198506513
0.7357111177013455
0.7029524253174091
0.711373565536862
0.8024441021986095
0.8758797332251002
0.8490773529084045
0.7829681510921427
0.7538121665886814
0.8285881011105104
0.8119323900786402
0.7067040141380607
0.672355106754232
0.668944862062584
1.1078957792317166
0.9881164033396487
0.935997215783924
0.9433750996764504
0.9402536706407313
1.0709421132364956
0.971700957952595
0.9344232171608129
0.9810377239261083
0.9654867510852962
1.0167324848531378
1.0172826140962137
0.9229718262076589
0.9494776200561633
0.9592580587682739
1.0233344779449225
1.041526592823112
0.93527147488147
0.9436209606141862
0.9489724178888319
1.0394017569613339
0.985406717429292
0.9280285859368766
0.9691562857375275
0.9648649056277573
0.9746834128205396
0.8468223426549422
0.8446054152963833
0.8901078588079521
0.8684404842003888
1.002413287691142
0.8803320858888558
0.8524170238846025
0.8857367481327282
0.8732809205835199
1.0138811893530004
0.8806633501879383
0.8375824082481615
0.8513182967628189
0.8518150706376897
1.0068041418849045
0.83916808976387
0.8054051205181528
0.850367046702221
0.8252916004964588
0.9816685442379435
0.8218937246890956
0.8231377682674078
0.8798139024098425
0.831291552294278
0.9423883589288747
0.7747764277463643
0.804666510042387
0.9311268396614435
0.8258365763752857
0.936377282823297
0.7773787351451847
0.7723443500882804
0.8385970151268661
0.7911349985304378
0.8840844855331665
0.7717869208162497
0.7535966888210246
0.8208196071944581
0.7681607089939172
0.8272650499053762
0.7771138571405434
0.7534941406893161
0.9029244270923007
0.8019255179064825
0.8492379013766553
0.7829459689021945
0.7270402664490445
0.8297811917083596
0.7602421415476263
0.9275731961051841
0.7001435826682207
0.7302499854742782
0.8299009428921991
0.7434352471182712
0.894078990566689
0.7035034304199556
0.7399546397240852
0.8277977232277663
0.7483115989606394
0.9306606396473694
0.7367467826684309
0.7682717796493795
0.9131025730834074
0.7874780349641641
0.869161971092654
0.7447533651751848
0.7219163045284911
0.8118519575161667
0.7290433581624821
0.8516165119151126
0.747555506498323
0.7144022842935284
0.7895087485595524
0.7180997845167485
0.9385845752037714
0.6796644725696614
0.7180422535444014
0.8342755690975513
0.7266220509961359
0.8671028067695663
0.6454694453644125
0.7069771545266023
0.8941588358968522
0.7338227059648049
0.838998616592316
0.6862285992852342
0.7245487876289385
0.8080093488568737
0.7354223295089289
0.9026392057379747
0.7144402368761511
0.7164125422438187
0.7682574327576245
0.7239107287678239
0.888862321263656
0.7139023116412204
0.7402862037546288
0.8494725038897877
0.7421546332185397
1.1165762071516248
0.990358913779039
0.9311631859847185
0.9351209971581501
0.9328846326764446
1.1279330342631533
0.9756428261496425
0.9279572385784519
0.9381344264041731
0.9325598525695351
1.0755655076436397
1.0047797385332409
0.9340431595351668
0.9281363811685558
0.9387774374741071
1.055512291881477
1.0926466057914672
1.053144977480227
1.0141882407986684
1.0012810422327678
1.0550586237236421
0.9966712471682387
0.9598884481527692
0.9558124876814793
0.9763811107563058
1.0799611590867368
0.9121455879357476
0.87497317066498
0.8889702378087021
0.8892901650840628
1.041283985558018
0.9417254882965435
0.8927088803136357
0.8908199519429885
0.891693632038122
1.0088505638177587
0.9942109710562383
0.9507613078321685
0.9402885892304799
0.956746265014812
0.9889477494727729
0.9326607132938651
0.9264415196444035
0.9544898788002298
1.0081348345105983
1.0311787609689027
0.8988906029466341
0.8897645101405647
0.900637452415186
0.88734243882159
1.0151775001186147
0.9118597058991214
0.8519161185327283
0.8411476435779555
0.8505532704712792
0.9975448037457411
0.9106110256424017
0.8660270246494923
0.8606167318567266
0.8871813788114462
0.9547804987541275
0.9977838090604929
1.0051296675308052
0.9630841793136782
0.9275643518750114
0.9368132041080854
0.8712843551987057
0.845497149284863
0.8463443073889662
0.8719713509094529
0.9591249555466761
0.8272497901605025
0.8573586543256617
0.8852546397597901
0.852505921857345
0.9945001444690209
0.9030362218229917
0.8446073051031792
0.8365397081536734
0.8487654049065965
0.9854800432314338
0.9377760000415662
0.875120010032542
0.8438126430451277
0.8456592515235853
0.9148766679955371
0.9637460466202455
0.903275281301874
0.8546972363362749
0.8393163499462049
0.8743829130156511
0.7955886546991907
0.8053437812263524
0.8261840424083507
0.8098251319486897
0.9252766667466688
0.7897180900612085
0.8546405895384376
0.9176190551665988
0.826457958918435
1.008521769264479
0.9234264071552829
0.8557568921847198
0.8369753212386483
0.8605108948970895
0.9572141768523051
0.8943634705129955
0.822491052595956
0.798408691455561
0.8077546267602047
0.9028713568040697
0.9458601163675325
0.8361956570051865
0.8067944133000379
0.7893037456362436
0.8776372680858376
0.8134488321669953
0.80197242181578
0.8434061085864332
0.804721958351176
0.8913886268840635
0.7629970410564647
0.8273473235059328
0.9093299987716614
0.8250612284918686
1.1248812121963176
0.9392650754132825
0.9539370268558264
0.9937090899711257
0.946119014866217
1.1026614002279307
0.9544501961646236
0.9484990409698835
0.9738730999835251
0.9403015604216545
1.0784556028179462
0.9950801499632209
0.9316276335003268
0.9367775907677409
0.9361407403735399
1.0546236698146003
1.1021596721424112
1.047853925186023
1.0047415029365128
0.9936437087092354
1.087476307889142
1.0221238967824062
0.9927131016868002
0.9835521443740056
1.0042878058708453
0.9942590883125707
0.8926794289233052
0.8620865163403884
0.9062599815319402
0.8642380992713552
0.9619963667677063
0.8534730789976394
0.8382917530680869
0.8669091920424155
0.9019895434752695
0.9172653135718755
0.872937131033101
0.8313604426512466
0.8170278165736852
0.8213984229702068
0.8815745263747327
0.9127294655222095
0.9447940102905729
0.9272900378380526
0.8963106451922724
0.8939369372170819
0.8479791434284121
0.8522556423390178
0.8954186474370509
0.9690201527313983
0.9474000465407828
0.7632123636700202
0.7639251091487973
0.8249548921129617
0.7680670828651933
0.926412870786867
0.7847392004880733
0.7308459703107022
0.727667969189491
0.7458883234915464
0.839936894054767
0.8496252726357667
0.8351603353212428
0.8204947590746022
0.8134961028704893
0.8031977734639821
0.793794427041423
0.7998953314188277
0.812917172688624
0.8250272841872109
0.8316353990845349
0.7125048780334458
0.6923709614087407
0.700654869368697
0.7348445449568695
0.9209854223085623
0.8019837981979392
0.7382228720341975
0.7392645273283844
0.7414176393849451
0.8612064505705131
0.8144293014540785
0.8091791839749168
0.837219247799356
0.8773609073245613
0.7884853915023561
0.8397215647519699
0.8483095946490039
0.7953220551597213
0.7577017310210267
0.7493673955155568
0.7520682070476543
0.7762570371622985
0.7720825162939405
0.7418048687096817
0.7717937888153804
0.6796129934736794
0.6824432031880296
0.7189917580617893
0.7688919798873248
0.9200503604891676
0.8583529434030287
0.7920987164443948
0.7666159758725747
0.7780155854555123
0.8699514186364442
0.859695645830921
0.8088221600211981
0.7792171051934893
0.7799609246911906
0.7920029896900725
0.8504746451467508
0.739064122105129
0.6814345317664042
0.6635340265619433
0.757985551194141
0.7744453459060722
0.7256460293780388
0.6933165046854457
0.6582309850938977
0.7716343957957245
0.676118560391161
0.6754155251936029
0.7093535527147159
0.728554285265331
1.0804826319569694
0.937746867037128
0.9540506950837033
0.9765079137474612
0.9356692050051255
1.0514235960660803
0.9372792441948712
0.9418179607545797
0.9379551382431511
0.916891930962312
1.0128114929605572
0.9271102922744417
0.9569260098103517
0.9618066151984969
0.9310317337118446
1.0029304261824363
0.9278353089518753
0.9823610769158114
0.9776209253642614
0.927777213631377
1.0435739967364102
0.9307214026275783
0.963644266161778
0.9733890905684669
0.9226252298111796
0.8993569478367315
0.7797152002344604
0.7495193563002494
0.8176301653866009
0.7586805750771164
0.899378823191975
0.7457718976723908
0.7469280086557116
0.831521462005144
0.7453855254134677
0.8602734304013213
0.7419093881686025
0.7386768067086521
0.8968141107768497
0.7610955644619142
0.8307797462951331
0.7936310282447859
0.7120359152933644
0.7823308715940767
0.7161996381806522
0.8306726424399153
0.7881593973364089
0.7193995177383729
0.8091348542333344
0.74021064832485
0.8969437944717361
0.6738743413258268
0.6704204201898156
0.7769551313580768
0.692403127266873
0.9260910873657368
0.7207811823382391
0.7057131192900518
0.8935826664907557
0.7080146883799212
0.9143590118553785
0.6274095927600716
0.5910343769458145
0.6748573194178904
0.6235315353198256
0.8933949100560795
0.5681508500828841
0.5521681974338344
0.6223895096395355
0.5680543226317507
0.8675640532982315
0.5830601482486173
0.6008754431872234
0.8098737335772136
0.650091405972833
0.9592754183362336
0.8523541745017046
0.7997801902839484
0.972016840050859
0.7593702602909341
0.9678739246806535
0.8951763932277481
0.8284338606464191
0.8543344789434056
0.8188636740149918
0.961755221253651
0.8709646420230704
0.8125973665682322
0.7841831770806873
0.733073559821863
0.9261796654899672
0.8437999615418519
0.7821465707516252
0.8072833889124141
0.6825478378030347
0.8950404101117265
0.8430833609283496
0.7921641775226946
0.8431683046311945
0.7041444673975897
0.9705144173276387
0.8266064556887734
0.7585618938570888
0.7769319404306935
0.7402558038507174
0.9687054594617086
0.8594203811395545
0.7945927944708085
0.7865236917199313
0.8057508942846305
0.9736655547666577
0.8730671984889687
0.814850656887886
0.835408466043932
0.819782932236312
0.9533504574244042
0.8522385659954942
0.7966500984704727
0.9733661120716803
0.7921231956089874
0.9090361643556717
0.8722433334313343
0.7946933735442493
0.7515449043382236
0.729607624353911
0.9509496302257932
0.9509815417049593
0.9885920621103783
0.9582639735571423
0.9462355485553055
0.9650367472529008
0.938888964800473
0.9478845204178987
0.9388028858583164
0.9588076472340304
0.9856949883423538
0.9409231992825173
0.9383184778725978
0.9607998245299829
1.0328280127555005
0.9944229647718756
0.9586627324041997
0.9411883050165133
0.939596689972132
0.951310709866754
0.9703714667520698
0.943787576684592
0.9396596226681374
0.9573618438318524
0.9432715286594232
0.8536219527052127
0.9503774993974243
0.8165927166296099
0.7970252716642785
0.7362413485989188
0.8497811776101664
0.8578616750898748
0.8711698229202018
0.7884063661668598
0.6923328568033843
0.839963077770633
0.80400835567725
0.7706264657459369
0.7564605795705391
0.7577829058769622
0.8049689322736189
0.7974965764877329
0.8113338923863663
0.8205812992355477
0.8097891430206129
0.8242334584257971
0.796221462799338
0.8172001233698164
0.8179127793273433
0.7649026583950183
0.8315809452256975
0.5802932428319476
0.5198289910310608
0.6641094589819375
0.7098296763680966
0.8265411298721902
0.7164781522686924
0.6548105527029944
0.6722032535047823
0.6994268572676832
0.8265897448569093
0.7878436637884494
0.7239708818480523
0.7094889381623048
0.7119375279246736
0.8304966105460222
0.7389257305868682
0.6754973386812018
0.6937335920724168
0.6949417459656034
0.7981859520362784
0.7163804921811218
0.6862158495968577
0.7617397363826324
0.6974381078950427
0.8861389136078407
0.7691183642324215
0.6394580024531953
0.7097673448185188
0.6360525874002393
0.8646762614578609
0.7038922124945695
0.6219464138704806
0.622094493918149
0.6743313402427172
0.841793522443382
0.7248153018820742
0.7208483199530161
0.7410125816688808
0.762843185345373
0.8579120215033226
0.6914399979508161
0.6976943525826566
0.7678826273697648
0.7614356053388762
0.8412854162419409
0.7191416626211111
0.7214532378635155
0.8484619658221231
0.7489208798259803
0.9054996209448484
0.7469240691474927
0.6184533724400341
0.6148421123024858
0.6894595949158281
0.9045930660649488
0.7245114798566248
0.6934943487325342
0.7319293123912033
0.7431159239188726
0.8350890422828567
0.6520917259014208
0.6570328599893229
0.7451753116430395
0.788024455905479
0.8661425029941155
0.7068935127701657
0.7068810868257763
0.8002278439115067
0.9028201160323917
0.8916615447243431
0.7126947302384725
0.672448441644615
0.7848234379904292
0.7753998577914635
0.9417516781721486
0.9643786398614476
0.9960995081337546
0.9765159129909249
0.9447552856717659
0.934161242938266
0.9353019706776912
0.9585160507079616
1.0475851401178777
1.0518548971985553
0.9291210397296414
0.9366755993473461
0.9333159832321468
0.9433375655685188
0.9993377055913475
0.9389054614678296
0.9494443469318413
0.9569011403731957
0.9349583643698145
0.9980411283547878
0.9497429141186488
0.9405778984069464
0.9659908281763302
0.9476790451519362
0.9411548322513805
0.8652352908496742
0.8148725788877368
0.7996735912584884
0.7776361515149031
0.7780247646292733
0.8798443211243896
0.9871393048610831
0.9401597970831783
0.8073577105713418
0.7847414521081605
0.8932574199808642
0.9997935647837568
0.8537573030036941
0.8283749545046347
0.8334709702957224
0.8869877419256031
0.9704180958766584
0.7961496344551372
0.7584059830802802
0.7722356948267968
0.8412226434233375
1.0038851368394766
0.8527507667694373
0.7832192553490931
0.8041988101665105
0.8452496419885784
0.7434431246533665
0.6503286671106877
0.6279392724782813
0.7372155802882112
0.810363860123646
0.7814666187733065
0.7819520769116756
0.7612496052186992
0.7817016062318037
0.7950494625517189
0.73112879954394
0.6814790101102852
0.6342824387381719
0.7341180365273683
0.7814284725928999
0.7166744885896154
0.6752991376823458
0.6696303324261456
0.7756682098238545
0.7750884870146375
0.7250270952725887
0.6990714228405414
0.7211839040025929
0.7881845687046097
0.9062724805224607
0.8888507603202672
0.7427105005930319
0.6675676581987748
0.6677928565971336
0.9039380563421312
0.8050214681787906
0.6295046207260486
0.6094413411997115
0.6437992615337652
0.9068745754956665
0.7295008120908496
0.5950460995660019
0.5923181222909295
0.6299138983338218
0.9773090963907354
0.8002029995543442
0.7205350331405391
0.6993441294295518
0.7252876301026893
0.9343986989308826
0.8382074382453182
0.6405064290743868
0.5828202255863144
0.6474133733851479
0.9413767866228243
0.8020105054900502
0.6335517050630963
0.5981704882896292
0.6277068998519648
0.8932952174489524
0.7648708593743742
0.605077418799444
0.5981367086447174
0.636611160906102
0.8914733053156334
0.7437999004471675
0.6621733824551411
0.676548775534342
0.7130762350626687
0.9406954763123498
0.7225333929116845
0.5632144443086172
0.545172121545858
0.6465098655076147
0.9763673293146227
0.8418662027646795
0.6896774604357837
0.6032908543597985
0.722430465366811
0.9445246620226546
0.9415982139196883
0.9776084977499488
0.9815827300525808
0.9450332422726879
0.9538564108684072
0.9385657756638972
0.971955931292503
0.9640256971546382
0.922600388888449
0.9373179354581909
0.9195393324929463
0.9581159021334233
0.9772790217150337
0.9490137720029114
0.9404898991001964
0.9326909667064531
0.9508022950415904
0.984759318680295
0.9827290526526272
0.9394070808342189
0.9512065053195254
0.9344495811080069
0.9387941278956311
0.9440219959023847
0.8309544743047365
0.8238569074615752
0.7049476006780088
0.7134855546755469
0.735811848380845
0.8287311701441327
0.7838688885172399
0.7215853810848724
0.758010029463686
0.8033597702062304
0.8133095392953629
0.7842225275691722
0.7604134680667071
0.8028385433961851
0.8606262710755296
0.8160318658814562
0.789595943162126
0.8302604471904645
0.8758023693929218
0.8872241134359978
0.8504900376419475
0.7989941306971157
0.7419512661227405
0.7514801212961433
0.7808619219591963
0.8125814706018328
0.5665794224913994
0.5203664053776959
0.6647054316449846
0.6328455527067384
0.8136088392062647
0.6401252863422163
0.5921092903754872
0.7035719613041068
0.7178475469109775
0.7929092043784766
0.7137418073030994
0.718297934671945
0.7968573140724521
0.8400464508749005
0.7541864846758516
0.6805477633059079
0.6502079982352749
0.685578275927533
0.7350413002042226
0.7432588710505569
0.6920312664085125
0.6410071252366272
0.6858115349940973
0.7966994131705999
0.8603529025064998
0.6432195769536433
0.5233176665291402
0.6758005789875347
0.6334948479431145
0.8273758479624246
0.7460036896891143
0.6763106630553729
0.7736482244204594
0.7465161569051346
0.8277413632031342
0.770263432940085
0.6955632758238564
0.7300887417258318
0.7656192335211087
0.8229766697677571
0.7892190771440016
0.6407041279972642
0.5907981334890745
0.6163810698489163
0.8671769562890915
0.829036899262166
0.686691815323723
0.6315853015031058
0.6400499774362604
0.9003064586421353
0.7128522884808516
0.6845795421971684
0.8218551745192109
0.6841812523961989
0.8591342119934178
0.7779921904482593
0.7266768446216466
0.7575376154293706
0.7278770549083449
0.857655868224367
0.8354011144438379
0.687761003547608
0.6307570111145829
0.6439412035204933
0.8499864163054268
0.8644159130610838
0.7174300249729444
0.6592770463876211
0.656833386707743
0.8810143229107119
0.7590560695816406
0.6217936643098068
0.5947042944314422
0.6080377322084114
0.9455645407040325
1.052010326230951
1.0298255712408895
0.9423555267097941
0.9434065061709235
0.9375881432344698
1.0527160725992741
0.9921672382192124
0.9297185925134159
0.9681945476269307
0.9252898341468238
0.977932999254321
0.9497828572118651
0.9486626180185902
0.9808786195383496
0.9356948527686236
0.9371653832116782
0.9394054450988116
0.9755191491642936
0.9867536958486717
0.9384947709193446
0.9371875742373559
0.9687455537311103
0.9824236901565683
0.9490626929952777
0.8387839365466456
0.8204407886594133
0.8202436087927039
0.7742296071930012
0.8138948137193769
0.8409056429999064
0.8076804830309589
0.827012949706197
0.8132980354602303
0.7686836192778473
0.8437849875622796
0.8318347649647628
0.8636915819631099
0.9159204511828851
0.873868747724897
0.8464112314396143
0.8553024628880688
0.8704225857425458
0.9444223427635737
0.9186071513457631
0.8546040854738423
0.83810093243963
0.8083195407864899
0.8854964128382474
0.8210660302572456
0.8038387169196424
0.7372764447483581
0.6373908915776991
0.6409350129681957
0.6287582722677981
0.8020971037002829
0.7599236559929436
0.7793089182089808
0.7778492969750335
0.6638693370455899
0.7694020403037862
0.7634721582301984
0.8320852512893189
0.8529004920102776
0.7785315603895275
0.7636782822094915
0.7012518394384417
0.7294800397070781
0.7344499427109039
0.6471484284616402
0.8008636286125258
0.695368279753377
0.7058063563364393
0.681723196245257
0.6018030981448009
0.8965137453709735
0.7256082869023935
0.6707406330107812
0.6101261668348648
0.5351017519051015
0.8606028255296911
0.80265035030734
0.841083623745236
0.782265525917738
0.690824895917727
0.8097253355549561
0.7901488717644642
0.7651385846756233
0.7531328423109634
0.6633357963459989
0.7594193739381617
0.7768661095557804
0.7169721540980585
0.6586865292120315
0.5326380708341328
0.7797983711047162
0.7618120857111085
0.6880500455469978
0.5912861955461848
0.49376933624921326
0.9252866363695815
0.8368507012826978
0.8578984721129634
0.7432303063916693
0.6657248292797924
0.8763764222785565
0.787431175139631
0.8193219693953612
0.6821930226726944
0.580346843389494
0.8300091730365252
0.7606527906177866
0.7268984431778093
0.6238285897405775
0.5054071695179106
0.7771942573230096
0.7488168892635344
0.6815063547761672
0.5756592857269647
0.5071828640580284
0.8022233273638822
0.7583459802688728
0.7296041650763244
0.6622302845847832
0.6204471739182966
0.9430821784032623
1.0859690729215665
0.9880274119102714
0.9379150762088752
0.9689247261183863
0.9505397594521239
1.0483346625628895
1.006806977699963
0.9375131939296264
0.9328486477188207
0.9370100376787855
1.0012200908468434
1.0738633893852443
0.9686818884967758
0.9301694194732121
0.9402608869534758
0.9631172973053308
1.019490449994755
0.9882798822426885
0.9401171131941023
0.9366793712628032
0.9621682553606126
0.970031945857335
0.9365616640766202
0.9348574084097533
0.7782568698787632
0.6991109302366442
0.6473049189745079
0.6800124095394178
0.8465979576185094
0.7675669035023112
0.7557319077990794
0.7783123276809459
0.8357541270774886
0.8373270806009993
0.7592696431969022
0.7469020769112843
0.7689958389727934
0.7926825414184868
0.7289111873993243
0.7222794363637842
0.7212153359130167
0.7798071180409131
0.919476250933877
0.8065323785305875
0.7412181375030452
0.7077831147454108
0.7081635476293894
0.7858936533704195
0.8497469643723167
0.7205005838865418
0.7869923057473831
0.8286063678998771
0.7645558777968852
0.7130214553366399
0.6835561864588042
0.6794562711809268
0.7074769634588314
0.7698450612107609
0.6947229762443287
0.6923181550278379
0.7418287185806758
0.7078140779217478
0.6536718090040882
0.6059532357416357
0.7425618046111184
0.8665154771138021
0.7435898645541666
0.7094867758924294
0.705049301383186
0.7355261127580976
0.681663039679476
0.5112238742154275
0.5897934035681478
0.6607677017765967
0.8281412955646655
0.7107370952015705
0.6266057623038571
0.6460125965824886
0.7253920110752197
0.8449991232041666
0.7326307876171555
0.6757476833084932
0.7511370268851271
0.7987287984650349
0.7694092800787419
0.7847062732794505
0.730802262622347
0.722705994456114
0.7300256608525868
0.7304392044415446
0.611466693451934
0.6105683246701997
0.6985018295466285
0.753992713123224
0.7383366667333345
0.3524114169389238
0.3353951192101898
0.5504680387427602
0.6947492623311401
0.8535062974213405
0.6585125717079506
0.5612726460604397
0.6772175606197752
0.7099146789563823
0.890803694833107
0.7539805816134895
0.6916308738854847
0.739792182134565
0.8206997741182604
0.8691848351495511
0.6747565338887029
0.5413378747725591
0.5852844657793893
0.6325007827764351
0.7732160766102887
0.45143752760474787
0.34791576908127375
0.46501409354146694
0.4897458597513824
0.7698530840128518
0.41332704605901543
0.33925419029587534
0.4505166689963789
0.4717696149180214
0.949572225651506
0.9726290251665889
0.9451229422074239
0.9543265297045045
1.0330996064612301
0.9485201654164735
0.9731750394396841
0.944061428291184
0.9629141367850836
1.0495059275345162
0.9412463385369128
0.9696987913245729
0.952745611518353
0.931630285419414
0.9449953084956813
0.9401211323749595
0.9793884476935213
0.9699427680591743
0.9353002154471776
1.0044889443657776
0.9334536213427177
0.9571866014882641
0.9393318720454145
0.9478752259307157
1.084153704107274
0.8390763050565477
0.7916713541692223
0.7655548908544959
0.6758146229377553
0.6326577591874687
0.830305013159033
0.8544401142984518
0.8283244532851896
0.739305726381784
0.699074129932933
0.8458879514801454
0.8954118616216553
0.8727913897441795
0.8410657749176097
0.8325716424979148
0.8275826155823747
0.8724021810231818
0.9779553443860698
0.8574438227868153
0.7528951423198699
0.8333758430529304
0.8486717627614704
0.889818888712238
0.7937295612730212
0.7365178063908582
0.7744627460968906
0.7599413797542542
0.7180822397132663
0.6012117397085581
0.59731971725031
0.7256768862287905
0.8023336537688129
0.827069820080169
0.71861608376216
0.6871896772258113
0.7018867962309335
0.7376942663361944
0.7305538775393126
0.6966454441630218
0.6901892369460411
0.743644473590951
0.7573243423667332
0.7634908659161579
0.7896867963707885
0.9455798589808682
0.7603321536819205
0.7006907492164792
0.6277979776086894
0.6229730566270643
0.7617555325581503
0.843470944193108
0.8664668038540757
0.8444540082135529
0.6897300351512063
0.6419380843017181
0.8088144284468626
0.8429715891819652
0.8153208394096482
0.7187788061281467
0.694513263132173
0.7618142050273328
0.7907537473617599
0.7359283046876163
0.673697413407916
0.6527902345816704
0.803119389250916
0.7734053744071556
0.6288798787126981
0.5726125549226697
0.6155614223453143
0.8579126470273785
0.719761479961007
0.4428609494067413
0.31563119741156
0.3986103243182314
0.8873866950655077
0.9243164798411737
0.9468598944651909
0.8593950595828679
0.7821528772191444
0.8686409350686407
0.9444007767485556
0.863119918478938
0.7693423808550869
0.7348092890793297
0.802538045477829
0.8305107831970164
0.6550992004647194
0.5562783753948399
0.5578135488784185
0.7910650480385336
0.6490378194999885
0.3628580743904068
0.24049866640793033
0.2976907825379396
0.8435980576078626
0.6506677443637866
0.4154338135445974
0.2639643024497517
0.22135700924285442
0.9569850159693274
0.978361635708436
0.9805815403673924
0.9533089320940348
0.9322605923510052
0.9537405110303391
0.9888180098726598
0.967634599228942
0.9299798914181274
0.9360249925647501
0.9464019070750699
0.9772040923313169
0.9463138255145279
0.9571896004514208
1.0586752226242722
0.9653638024138335
0.9826759818726556
0.9422682179185305
0.9572274175537563
0.9979149218920577
0.9622613435248916
0.9668144842942018
0.9365091938895117
0.9982229746356123
0.9951618525850154
0.8548032965963345
0.7874291460114987
0.7477135053938477
0.7329534504241224
0.7843385743137502
0.8522249583520748
0.8157808783960172
0.8805910568344795
0.774578181306366
0.7520812139368107
0.862120231562826
0.8479615081499902
0.9766211342901392
0.9026742546054446
0.8387048064392487
0.8648899819373288
0.8475253395353911
0.9547758689837471
0.9000853030662606
0.8323815613057179
0.8494553902505219
0.8247500408618145
0.8381157205998633
0.8022882405230183
0.7865817173286551
0.7884811351618848
0.6974073660391996
0.6168927769557276
0.5854593962215869
0.6665119534412763
0.7529788075877407
0.7389894086565869
0.7290697402986793
0.7457088975180222
0.8207147831892962
0.7877259535780146
0.7130428740106474
0.679930746158558
0.7016886742175817
0.7713976271011805
0.7909829531113703
0.7182818499907005
0.6456779076064956
0.6270876173887675
0.6746331948506433
0.7876960863685427
0.76834770775969
0.7568295863317113
0.7421123071711048
0.7390044380986139
0.8601052534395431
0.8489577912041031
0.746865605433138
0.6986504160654768
0.7101311002755998
0.7697978793779628
0.7707648746440797
0.722837893299916
0.6539586819308096
0.6341846568710366
0.7574436091037549
0.6910934549885911
0.6666757875067041
0.6284283232296723
0.6077177961932031
0.8510713685940426
0.7531224080514067
0.6805183296536805
0.6318521791851373
0.6354227058582761
0.8586951571718575
0.8154352872726872
0.7580754612068231
0.7267203070930863
0.7390321430477961
0.8984075120682059
0.8675721543487431
0.7216526578106955
0.640984571302031
0.6668759654076327
0.8081429072805786
0.7444689148349373
0.7314271782080246
0.6791281891976645
0.6445338570528433
0.7261780519965771
0.6703040419229929
0.6464168272472781
0.6701739286533998
0.6827468124571574
0.7806202233972086
0.787640005661803
0.7526334599224831
0.7096379324659763
0.7058153492771483
0.8604813206395662
0.7480815125151509
0.5738370238706552
0.4470288183058973
0.44811291448269613
0.9471627589465795
0.9386621539767501
0.9720731573123269
1.0690158521999211
0.9625945877434224
0.9395276110165994
0.9474949088094696
1.0047782156489975
0.9852832922895267
0.9358295586985915
0.928685936375312
0.9490779687800545
1.080486680965905
1.0134505491557178
0.9326123177111356
0.9430618712631506
0.9354294704384722
0.9621961360980771
0.9436683769571977
0.9360512560352098
0.948381798218982
0.9469688020592886
0.9425401228721793
0.94011924783778
0.945730106757104
0.7988147977124088
0.6862105723647516
0.6180587113000918
0.6606192921250417
0.6976012338896881
0.762293184488412
0.6701196861600124
0.5655651620533694
0.6518488710034945
0.7394025044363963
0.7483268751769928
0.6794257896359301
0.6387288571511964
0.6845690351991924
0.8046067421421691
0.790338354281459
0.7532027922892324
0.7146972323335129
0.6841763430391806
0.7522641799530168
0.8086576004575906
0.8376310471549944
0.8414392398890392
0.8021429537295289
0.774937564110917
0.7241467866027367
0.5647599242291165
0.5067222013609558
0.577443551927513
0.49709435775271077
0.6819788972689431
0.6080406843939048
0.632206850973767
0.6074574139252708
0.34152936906430426
0.663909278246219
0.6359454604603855
0.6356707001995835
0.5021754927715205
0.27795098991531436
0.6950405466525652
0.6805616390967305
0.6482501965736317
0.5496318636758043
0.4959672818010516
0.7200043861683517
0.7351530106495248
0.7257767146796871
0.6828129036193868
0.6619982032750891
0.8130011936904762
0.41401739575024327
0.3434147994089019
0.7071371579730701
0.6274228717027508
0.7718175043739933
0.546932193757559
0.5888920584384664
0.6964198064353203
0.43081610343603066
0.7016082213467036
0.6455053974725097
0.69273507664561
0.6667239177402218
0.6386104389468827
0.6599384740562043
0.6481388109967724
0.6697716967703072
0.6744335093671792
0.7139784949398699
0.6963057235097793
0.6925585728147656
0.5997726549844611
0.5060306924175997
0.48195722685407133
0.8485132234652696
0.5188688794034282
0.5825668984215582
0.7562903862315586
0.398945055480448
0.8524356652655911
0.7340931364152726
0.7559519942085001
0.6581086582924681
0.530833511610664
0.8110083064638077
0.7961920194935935
0.793344137504311
0.7428579682570423
0.7642405898137465
0.7225783769489877
0.6838558084273026
0.6267995270613909
0.5905365754444711
0.611054750664956
0.7170268071946984
0.7494511893846567
0.699695212977693
0.6282139411845291
0.5987378351444376
0.9484360432241107
0.9560717767483713
1.1290660532182506
0.9525222176776734
0.9467813624504424
0.945216904462451
0.9446912546423132
0.9786727935521977
0.9372060554867802
0.9571409421384269
0.9355459778625723
0.944180795860469
0.9389726649560745
0.9426072019530047
0.9776409200916203
0.9355338285088811
0.9537328545123419
0.9820754939562547
0.9404634953194985
0.9371739893084137
0.9345148470603021
0.9498822713820073
1.0660316834624886
1.0314822986061756
0.9380344479837347
0.7953114459574325
0.7051842740715341
0.6016815078652994
0.5693823810927725
0.69909372504714
0.7843584127058524
0.7205022696588523
0.6755596328673731
0.7320787793290373
0.7792273148900921
0.7410441025738214
0.679536471610471
0.6440432347680126
0.6628664283869921
0.7570327982882595
0.7447471439693164
0.6574551777748174
0.5736551923566865
0.5978077474343155
0.682025432833128
0.7621722423401054
0.6786969193062699
0.620629310347862
0.6529713633939053
0.7060784267886807
0.7144606492064101
0.6076738593065925
0.6664042516804527
0.5628284461187893
0.3172619075527637
0.690431727309976
0.5751942800148802
0.5873828105920585
0.4831722405602809
0.27317571592489626
0.6631691854648712
0.6116674825465702
0.5747277006141749
0.27857611136924365
0.2988337462588775
0.6512979521615297
0.632393928067554
0.6641636062634949
0.48470977822271405
0.4629218823759986
0.6651486763559796
0.636695619908167
0.632852380189369
0.5744271947163792
0.5617583481318766
0.8082588423263771
0.35756543978758837
0.3305968728657803
0.774376251006906
0.48588220343416827
0.7965402499137983
0.49001997123132923
0.33254289649208774
0.42305797826293173
0.5615523397079242
0.7907932294571618
0.5654535324170291
0.40424503771254494
0.47208362336324133
0.6746500174458687
0.7502595852194136
0.5193186842507267
0.39178417913505054
0.549850532836943
0.6949883386565872
0.7220546169777561
0.3783655781107259
0.2830016032385276
0.65927383895707
0.6731959959962374
0.8482493045136628
0.4285933693355168
0.27770538487065444
0.5027879649241218
0.4747412079671783
0.8502235653966301
0.5749068280675101
0.48824639113586576
0.6308498164884865
0.6990782488808037
0.8620010450158001
0.6125107959240766
0.49806517779303566
0.6139669829715121
0.7423116546242292
0.8429926776134355
0.5106430289011968
0.44261548902807585
0.7153487637209482
0.7619261596131445
0.8164970919897176
0.374207998632512
0.3005479509478545
0.7002563221009114
0.4827862909933728
0.9506824487257387
0.9491998629343823
1.0827798592704745
0.9432551851369314
0.9540318238536919
0.9545147236120558
0.9340371430760346
0.9557544959025062
0.9268754301136357
0.95353989917022
0.9587461609719333
0.9304878355086206
0.9327766291663473
0.9406559419485211
0.9594798453280851
0.9664609268247984
0.9400328808572591
0.9333201569671339
0.9319138386456287
0.941691801746647
0.9514618501612748
0.9340812277073463
0.9752565523257775
0.965115694362286
0.9231472859143407
0.8023360020219854
0.7466308416377673
0.7217467648542306
0.7127221428460765
0.696379608475828
0.8077849310873344
0.7795210754157097
0.774720613484228
0.7925472503697475
0.7636264486284372
0.816099582309149
0.8233966042568797
0.8318051517871484
0.8458737427501448
0.8522839454732866
0.8032695025310468
0.7991603702852905
0.7716888861842826
0.7675833832003034
0.7941725956144329
0.8050405801062122
0.7651417006273954
0.689223392571354
0.7005371139260116
0.8108461744756429
0.707142988352846
0.6647205874005486
0.6703643832856526
0.6698128598603417
0.5955795082978617
0.6758843625618627
0.6913009547431446
0.7190657198364976
0.7197876922368865
0.687411172312235
0.7268542206894554
0.7128481442636336
0.7026116716076602
0.7089274463770053
0.7347504778001074
0.7073640262548789
0.6627015508748375
0.6458532931690815
0.5936436599926881
0.5907164796290179
0.7078225896401145
0.6214534772860429
0.6241505750761223
0.4251562587845057
0.4025847728420832
0.7970539347259548
0.833357865594258
0.8646809008679773
0.832343304558845
0.7848960904959298
0.7572339686592585
0.7667851983516496
0.7712105370841927
0.7459891772436632
0.7154287788450288
0.7476953788425843
0.692886063298996
0.6674420327463547
0.6880621188812411
0.7409952459452877
0.764377282432969
0.5165039398459388
0.3828855228766952
0.4280140651589416
0.5808314292827815
0.7832393610338751
0.4112271555634206
0.2937338491107482
0.4960507654111795
0.6245982200077661
0.8397500561440817
0.8142372859488539
0.7584060478651133
0.6777213371424029
0.661319138140278
0.8158924003812885
0.799956184119284
0.7959342612061397
0.8088766395994103
0.825462317290077
0.777302035188029
0.6073093052530277
0.4687542286935932
0.4660818405563107
0.5919141640436255
0.7598148767627106
0.3899572315841802
0.13116781410852799
0.34565806910708896
0.49871755463474504
0.8126007800213617
0.4064902371233908
0.3788039183261597
0.8005975998697761
0.6699874094374201
0.9778462924680602
0.9436288512777811
0.9716360602777673
1.116649730746609
0.9472411256302937
0.9781248951777564
0.9591989136513235
0.9368103450882053
1.0354310028426703
0.9696658769110309
0.970004885702305
0.9654565418232711
0.9390030538706513
0.942970921450606
0.9384195308112655
0.983354485009583
0.9859594415640205
0.9842969149267049
0.9837709453811604
0.9862102139894754
0.9693603828820505
0.9691483430714385
0.974484166289755
0.9795590986928044
0.9747070583219777
0.9179082660957212
0.8009398455356277
0.788525543500095
0.9297329608062245
0.7454410556755332
0.9297258474781473
0.8550273036192017
0.8768616872582808
0.8444497315908448
0.7978466513691659
0.909705486125804
0.8939074678831598
0.8795653574157225
0.8710879771924613
0.8880431644289073
0.8621244044046769
0.864845254288031
0.8757272689982725
0.8920630701950518
0.893011979851456
0.8819885446296107
0.8970469397368587
0.9244180735887731
0.9259760754929338
0.8651331084254007
0.8687976755517067
0.7560667075428885
0.6503997176487569
0.6848642868856609
0.7667783783317654
0.8632350066764317
0.8823146411745407
0.7835123746960212
0.7662525241234293
0.8466400602364632
0.91174222360483
0.8976273442816111
0.8620447412972074
0.8693524213673087
0.8968823098208893
0.8601075391122985
0.8715508585659888
0.8332241849460597
0.8074273402998975
0.7997118950342987
0.8181441369553761
0.8290235120271474
0.7518855082614826
0.6652188228671777
0.6420243864685212
0.9545943335648435
0.9617767653525081
0.827023152518995
0.6623938151634923
0.6351453555048273
0.906146424154449
1.01277109599915
0.9023032697111828
0.775762210929983
0.7419656094917432
0.9186304377255927
0.9156458816934042
0.8398706294218302
0.7971508349714941
0.8211945308401927
0.9851065858294659
0.8492136779649951
0.7041600102929436
0.6499753975024304
0.7196562248030515
0.9494923761177072
0.8458028526965603
0.6799062428087626
0.566609676560451
0.5953610240935995
0.9813908480142346
1.0006085786620438
0.8195331309965429
0.6909179609355454
0.6847925292796829
0.9367764721656002
0.9595107955175992
0.8112114203487393
0.7041419311523389
0.6900311391874325
0.9072398440594311
0.8068104595279197
0.6649425557203676
0.60807272531723
0.6807389605296009
0.9244684017084709
0.7518692808429207
0.5575206867606463
0.4850367214506828
0.6251468920489779
1.012643153584081
0.8316072322807333
0.6619099524883051
0.4603535218746402
0.5865772685187507
0.9713044310920934
0.9797023624444925
0.9389484602205692
0.9707674672183894
1.0114600279979282
0.9568816281294211
0.9590864425447985
0.9344974590024739
0.9511158008878681
0.9646287402504059
0.9563719424318244
0.9472963406988256
0.933618803025895
0.9935151134087052
0.9736149120121268
0.9745459394542157
0.9530490189593182
0.9465277899585985
1.1055266011526383
0.9659930927133854
0.9814710540990338
0.9566555326367917
0.939171166219387
1.019379103082447
0.9549806727895103
0.852084508771221
0.8434296609063244
0.8579316146776914
0.972278628270131
0.7916274449048581
0.8223408011492264
0.7555743151552048
0.6789165690150324
0.6625672627400304
0.636794384495019
0.797519094548496
0.7447334050293708
0.6314844243582421
0.5762239751727688
0.6286797589033909
0.8062848566136207
0.7981652043383414
0.7167303928668047
0.6717509945806994
0.6879344257213713
0.839317555165283
0.8239795941645659
0.7947776954720992
0.7756618875711476
0.7537844841539785
0.7642423146919921
0.6765525078540151
0.6301745398302484
0.7427551640677945
0.6248620040874436
0.7290128383225248
0.6027774837245345
0.6240702218964601
0.6486111426477104
0.5334016066510473
0.660488033761286
0.6192026225426223
0.6012311157895833
0.6037109419168019
0.5780966503296373
0.6479174554214772
0.6256354062268181
0.6280631278011024
0.6615289729302956
0.69670619875887
0.6947911738359668
0.6566283127254909
0.5858668366098004
0.5592878149291672
0.6472916831197176
0.8416491314646077
0.6635145600091119
0.48317269073346286
0.39342921498264877
0.48129929588784054
0.8486562005017854
0.6681891268910645
0.5068453159922347
0.4667656541923718
0.5768396730417519
0.7878058661115216
0.7374332996796565
0.6925430084636832
0.6877438534683294
0.7227818647034574
0.6952486654557541
0.6896481203402975
0.6013024795627779
0.5163721118190099
0.5180607476823353
0.7083840591577811
0.7703416412661992
0.7251663420713758
0.5828469641450861
0.5282627440148845
0.8739518922055689
0.7445898470507867
0.6184686730910248
0.5962729011478592
0.6740210284878979
0.8871155101433349
0.8655222994243349
0.8338737625107084
0.8055262547072553
0.8085158840365628
0.8736158720861207
0.8544508686379637
0.7120044265797435
0.6133267934994244
0.6307106147188934
0.8242915749271473
0.9014010610821656
0.7304671037015382
0.5712138152543663
0.5284580077975479
0.7617601876319213
0.8946748191084414
0.8990618095379378
0.7554260907796284
0.6729195059377194
0.9649830890514219
0.9603040172753523
0.9537922657367908
0.9479119909803257
0.9482014399200888
0.9536947588609185
0.9619818913474519
0.9672507036601463
0.9697329902239417
0.9594056730663898
0.9379148795345003
0.9525120824586127
0.9608653474027415
0.9474572691572585
0.9262817389456041
0.9396367278642297
0.9650099736237059
0.9646788344949694
0.932574436688599
0.9322522720970494
0.9513434368579724
0.9802395543537062
0.9539288766345143
0.9326354121356809
0.9613046785641812
0.832819785650611
0.7715409954729077
0.754642109467539
0.7981010830667089
0.8710483176939386
0.8555954708360011
0.7547764949312837
0.7290116938758584
0.727730565279642
0.8075832905139722
0.8623551028684094
0.7168364909872893
0.7856799962831538
0.7754663453252565
0.7463119876465925
0.8220209624976423
0.6885151959791685
0.6930121594211034
0.7362761194778906
0.6266692958760479
0.7855426193703164
0.7019219710849702
0.7190404598232893
0.6779259759008801
0.5712961888391584
0.7545274218657401
0.6641224450472043
0.6612267517705352
0.7663575321117917
0.7681094588408315
0.7786500769299595
0.5884512405844062
0.4788879238684234
0.5877432469509444
0.7575153874459936
0.7811608996741832
0.5552462887711639
0.4703708805030467
0.6528530642029418
0.6893709746432767
0.779861996099139
0.55843817550813
0.542877129446051
0.8371179373138603
0.604843808555218
0.7294448424298359
0.6153029389948577
0.6522287815225851
0.7738578417959746
0.5643279766661419
0.8372597167034448
0.789872602238957
0.7223574992130776
0.6854865541345538
0.6011174679156366
0.8375342602709476
0.6538067301868837
0.48593913667194266
0.481320436490879
0.4616010534412304
0.8445046146421042
0.6883459298166623
0.6087848180910344
0.8214039354336454
0.5301240184825463
0.8774581540376839
0.7001527403801281
0.6850990800011185
0.7975142813639573
0.7050437843858323
0.8452666358767708
0.6949664021582088
0.6473362224781839
0.7175835284184209
0.6950362440363557
0.8628992783915044
0.7569540128001401
0.6038036913163499
0.46503785729821023
0.3420108570304885
0.8425321672789706
0.6732188714011498
0.4934570941581698
0.6603605085380192
0.3738318582119173
0.838147517549626
0.7463938547160682
0.5932087804440933
0.6063845191230217
0.5451973435267119
0.8693915643309074
0.760144246808704
0.6880570143064247
0.5984450110201436
0.5989084584882673
0.8764232614543419
0.7617118270946988
0.6871675988619101
0.6672565954092157
0.6960410482122824
0.9674781959059947
0.951395464430433
0.9417144269263169
1.0188943560540396
0.9599410883001468
0.9652863596607943
0.9651259414103701
0.9340638421168223
0.9509048565847963
0.971436741064971
0.9644726847591022
0.9897087870930089
0.9569997312781555
0.9253277530017026
0.9401477955480813
0.9636690807832907
0.9828009127257588
0.9672938787560854
0.9369657271835525
0.9305577397545749
0.9553926112027972
0.9567655723620183
0.9597938159375846
0.9556703485679143
0.9494836145066319
0.895195113353697
0.8487347198778736
0.905707735427649
0.9039607154247582
0.7583130055446711
0.8758673995616456
0.883131006256537
0.9337700054664426
0.9110320704490723
0.8732062871167205
0.844619394373062
0.8606924486833777
0.8619794526584675
0.8132984269913158
0.8089917618963309
0.8599246609858394
0.8855760203187713
0.8983651191044353
0.8739985676605471
0.839660769268961
0.8613004922798432
0.8657819149829654
0.8727814380214777
0.8724097177250165
0.8687472369376167
0.8312824106369102
0.8693490819000977
0.7714218764384799
0.7295554513883636
0.8333175418999369
0.8385996662452531
0.8877494421155794
0.8133177632500481
0.7794742638885607
0.8600680478248627
0.7684548261942118
0.868878189016424
0.7775701402792977
0.716474351340522
0.7511289135124186
0.7545324570631734
0.8285853495464908
0.7567128620045778
0.6515863031247163
0.6097932818627555
0.7945943582479155
0.8007622910030912
0.7021475240070281
0.5675370520156504
0.551188168826368
0.9157624540708059
1.0938815232432006
0.9453831895207627
0.791719222583985
0.7443916991944046
0.8964700837195415
1.0035479721998042
0.9279257415471786
0.8276961937153879
0.8067395596762686
0.8486539307540418
0.931837688400018
0.8075576173928427
0.6825098605310315
0.6448845689722054
0.8231427186112952
0.8672783292595454
0.7750950175455911
0.6048768979825419
0.5422071921493092
0.8651282205068415
0.8968388143102559
0.8413565591760832
0.6211461509360455
0.5522830127360367
0.9427081423506019
0.996002525100041
0.8173239996028736
0.7028379905990185
0.698024896369289
0.9258717733992082
0.8661444589809557
0.688288017925511
0.5831741153345372
0.6314945774771017
0.8927875627975623
0.8459835218849646
0.677715678774317
0.484805734887253
0.5249487028851371
0.8618274102383532
0.8316970754098802
0.79581050765258
0.49337486805382863
0.5337228027297181
0.873791249292764
0.8756188997875222
0.7884395078902402
0.5953743022033432
0.5864663539153635
0.9544262061324548
0.9359572282930816
0.9325375253065259
0.9473295824286322
0.9343912680358566
0.943983502881716
0.9256329696867324
0.9488724423042109
0.9530814732312605
0.9300402042835897
0.9445315467500522
0.935414919396632
1.0341679269157007
0.9696330539379487
0.9231616304399629
0.9386653228300007
0.9373813783483282
1.0335064957613553
0.9896009121899797
0.9297146079294808
0.9438032155215146
0.9276978427878898
0.9738446790366257
1.0024295502564058
0.9359356661712235
0.8803070037705922
0.7400648742770197
0.6457902776283451
0.7857416711306253
0.8296226017266332
0.8649487248297043
0.7606300003221734
0.6585339673513738
0.7842809264024208
0.8338303757611514
0.9057223883361337
0.7899010952618932
0.6647698895867459
0.6358366172416797
0.7112471218119516
0.9323129001459065
0.8422504390528867
0.7338681545090314
0.6644916619241271
0.7090270971739039
0.924810386505751
0.8336836645010964
0.7099472966906125
0.6379347796155073
0.6942894219271784
0.8147148321712511
0.6397715660533764
0.5193530393965547
0.4985396752915207
0.6353555197267917
0.7987383363167794
0.6745205712959004
0.6964530347352719
0.6299037255996953
0.6141995517052459
0.8295109870629256
0.7139242277467386
0.6774964047073537
0.6510385666222054
0.5660613750377542
0.8651047850139728
0.7639116699515095
0.6381058411881567
0.5932220548425265
0.6489811792541097
0.8841025444199643
0.778870075767177
0.6181571271353035
0.5851428158457926
0.7472943202259659
0.8886598090102462
0.639657468496994
0.4784872522841258
0.5491275011002495
0.7948705442241085
0.8585816507860169
0.6715480677582862
0.5353059373335678
0.5769708709254976
0.7674090671283802
0.8471987062516885
0.7028914015638981
0.5455080791794735
0.3995316725734258
0.4403953299181553
0.8442540956790935
0.7721025044810116
0.6739971646839882
0.4066454758402268
0.29465427802580424
0.8766035860521338
0.8313035510466298
0.6970119141303767
0.4767109499324446
0.43187398830586027
0.9279968676998679
0.7244380471856685
0.5902196626545891
0.6037127139695448
0.7307813464826509
0.9312842423656383
0.7504383913046914
0.5969440774857604
0.56439245261481
0.6554843774840617
0.9017474012055369
0.8110353051762099
0.7023965528588574
0.4995889743281516
0.3933092863485497
0.8834876545767119
0.8208638439379106
0.7501763018354093
0.557074435520965
0.3413093295802122
0.8888173645666618
0.8168504180309362
0.6178837891230821
0.4877243111211372
0.4608228476130826
0.9450937723679559
0.9622159713311832
1.103849798331402
0.959851124825858
0.9437293226409861
0.9402042187913934
0.9605755477220371
0.9947373256801373
0.9298479644178783
0.9474039522233025
0.9460881164616511
0.945098603026726
1.0172090983641968
0.9406349270437184
0.948879447611435
0.9620095020921063
0.9384181812931695
1.0681343493260054
0.9871169634565208
0.9318043306036716
0.9508418636896545
0.9355662425333953
0.9655019366387448
0.959534227526463
0.9288568499260323
0.7748179545726749
0.6884072965237036
0.6594623259896578
0.7086088056281941
0.7590856330393363
0.7749858171577133
0.6648342170640786
0.6497649281243413
0.7307328175168566
0.7792078688291547
0.7635947107189132
0.6465355868414464
0.5549280863908735
0.6050593497894537
0.6667585996337679
0.7873680359839144
0.7006885672573052
0.6238387961548003
0.6119028691127023
0.6624417792716184
0.8122083629711654
0.7534611784605699
0.7009162499580456
0.7084979122645831
0.8397737056592862
0.7063062234762488
0.6502016706936488
0.6701030213809313
0.6661341431247547
0.6834088581225947
0.7044380523734796
0.595951723857941
0.6035116784764851
0.5637182924439056
0.49966984917560725
0.6925478202031741
0.5602829163278842
0.6097540392620537
0.48286062896589554
0.3220703384024134
0.6876592486131698
0.5489815624889732
0.6540163392794827
0.588503884849669
0.26055359730926614
0.7108852027583087
0.5365461821842197
0.5859807952457582
0.618141881733062
0.3317687913416535
0.7997970704824399
0.4638912863562193
0.3780847625580038
0.6573632309559797
0.7446560098243906
0.7908726781054759
0.3617989991283848
0.19080194088460056
0.48318603083438433
0.450750088795517
0.8147500941042379
0.41246626516822305
0.4100959735803812
0.6172530398340655
0.34137080436756373
0.8125160404459486
0.4383060075268054
0.49871407179537763
0.8006561199550332
0.3910780532359353
0.8046626691615484
0.41245003395000984
0.3393107576367896
0.5190815160905158
0.2817977846816611
0.8339356274382723
0.3851241036025821
0.30010145398157956
0.6032621902882969
0.5609019040021922
0.8189998248173552
0.32113756004617366
0.23341383716824377
0.6295959978245145
0.42587742435628145
0.8243821983303613
0.3348773434955832
0.345857097202932
0.8094624303866212
0.4662912958899285
0.8617307155529604
0.3381966501245398
0.18377372457830823
0.42298289630587044
0.31639376643705175
0.8473615509379671
0.3547159750683754
0.20283104269626728
0.44956415718050313
0.2928175181211361
0.9370626694650996
0.9609248193993735
0.9442489921246985
0.9454127745324824
0.9905763516561218
0.9344375491921929
1.022867309374451
1.0111301219687858
0.9253071453159456
0.9574046427398115
0.9336427533918157
1.0167079807472108
1.0357305140727173
0.936157222785262
0.9414471634924071
0.9361679855377241
0.9597671535351093
1.077356253663049
1.003563999055048
0.9382696961999233
0.9389775369638134
0.9399817468243407
1.0196538247848297
1.0416759940668952
0.9408005782253477
0.7640689608006859
0.6837082220667479
0.6488983940988118
0.6406608665508321
0.7510429366069395
0.7551335156010094
0.6843549108857325
0.5973963971463665
0.557618290335414
0.6344567130330928
0.7130673616907198
0.6926573923711685
0.6415874701485182
0.6266086615228158
0.682478265437416
0.704488334844494
0.699125533549342
0.7077165231170681
0.7779600049727279
0.8994714822293864
0.7439969501778837
0.7435007525341559
0.7442632953875484
0.7790036894082005
0.9029363365386247
0.6915894407439483
0.6340386031672842
0.5692506490242919
0.35009399193142254
0.29301138039656466
0.7027496433858003
0.6806422831594285
0.6207389731037869
0.5332707138922843
0.5352624831669912
0.7022875416146621
0.7620790356428833
0.7943305767722217
0.7188496141482877
0.6746162980825515
0.6757060907896054
0.7410429114742401
0.7893421571638967
0.7286513800893545
0.6672629567588484
0.6791397328517288
0.7058923801465228
0.7358416373618869
0.6886951458308209
0.5875826921662048
0.8070233444600959
0.6418384393420407
0.4823436909711569
0.4331684174053006
0.5166319345128387
0.77395172669822
0.7451792768498918
0.7403662579623282
0.7654115567605091
0.8042223321875754
0.7550874797700371
0.7347073183727766
0.7618426292336273
0.8063082564697593
0.84404034389948
0.705571048685564
0.5905961242329275
0.5941028499888658
0.631067029042096
0.7317863580808567
0.7031265620183235
0.4750247818243264
0.5592090757956919
0.5995418171057324
0.5029910883947347
0.8437699039365293
0.8076596764254732
0.7979999008607717
0.8212796065370098
0.8726673214520831
0.8053729353855246
0.7609258296400615
0.7178870561883147
0.682756989465733
0.6997620311193242
0.7546263009018566
0.7149065114899729
0.7208053263339431
0.7115170706943441
0.7438386381473907
0.7380421551208979
0.5856543156522783
0.6537994953191685
0.595104357033375
0.5542146506648221
0.7648615626118024
0.41567997587930483
0.567530413414085
0.6536102614052601
0.38008354480349776
0.9396147409835186
0.9438759715679746
0.9393128286469006
1.0030335054830113
1.0911981601919538
0.9285280376323083
0.9355650546792674
0.922784941097223
0.9401698751994619
1.0227877667227274
0.9349063344153352
0.9440480340870732
0.9560947028538622
0.943373181072632
0.9242059677805702
0.937908301688717
0.9365738138717229
0.9673178398942257
0.9857056508619174
0.9561351744787501
0.9356390430301971
0.9374812638911307
0.9357997734726171
0.9662777949670956
0.9677657096765281
0.8279866991050864
0.7838968241950992
0.7902432183131671
0.7243731063146698
0.6501128970849632
0.8372191087528944
0.8235773612144726
0.8521761496392872
0.7658509926602765
0.7058118848617003
0.8304804356026446
0.8763538748364038
0.9050743747955667
0.869535723565955
0.8290198396651905
0.8157791815123127
0.8727408132156532
0.8674029343071623
0.7953125621752181
0.7605897886842266
0.8314674017200154
0.837520964660376
0.7755266746244556
0.7163887019347199
0.8379682896912533
0.7903778537242959
0.7292034320773803
0.732921821271482
0.5860532580585485
0.5613107711025069
0.7554653684768295
0.804131467467262
0.8094396971088379
0.6871946743893282
0.6502109988494439
0.752297732644855
0.8456880884182252
0.8201889934571169
0.7334358034668534
0.691139137198019
0.744065061256449
0.8612729907617029
0.8442875213612056
0.6393577822586808
0.6050542097661681
0.7480157919486037
0.8412177294144244
0.7992874548396653
0.6666784610188461
0.6427785877414224
0.8360329122838523
0.8074297732139641
0.796368947373445
0.603417271444772
0.5349651697438161
0.8127250543939929
0.7690963622800979
0.7647151769141749
0.683793427531568
0.6872900411256978
0.8437372784358483
0.7406960092306235
0.6373851801677946
0.559980047771738
0.5626708585565483
0.9161699158746743
0.7882264338680217
0.7179714002811032
0.6643967122413506
0.6734482170029753
0.9100055293198335
0.7312068461148167
0.6086332130880037
0.5822316532303133
0.6781232620271426
0.8762601162099046
0.8772373660859237
0.9213513653337013
0.7947305516973645
0.7358145760039979
0.8453515897831614
0.7213944368895833
0.650928720825408
0.5757883790736429
0.5935636174111447
0.8173342129863613
0.6996275518093418
0.6250889029724467
0.6009908631099133
0.6342546418329298
0.8576090878551121
0.7619013702691668
0.6468892597193348
0.6166623141860721
0.676539034264183
0.9423561006666767
0.7564010940208179
0.5784202409106157
0.5051628471447587
0.6272198818201217
0.9372281477507687
0.9740604194894631
0.9706089221503884
0.9350842070003151
0.9829238933039285
0.9333419841961957
0.9689927010538093
0.9807004966717577
0.9557328982919439
0.9358109140041767
0.9393926042084686
0.9445944153800433
0.9425804383224553
0.9348053401455949
0.928412663641367
0.9410940568939592
0.9342595848291301
0.9420703290161483
0.9770767241393635
0.9609127232775825
0.931558723338515
0.928250172286489
0.938573627087886
1.040082022047174
1.032756269869131
0.8471195944720552
0.7749509189672037
0.7319619506500283
0.6462226258966108
0.7047163028133178
0.8528613544491094
0.8219021700232341
0.7861098263604851
0.783470545323413
0.8137547659169828
0.8364179994774681
0.8276577805868711
0.7886754496052202
0.787095824190698
0.810518534500974
0.828790666666729
0.8760740017015664
0.8573048920763692
0.7622233030402296
0.7388925980954719
0.8043031801614824
0.9031587150144822
0.971578857189339
0.8179336802496814
0.7600584513295142
0.7923799474939479
0.681559552564203
0.6098247376600892
0.5823672082361271
0.5941306982462664
0.7937166994078738
0.7645632860793234
0.7472568507128067
0.7371962855114994
0.748720497190455
0.7636890268274353
0.745613213182001
0.7024942453579557
0.6848214680755111
0.73066007525352
0.7762309180852993
0.7924659921446551
0.7869904299892878
0.7794412930115453
0.8755394204532473
0.7479237768587718
0.686970065734199
0.658590140780854
0.6341717391629851
0.7259178316105648
0.8685857374394688
0.7756307636551689
0.6790161959175547
0.6604325719177866
0.6885634495713865
0.8672158052003803
0.8253469741694128
0.7098514149268539
0.6499663200575087
0.6564621015570693
0.8320039852882927
0.849011931157008
0.7603479282398579
0.7146760471794931
0.6994833710669468
0.8375753271545706
0.7969527380698023
0.6924267594701339
0.6620060715160858
0.680989036930578
0.8232810350180017
0.6458353721910276
0.5049828890245279
0.44756242175870414
0.454385653113682
0.9000205953002582
0.8739361527460919
0.7490533239807525
0.7018279856633264
0.7112311406396712
0.8595743366156472
0.9323618357421987
0.7862509028430553
0.7349118458985143
0.718363798742553
0.8210486518374824
0.8827152877987481
0.7257003923201509
0.6930970308561525
0.7084569584087814
0.8461055206793815
0.7737817969568167
0.5638352278340839
0.5078676934040725
0.5588911862643492
0.8385475619707592
0.6755678818606883
0.4799301988238323
0.4257433587290035
0.4505278502991653
0.9382005811068331
0.9855928095455604
0.980755210334302
0.9378733335141496
1.0116264074421641
0.9302856002971553
0.9724938539392899
0.9758694901617834
0.9381612926978611
0.9827712309712716
0.9417585529259608
0.9633239982755271
0.9590884727988244
0.9300081629146154
0.9324579993429005
0.9474297847011449
0.9558378445575739
0.9389659645821203
0.9443352736449917
0.9526224676065179
0.9474589246942244
0.9592102888496206
0.9369630487623589
0.9896702404695996
1.0639078867339289
0.7846231544942265
0.7209739038622188
0.7239925227930654
0.714231247163001
0.7078146158465644
0.769979787147584
0.7047919234352703
0.7025766640192139
0.7619646510574163
0.7228334133834302
0.7752615738613954
0.6925854658281144
0.6790837127010807
0.654458530402133
0.6652684614157163
0.7938546595157594
0.696687405677934
0.7921149819120471
0.6899374998822803
0.5946416098991593
0.8082919749507603
0.70113588306904
0.7263561160554907
0.6954873305370871
0.6180577742038262
0.7149163171248127
0.4936208609291739
0.4305662966214474
0.5925454173127479
0.7078471702982052
0.708903205649173
0.5024676051036949
0.42276487210863223
0.5098274983712839
0.582616350525556
0.7100559228444611
0.4937776552925614
0.3223852687829248
0.35489561586100493
0.48238936989709613
0.7123807083645884
0.5314083011670563
0.5293357661252605
0.6259921955621909
0.4780481395816679
0.7044436155892425
0.5484433323710145
0.6047255618383979
0.7228971753775676
0.5726630485887423
0.8112039117783294
0.7819042200400547
0.6735667948746313
0.6637760243263218
0.6788523641419281
0.7853690551532628
0.6839258361344956
0.5969020556178267
0.630075715386845
0.5475421810192652
0.7481861731131418
0.5754736277940505
0.5042502015607652
0.42960296456948627
0.3482291356108454
0.7444649463978272
0.5481348278395168
0.6294350724102361
0.6214396360122019
0.26412654037131433
0.7554825583335107
0.5243277073914876
0.47273869761866527
0.4567995029431758
0.23133944709649007
0.8399612458834396
0.7695019130247277
0.6593085806603065
0.7264074994751725
0.7159985987727157
0.8434111776282539
0.7368903400601367
0.4784992629589499
0.40073937984455377
0.4637737617223731
0.8164367725974333
0.6433474459676646
0.6945687663373874
0.5501399123343107
0.27611716395969094
0.7964413424201896
0.5942513911822616
0.605483494806231
0.5618206370036823
0.20835870226273379
0.790305654808348
0.5719313755040861
0.33609285949919565
0.2150520033396309
0.0018391372931593844
