1.1547005383792515
1.116319712329994
1.0864221253232145
1.057744741875538
1.038232078423393
1.0182198900947321
1.0033326840205428
0.9973857443915473
0.9884032109840823
0.9860500627512078
1.1545122690029426
1.116724507667265
1.0874193357266257
1.0589759214940155
1.0389679489158379
1.0200941506205559
1.0050748586374638
0.9982497824769951
0.9901608328656136
0.9880743613831046
1.1539976375015681
1.1175679461429608
1.0885466034344735
1.0606709536164889
1.0404750814232373
1.022564889836477
1.007545283956331
0.999938149946801
0.992763188156559
0.9909546811983448
1.1531204191562097
1.118025010814338
1.08839554053212
1.0607909077781699
1.0405512317677836
1.0230356945772696
1.0080155040849568
0.9997277932145373
0.9933442320849916
0.9918280264801289
1.1520179504487598
1.1182785596254659
1.087386445536389
1.0599008742015679
1.0396897097161977
1.0221644662462446
1.0071082910129638
0.9983974649699909
0.9925505745006179
0.9913148466420717
1.1506760608507942
1.1185137858528384
1.0857158203505182
1.0583241961800673
1.0383341856994284
1.0202815314556422
1.0052313509039281
0.996327747311728
0.9908032450535572
0.9898169562452463
1.1491442677133032
1.1191532179263566
1.0841975087709044
1.0571536969276711
1.037692276615381
1.0188169310341813
1.0037941727145443
0.9949457130929945
0.9895565661924333
0.9887536830153987
1.147498815353442
1.12045075787054
1.0834250404074237
1.0572171672697712
1.0386644812596881
1.018800634597061
1.0039806852772695
0.9954375783034193
0.9899378364113273
0.9891756016568767
1.145943094772126
1.1219898137694386
1.0830696426789082
1.0579110797804308
1.0404612713804366
1.0194936286983667
1.0049997088777773
0.9969752854957219
0.9911502058647379
0.9903698432280096
1.1443994129725552
1.1239655131273656
1.0832051221161736
1.0592572002921452
1.0433058931798196
1.0209759955729993
1.0069558594854626
0.9997177146852653
0.9933301611907259
0.9924444770532869
1.0877044001888823
1.0485125704535148
1.0154712989776804
0.9801994903999185
0.9674276062907129
0.9461149766747697
0.9530123304027547
0.9444831628656944
0.9592839193712966
0.9637186593261005
1.083527062725881
1.0711223223411446
1.0487530584419125
1.039261906803681
1.027399024136773
1.0252851135989063
1.0241987321127566
1.0290863992296257
1.0361015230762154
1.0431690640670412
1.0863187490180746
1.0502895256609548
1.0149162754623344
0.9932834057417483
0.9713775615986726
0.9659119528536337
0.9556332790769853
0.9629239201858456
0.9677575508489051
0.9786439713481159
1.0904915614555557
1.0348965725732255
1.0020255444933028
0.9686163594539461
0.9468574897712422
0.9357390559648535
0.9264016428955738
0.9381622059657138
0.9371674625577059
0.9478236044114305
1.0871391298055
1.057743627995045
1.0354711494040654
1.009380163513032
0.9992615693908719
0.9845017058647325
0.9884887001496816
0.9838674861249599
0.9961335001369501
1.0017383655799184
1.0805970980636583
1.068817492528026
1.0407710956830885
1.0283426963355045
1.0139354380660979
1.0087455760979056
1.0090589422831244
1.0087125075350825
1.019894214194546
1.0263963669273692
1.0807243455100974
1.0495458988703283
1.0021826969305692
0.9771884943743058
0.9520802143165339
0.9458476942045476
0.9369731907968931
0.9428135030055395
0.9479267860952869
0.9624980813387674
1.0846901054383544
1.0402177335705813
0.9996762848933273
0.9689923768530788
0.9500608577896271
0.9387201395122627
0.9287105712933007
0.9391600072040234
0.9389026114896282
0.9514844820179634
1.082259671027252
1.0660454166628128
1.0425857840291317
1.0266954938986717
1.0227933003548846
1.0071814021485255
1.0117523805047495
1.0115723606058484
1.0218603774417663
1.0277582447702824
1.074973180256952
1.0664717563678114
1.0271570304540076
1.0101399746413848
1.00077730956001
0.9867000778102802
0.9860294117250441
0.987033838523326
0.9996199717261384
1.0048277957219809
1.037721966898206
0.9958999084710305
0.9649966304247233
0.9311708561459199
0.9233229015866796
0.9071712252712805
0.9225049726467728
0.9198260234173029
0.9510828790337903
0.9591131742393417
1.0294191015769183
0.9772580304780545
0.9179669819594668
0.8864515670908578
0.8668279037648047
0.8602434896028008
0.8694655603137534
0.8760420047795485
0.9147016373721124
0.9279176965889211
1.0354637024210351
1.0028552912816668
0.963422106144335
0.9511948314613239
0.9182007533323673
0.9303395717295719
0.9168643209006903
0.9466591240500758
0.9466470719125908
0.9663831546846999
1.0448031424793016
1.0212098709167226
1.0251385572876879
1.0148282116279563
1.0202997423912306
1.021523661635464
1.0294267459081226
1.0514256324084361
1.0625063630006537
1.0776175187611285
1.0396036516550435
0.9802610663502643
0.9444024836954696
0.9008696995014565
0.8900990205735758
0.8707269043715193
0.8901949099700541
0.8918327452252649
0.921933115272712
0.9304311128086521
1.0280106021063398
0.9833783926646662
0.9245219338473225
0.8914999036203352
0.8736494865673514
0.8628504719309811
0.877469627563119
0.877908871810369
0.9179871791852943
0.9274157564304064
1.0291107751765798
1.0189713087764525
0.984933713067545
0.9873628594904648
0.9621263144143343
0.9768655722477767
0.9672412533098378
0.9936121962497597
0.9987885395404699
1.022074028273862
1.0389102181549432
1.011162991992108
0.9937328624024134
0.9700319098029477
0.9666293061131042
0.9655435545667899
0.9636323696260358
0.9865514188774894
0.9906889979432304
1.0114205676404098
1.0359980061527019
0.9789830268561134
0.9335012949712337
0.8898952195572596
0.883289874795401
0.8622355658757532
0.8775911517573008
0.8860007822602858
0.9138599111287317
0.924632228287442
1.0228093057239727
0.9919085650398893
0.9366139804518034
0.9104078609435927
0.8948186755375389
0.8745612007195261
0.8955428099926317
0.8921462706942158
0.9313123474134655
0.934132478759684
1.0007722327687372
0.9417482489319299
0.9020775195825242
0.8615266149297391
0.856275357301025
0.837778738146009
0.8579708349442573
0.8699663123340503
0.9117752275981882
0.9375655670737312
0.9960509353628603
0.9895263515171426
0.9609828382187696
0.9595567246953575
0.9501863049140401
0.9613746062146872
0.9689003630187484
0.9835894892129193
1.0178438389399536
1.039670372757905
1.0020866085690234
0.9320000792987881
0.8806025925830613
0.8513860964313085
0.8203420051800686
0.8272847625174945
0.8266374247682592
0.86969560186062
0.8839308781396948
0.9249593535375118
1.0077857655597997
0.9333998376362296
0.8837589903217593
0.8363054093579793
0.8174635091391581
0.8210255543531304
0.8362535022956814
0.863857882558321
0.8898251838432605
0.923446462598369
1.0029182662018112
0.9674883109613341
0.9494083015817335
0.9209268314094334
0.9256114225183832
0.9099764702486889
0.9309806910074254
0.9374577448333946
0.9768609030593981
0.993346717265627
0.9954822704960256
0.9733924862394991
0.9303747750502963
0.9144515722750265
0.8964690347188609
0.8983154636396925
0.9069348952347507
0.9190637840020816
0.9520870834896716
0.9761842784654482
0.997288352940061
0.9301635401803693
0.865784259801472
0.8330467893644217
0.8069611310281448
0.817727090780111
0.8197236842206637
0.8618653449055468
0.8825962428019125
0.9263834831561754
1.004000241153869
0.9404846408743204
0.8858428839298957
0.8500866514422759
0.8274683290936059
0.8290795404590969
0.8359604850470201
0.8697898545178894
0.8903038967400445
0.9233662765889868
0.9988316335898672
0.9786706629885025
0.9834888191262182
0.9669442323102858
0.9726710417617954
0.96759258307443
0.9953331243705654
1.002341120914976
1.0377017097076222
1.0494936879069563
0.9903122359777112
0.960666414611214
0.9054175164219292
0.8767755957091008
0.8596061171938251
0.8530315451428152
0.8641792962407794
0.8792068689129642
0.9181987997031876
0.9369620710702576
0.9715803911653921
0.9067325671734251
0.8490606400798854
0.8132172235822562
0.8002179311591401
0.7923458076513628
0.8133395540455738
0.8309867127708094
0.8901142040551447
0.9213493587816264
0.9713427298967777
0.8874469044195714
0.8249300073940129
0.7879322928498059
0.7521840605477954
0.7722964179275497
0.7857593745857533
0.8450264619872774
0.8719371445663754
0.9258194310440565
0.9768622254897167
0.9218033218446223
0.8715622180367821
0.8303064223266017
0.8155722330489538
0.8169680478987528
0.8259675333883132
0.8516606100080687
0.886163356894536
0.9366818715782482
0.9772769497272096
0.9364634939710976
0.9120686465863868
0.8853027749373287
0.8749275240238916
0.8680214616546859
0.8866456638249207
0.9100137311872448
0.942078772780254
0.9752802489142058
0.9736725379042313
0.8957406931729529
0.829654398091503
0.7839559452776717
0.7729111247312707
0.7695721855360067
0.8051617078481424
0.8212734244768911
0.8874125971051412
0.9126585039293599
0.9713573253462149
0.8937699364728562
0.8264008592040223
0.7908216910649524
0.7612113739895235
0.7757038363966414
0.7878128121898328
0.8397491275051694
0.8721624672302409
0.9273424303203753
0.9748277532441444
0.934543809440384
0.8963422055494721
0.8704841159617474
0.85195066483996
0.8545932265386843
0.8605732973521238
0.8893841377629619
0.9175630391872612
0.9615961849444138
0.9764865682738033
0.9247884813571671
0.8878387792504682
0.847609536130849
0.8363847254621464
0.8312025949108213
0.8435465053447453
0.870826854894291
0.9025693924634156
0.938346217391959
0.9696543761568535
0.8983141119198211
0.8268595393128084
0.7797897527465072
0.7691461825148479
0.7641526154110782
0.8069953923935915
0.8268384583672139
0.890495929779022
0.9110683295056807
0.9663147834859079
0.9062451667103438
0.8357901002221638
0.8055435704967986
0.7798319258626862
0.7875782966987208
0.7997179107138406
0.8363631580010211
0.8736725393836648
0.9238794341336124
0.9520456223888851
0.8857007635256998
0.8278963576862354
0.7798171589535619
0.7539314716599055
0.7571243562882746
0.7868825584528447
0.8200036273482411
0.8722579308148141
0.9144171879389317
0.9510556317612828
0.9027536877428262
0.8535381116582814
0.8288210441971574
0.8139476670500474
0.8061368287462715
0.8194334725279192
0.8520521946741287
0.9051454260945873
0.9522839315546143
0.9545420971918162
0.871335824168913
0.8035998221213414
0.7625668205859911
0.7282326174805789
0.7535415934985106
0.773560375219805
0.828834406373406
0.8637389907210496
0.9280446501213535
0.9560052190027314
0.8610940475594538
0.7989936662410576
0.741597218258933
0.7391063296422516
0.738161894922513
0.7718287115260747
0.8119074673248856
0.8739578194126905
0.9230701374749632
0.9544960793762576
0.9037647676904403
0.8590526078997853
0.822643857023196
0.8021324097982796
0.7981385550758562
0.819042490358077
0.847770088097385
0.8935788183814527
0.9362101805974807
0.9539855596379367
0.8917797092664305
0.8368776668543808
0.8013571503764448
0.7835644287074163
0.7771906079155309
0.7979599019953142
0.8282576843996112
0.8839795266386932
0.9275078659018497
0.9542272285078289
0.870502207870847
0.7939368276795685
0.7567087427699376
0.7245146037974647
0.7504853307341697
0.7678954905304454
0.833291663009636
0.8692088340679578
0.9339075137472236
0.9574407649120252
0.8717693336449572
0.8065010676907194
0.754223379937404
0.7430819820658213
0.74239331292056
0.776496066787596
0.8142241469786354
0.869012292735263
0.9117275692586349
0.9521667289549284
0.9062530982380872
0.8724329274505662
0.8393924233718124
0.8220094697786272
0.8213237105480268
0.837527857337772
0.8627773843770551
0.9096951676782945
0.9505520134947895
0.9491238990332619
0.8849437435538869
0.820379065449952
0.7689557711336116
0.7542716096432709
0.7535952571078428
0.7851434717514707
0.8140930554769683
0.8732302016478062
0.9139154733605576
0.9417426442854866
0.8462285057656848
0.7870235177712956
0.7399647816237617
0.7152420474868222
0.7116521788420817
0.7497046691438615
0.8050631478945248
0.8597980662945098
0.9210564487249727
0.938816166946008
0.856571111767176
0.7833245270501139
0.724189595648228
0.7074134493309118
0.7202700163103751
0.7691905550494497
0.7976976261313184
0.877334465645471
0.9208873997822122
0.93952371314566
0.8752074240460175
0.8107430791257143
0.7750801273160554
0.7476584238752716
0.7458677339098146
0.7588320819150949
0.8126086733093782
0.8647446431958917
0.9255039230505733
0.94326721166579
0.8781249516906608
0.8093787671772503
0.7701375443254753
0.7433337464864973
0.7556524166865289
0.7656238051528318
0.811166307080848
0.8531843999027461
0.926519534287096
0.9442242894604462
0.8428236407309264
0.7803912633111338
0.7264687006659056
0.7113842603875483
0.7122375357501244
0.7482853270861648
0.8052198923868837
0.8637872114320556
0.9169705795689006
0.9448340805991895
0.8616376096713172
0.7872567200834526
0.7331523639989901
0.7153603378312154
0.7210566667997077
0.7669072817912329
0.7998924661931643
0.875012424456973
0.9168127911583116
0.9413539335198081
0.8821497870182331
0.8272333697890237
0.790923972405078
0.7641500837801836
0.7627382986656527
0.7782267612803893
0.8194829042897205
0.8720003811354233
0.9287919397398648
0.9467613846060405
0.8697795884204569
0.7979395875256756
0.7547225583157285
0.7246146571295001
0.7389746263925746
0.7536963939236632
0.8103708087018352
0.8526954754835436
0.9202736120137381
0.9437942789020975
0.8524189447044501
0.7790222904057384
0.7209021534989164
0.7099688002746884
0.7165958496459437
0.7529722276176791
0.8042595994499548
0.8605300725571673
0.9134181279729989
0.9417588679582458
0.8632374340461852
0.7931668523919947
0.7523102240184251
0.731772930255789
0.7275806784695001
0.7639304943920571
0.8004800761234504
0.8732904126980295
0.9130988203859848
0.9361911424149112
0.860799327462582
0.785352288877162
0.7257104197207065
0.7179010007041766
0.7221009076420013
0.7450891296304267
0.7903083781543441
0.8485683303628886
0.9253259566066844
0.9345662442229106
0.8574135630604932
0.7932949193192516
0.7448165749340894
0.7163152264941901
0.7098758373125374
0.7515056047761582
0.7959548830480198
0.8551801739803608
0.9144332194163192
0.9336767372352829
0.8448001476328411
0.7706758693572703
0.720752176520118
0.703517162930605
0.7131080351917636
0.7522885705536239
0.7854165945616794
0.8740238718000956
0.9250859806695619
0.9364032891719035
0.845814700675192
0.7763094440004322
0.7292097993762604
0.6932924503151792
0.7125298351638444
0.7294142503453663
0.8112575528722066
0.8524522170878583
0.9206046585334421
0.9385128517525377
0.8698837605521782
0.7990259204937514
0.74904412261392
0.7311043480915007
0.7343639239228482
0.7511919181712873
0.7966272905029576
0.8477734399884442
0.9155712832462931
0.9421573521038954
0.8518383333518846
0.7846581644096692
0.7333890858852303
0.7092034712888781
0.7088933422172452
0.7466780555551076
0.7973070570958429
0.8581727657815922
0.9108700339818158
0.9370411859118849
0.8506561038932794
0.7749218929577164
0.7213753633623162
0.7038389618408313
0.707883341822071
0.7568867451224822
0.7883522488226529
0.8752048223125364
0.9157662981040622
0.9431747141994682
0.8534274543784011
0.775216343329554
0.730401442705864
0.6981792509704902
0.7164581277646805
0.7319543405096831
0.8019913111939027
0.8482948048262444
0.9253935663533301
0.939145032750392
0.8638750978829247
0.8044906146439402
0.7547164294254473
0.7268199570733873
0.731357257766386
0.7502216010454659
0.8022374591418086
0.8494570768434804
0.9099318851038547
0.9408707310618751
0.8539037332724673
0.7769394230608179
0.71843432516697
0.7069790683902986
0.7121798219028366
0.7459096321364962
0.7963852492464835
0.8594686070218174
0.9146754911340425
0.9319523465512914
0.8466137002328452
0.7707103080360855
0.7298605968699126
0.6907994443008497
0.7249761194317393
0.7428410068156922
0.813672653447118
0.8488249823556427
0.9268605609646002
0.9339775681772224
0.844171578100675
0.7826580930779667
0.7193593386119913
0.7147551740672394
0.713071176551776
0.7416653964423765
0.7940048113006476
0.8588687804921484
0.9233284855906246
0.9332313405939022
0.8584811139122325
0.7859436781725379
0.7253946247766486
0.7070686586454652
0.7065112884811698
0.7566132944168076
0.792953614547221
0.8642158864216858
0.9143890301712262
0.933364203320579
0.8509960765513924
0.770858500280988
0.7319800588596
0.7096939960365033
0.704092802181404
0.7399706729840504
0.7837152860311357
0.8676042040794802
0.9161465063770665
0.9345537270931421
0.849375188372646
0.7824691139617563
0.7378323985308131
0.6970532608350779
0.7264978162946123
0.7412250295964087
0.8152246061584928
0.8490739729687049
0.9287251982605628
0.9406178962723648
0.8494225458320399
0.777087472335694
0.7181578163963923
0.7074958455728773
0.7134277114765345
0.7429038273312395
0.7982521867428368
0.8571515224389084
0.9178384664006976
0.9381624358199343
0.8577968632159719
0.7868781661825447
0.7325228475958157
0.7130541513473125
0.7114205589898421
0.7521442810232416
0.7925710481555119
0.861361984075175
0.9091768516012327
0.9434704784274677
0.8509662128013339
0.7743648539619163
0.7227891915591824
0.703393731038247
0.703840758898493
0.7490995650388893
0.7849829710491425
0.8705969570269952
0.9125882599417822
0.9366747940712833
0.8559672910916022
0.7767801826904551
0.7378804618486754
0.7045875759146362
0.7269374429948112
0.7364279921037986
0.8113011152379486
0.8538425858313364
0.9339508933250125
0.9419579207700087
0.8475903251302722
0.7777719921738939
0.7248159530721644
0.7007073419433707
0.7106734747744535
0.7438449104810603
0.8032733546822334
0.8542158618380629
0.9142658858478232
0.9291164251811099
0.8538627072783719
0.767376611273226
0.7289747400200751
0.6959207032661159
0.7115911224291597
0.7283531867356927
0.8034906330746117
0.8595299117187544
0.9165866555337973
0.9328097154187963
0.8552928816843048
0.7635028075990385
0.7237457142797842
0.694416912514042
0.728892768626614
0.7394834786545131
0.8139002794447823
0.8459055022249177
0.9290722558607944
0.9368102958712193
0.8437130980868693
0.7981787389873692
0.7445601679909032
0.7202266269540692
0.7098405563792008
0.7454011792633805
0.7972575485546429
0.8470896840579489
0.8993162781383673
0.9340807101012414
0.8587175137257533
0.7880522314245317
0.7221496349037012
0.7123412163330459
0.7117675805791728
0.7692887895583527
0.7804025221369177
0.8780028533647792
0.9031966774016018
0.932387088710844
0.8545154159476349
0.7681380170700965
0.7295594391593907
0.7004195228786542
0.7085355259728386
0.7354692087467363
0.792918587739951
0.8633623522966278
0.9193528565177882
0.9390764172524444
0.8551492627819848
0.7678764130445743
0.7299520966101497
0.693238573464796
0.7285154443882572
0.737225288444631
0.8152206345136237
0.8468444261390844
0.9305167881750486
0.9418597731028002
0.8541302391126273
0.8024951595396904
0.7420070390216027
0.7254784096592365
0.7205168044881596
0.7457060969491538
0.7983800588508672
0.8427945352543822
0.8952625876593112
0.9458084340847945
0.853603615128028
0.7781804873257544
0.7213596339390987
0.7117687969021329
0.7049859645564409
0.7653036516261693
0.7885163392304462
0.8826368533125756
0.9048324777819632
0.9371815904825285
0.8527568405621796
0.774170618049829
0.723864195783716
0.69819258922769
0.708235318954602
0.7456003416184318
0.7873093812323688
0.8657931666046079
0.9155675212109583
0.9410087142206214
0.8575720933219848
0.7755722666853083
0.739997608487798
0.6997833281969148
0.727567439453835
0.7331005171658576
0.8141421916271139
0.8475168641642196
0.9239516773269544
1.1222469856420305
1.0379955177976985
0.9791134323747
0.9216721757607095
0.9284300729841963
0.9069097166250871
0.9392217853285155
0.9403106267104705
0.9548103571387925
0.9571424429333263
1.1096132835128427
1.0313206434517872
0.9511822836835266
0.9132072298936581
0.9067132554490885
0.8902349397947205
0.928795445393197
0.9202792963646831
0.952347815534517
0.9460201479418897
1.0999253187487947
1.0712605319002078
0.9838296916487463
0.977449155525767
0.9095466656116785
0.9215998568870867
0.8970863659208028
0.9021298574016844
0.8987972263781394
0.9038366463235785
1.1183122020778833
1.0401829701428986
0.9791315911256966
0.933914617542728
0.9036648379415224
0.9164756779922938
0.8924208477484142
0.9215064275709818
0.909519786416268
0.9191881951727024
1.1331705025114933
1.0327203007800851
0.9809498674668451
0.9241417492214218
0.9244677970785498
0.9113753935021788
0.9407762122010532
0.9485021014138625
0.9623495414123667
0.9638838021489856
1.1182052951408774
1.0283219864793223
0.9671512264474141
0.9141722535549405
0.9154175926439112
0.8853773701154409
0.92572163416157
0.9075574271930595
0.9363176610794449
0.9292804637546018
1.0990469073072524
1.0807655639252185
0.9904911957761151
0.9791876906716838
0.9198835897343504
0.9250738682955222
0.9012957338328891
0.9046180087485886
0.9010071702878473
0.9055226048313778
1.1173686513539973
1.0395174987007312
0.9585821589201007
0.9322122758582373
0.8919723625607866
0.922554310374936
0.8974536414178311
0.9366006369418375
0.9252282213314083
0.9376180541378424
1.1426682795826852
1.02795844795859
0.9883331303687024
0.9251753409825901
0.9173018638564137
0.9105681092434815
0.933603036524286
0.9469461820303853
0.9561467684500227
0.9602380071770287
1.1186331682778072
1.0340964352248776
0.9896202065251687
0.9218207871518731
0.9302698790170173
0.8868343435028659
0.9181997288279559
0.8948238001213104
0.9164263122628864
0.9106365705612195
1.1076311078893264
1.0361532745857192
0.9674121235230441
0.960521504407573
0.8933274647408455
0.932827694232061
0.8957014354066464
0.9250655421876088
0.9203461499187593
0.9221723181472352
1.12687325915892
1.017871747589028
0.9797433901788221
0.9043892897515469
0.9076382920048737
0.8999463453945684
0.9084987231628044
0.9319477593459542
0.9301564012416459
0.9438719248532925
1.1076448761968714
1.029726949612907
0.9553145661415986
0.9148875957578689
0.9164102292125224
0.8998644004698638
0.9456726238782607
0.9394115573303495
0.9727691957764643
0.9701930460095637
1.1012141552645145
1.0241833591753877
0.9373825221495405
0.906285750364372
0.8956659748293176
0.894092022604616
0.9306921330221799
0.9287856813297491
0.9683667931826496
0.9615661988674258
1.1004303317818382
1.0432405429303166
0.9716514276370835
0.9665409583726681
0.8961148366854409
0.9324293081210506
0.8884215384271249
0.9197952200511738
0.9083776570134179
0.9137211127495813
1.1258500992722198
1.019399736627213
0.9642758528468803
0.9064001431104229
0.9004006223983797
0.9089168527333784
0.9162002514620173
0.9491424105593331
0.9482007012014201
0.9613848577264029
1.1168820025909576
1.021890014929307
0.9641375224575056
0.9130953666834433
0.9228641076431388
0.9011876371648473
0.9467813019267122
0.9428240444900174
0.972892508882661
0.9734902256334846
1.1028280834198174
1.0264224033470652
0.9515365949451693
0.9076765979162088
0.9021313233554221
0.8887012382383184
0.9296596428056939
0.9167757696201763
0.9504465742347404
0.9449773348398617
1.1005003397158255
1.0457812977948444
0.9566573805268469
0.9591288248983104
0.891413497026548
0.9244989435105478
0.888125590784139
0.9219255398096674
0.9137387792234992
0.9209771978422869
1.124712646090986
1.019165693730073
0.9554159512177582
0.9133122705996837
0.8960413999211461
0.9188378264809555
0.922244887171978
0.9633895937642618
0.9609887351902744
0.9725349666904629
1.0671217385801317
1.00498202610974
0.9021483333329096
0.8874184722144641
0.862881658312045
0.8774935843030669
0.9020833620890403
0.9215120319828876
0.9607167802813403
0.9551985009401145
1.085853180608256
1.0167255906425683
0.9110382958732891
0.9097189636010474
0.8574510346740997
0.9056289258177572
0.8992835524343327
0.9375558618806209
0.9520559492406201
0.9572406226130455
1.1073801264802068
0.9781202282304275
0.9520667698503364
0.8872198806978651
0.8762937861697806
0.8823508331021251
0.8746546623418026
0.9201087114641713
0.9083780791294712
0.9230567472746924
1.0926418029010352
1.0010145644565547
0.9545902792290727
0.878036148728171
0.9037898578198168
0.8716559921446381
0.9374270223869587
0.9238217779775396
0.9538213679423372
0.9583792540568324
1.073365232381321
0.9980345663342681
0.9090010106208445
0.8795723871751341
0.8713342528724146
0.8690111535607948
0.9086649989540156
0.9137456631649564
0.9634023017765162
0.956519592876653
1.0824750973491386
1.0214178615187788
0.9145868456239297
0.9127964868236425
0.8573504519534753
0.8991494797002807
0.8964059253497656
0.9280701554139805
0.9433152873780272
0.9498405976683983
1.1024828752762452
0.9858727185095
0.9418967861519026
0.8865685200620653
0.869969977849315
0.8882147888829273
0.8733543955032934
0.9248115830326492
0.909640061081042
0.9264082892370369
1.1038159689550484
0.9960301971617052
0.9551857355911431
0.8821910583171705
0.903131130805789
0.8767895325962647
0.9315927687294706
0.9320436940769399
0.9586534053158521
0.9628586674535784
1.0780405470235734
0.9899753503672251
0.9156960163024571
0.8706508083089468
0.877279036519825
0.8659045492597184
0.9176545618151598
0.9149788826928006
0.9687225837194128
0.9602014223334168
1.0728820532808494
1.0299679360377405
0.919887249270303
0.9180709913585012
0.85965496440103
0.8931373289112366
0.8889460394238762
0.9146169277495512
0.9283239622511192
0.9346683546118465
1.0547359388754263
0.9511025504018071
0.9053339199832773
0.8367587554536808
0.8610867613986254
0.835098128441027
0.9036211324035733
0.8889181162516038
0.9532427969453033
0.9420786223413388
1.0387514179107995
0.9712163350729116
0.8742246601398681
0.8642619112419276
0.8272039664215074
0.8612151139132133
0.8747106736281249
0.9215459632705632
0.9466436391479176
0.9577681271145653
1.0547205286028563
0.9788138423700707
0.8906935914258313
0.8656299909674601
0.835802736836999
0.8684320195093129
0.8659907293632318
0.9130049640177134
0.9209640507237411
0.9487847439614805
1.0800085892411064
0.9504783612497398
0.9048242519785084
0.8541861597230079
0.8472321053299114
0.8606960029474349
0.8801465055642747
0.9310571516690298
0.9393791562482797
0.9586311280858139
1.0578248816166302
0.9588818071028671
0.9166040401825809
0.8387938993199584
0.8663708590842039
0.8379841489550951
0.9085725428211935
0.8931052828851042
0.9501438280433678
0.9409166655227807
1.0431552268925153
0.9701626697567687
0.8754915392518873
0.8603341805916311
0.832492571174579
0.8553862234357453
0.8752429519588841
0.911618448456084
0.9451425901013989
0.957640261273281
1.0524107103431761
0.9782789632412675
0.8882025145885354
0.8668815709502413
0.8317676135402761
0.8674482082972886
0.8705753129629799
0.913352662315325
0.9271440122665691
0.9529050387906477
1.0729693649390675
0.95146807246047
0.9011994182697813
0.8533036268806697
0.8424203970075981
0.8636319847029623
0.871797535381952
0.9311767030292705
0.9316037464809541
0.9531087161876226
1.0665899236595138
0.9612441451606751
0.9153002423226019
0.8414800140460923
0.8667941695561674
0.8417464210700003
0.9109166374883796
0.90448184697571
0.9566907625201501
0.9494230062993614
1.0474526040016379
0.9656329217413941
0.8836299202361698
0.8587492785547423
0.8392207890924605
0.8496526474250822
0.8746640482421567
0.8982445037199341
0.9399581056618842
0.9497789040293408
1.0382412261184255
0.951090455113627
0.8992376646356638
0.8371900103879978
0.8406382033576659
0.8246805465366461
0.8658296269139513
0.875626629415713
0.9129539821738917
0.9260074710669797
1.032003237302736
0.9254639154942933
0.8580918705991215
0.8133664825451854
0.8234034346924131
0.8106016218716862
0.8674761071363368
0.8753906973387322
0.9458052783438048
0.9447971096711084
1.019521504500828
0.946405317847147
0.8535057531298779
0.846169031677317
0.7961948612298022
0.845833661692862
0.853870950858805
0.9088733578045213
0.9293123030712466
0.951641620503223
1.0323953399490806
0.9304081566064083
0.863488920776641
0.8176693479833664
0.808102379688195
0.8372735718169606
0.845111568673072
0.9071382944344543
0.9166135021966418
0.9567502983905241
1.0434283593993139
0.9478784019568414
0.9006495071553166
0.8427971001012636
0.8387012915844195
0.8297429652232766
0.8571572562121812
0.881117197622842
0.9037241042149557
0.9259023165441196
1.031579027114358
0.9213803427866577
0.862070326203043
0.8040196453434995
0.8261898319702369
0.8108182290045746
0.876009312563241
0.8803591110747426
0.9523512544431062
0.9485820329144188
1.018667594641505
0.9478332105414239
0.8488372239284281
0.8431350391931496
0.7999274113063818
0.84241015038239
0.8551206804307541
0.9070199063792563
0.9341681320605179
0.9559618611324193
1.033940239375271
0.9379935656653346
0.866623707568882
0.8311361091366998
0.8066988455124204
0.8388504420255075
0.8403796856604102
0.8986223515057888
0.904889586324829
0.9456401788156736
1.0417361353843124
0.9393580402967807
0.8923504495399279
0.8369023187701238
0.8292723598716235
0.833838126170868
0.8531301321589418
0.8951249616260617
0.9104335753573419
0.93689425448273
1.0275152379541121
0.925384563501851
0.8687274697176874
0.7992483728381137
0.8289787309272998
0.8111926258530197
0.8820634683935921
0.8821072927289776
0.9495873596637748
0.9472947718194602
1.0221417264674983
0.8983592021730684
0.8520677486444214
0.8037576318248184
0.7987650591525758
0.816555455549187
0.8408632404304753
0.9040748989371752
0.9226569196039345
0.9610541070895761
1.0129562750076324
0.9323960933533426
0.8691691446346442
0.8094963005448066
0.8135831205254834
0.8067441045353415
0.8612887564254145
0.8659109824956427
0.9264962329082588
0.9334899292381263
1.0080001845447841
0.944630506374927
0.8751605410061746
0.8524608272352685
0.8276858755370352
0.8261859090840393
0.8384878480787465
0.8648367408323032
0.9017722932407225
0.9224905004312722
1.018013374258712
0.9317100320157352
0.848577133464103
0.8231721147235408
0.7959709965522273
0.8289038852883733
0.8483046276878816
0.8887508977370376
0.9222294227277915
0.9544106683513555
1.0191686789708356
0.9020339004984924
0.8481947254059479
0.7981735789160774
0.795767785972208
0.8175908846439882
0.836832538727522
0.9005591694346048
0.9179554419444564
0.9578019514705757
1.01862493229558
0.9367070018831657
0.880762944400696
0.8244376385505916
0.8240602293150658
0.8102153015729382
0.8552826936678235
0.8608313651469408
0.9131185594229464
0.9211725446718892
1.0087763958341707
0.9353209765921608
0.8716617631015102
0.8367387055276604
0.8215399381862897
0.8185323276253053
0.8413854532323292
0.8616917556292103
0.905932958128173
0.9271372030317636
1.0088040723365406
0.9335871230926408
0.8433703923883784
0.8213718069015907
0.7926774401276164
0.8283376567135754
0.8525074396299346
0.8978548782395912
0.932546568516544
0.9614257314530331
1.0217778215030748
0.9099477321386806
0.8459725738892121
0.8008267053307947
0.7936603120590784
0.8191980846228042
0.8354565728996153
0.8950451575212811
0.9113126039614526
0.9510021242023992
1.0198490438678478
0.937367483544946
0.8964672586576009
0.8458679529587665
0.8381663753806631
0.8219085860507396
0.8540649094594117
0.8630271802924833
0.9065333240480907
0.9183789055998021
1.005683163852571
0.9551123392714377
0.9002889844747348
0.872448377745158
0.8570381335823991
0.8529565121077728
0.8622049292967147
0.8788419114768593
0.9139741383364234
0.9416020131319174
1.0138088697745533
0.9176743714962954
0.8554144867744359
0.8242551809648242
0.79273002261293
0.8175630486708888
0.828641702205976
0.881187573575651
0.8970973750944954
0.9355090399120803
1.0089914724746094
0.9070209518935363
0.8515919198899075
0.7927528820018643
0.8039777554256404
0.8050778322685899
0.8523227054865559
0.8750937517072317
0.9298422898484366
0.9572661014450852
1.0048416301609506
0.932851145893905
0.8698570012495888
0.8373113636687736
0.8142883055758646
0.8191521094476805
0.8326487831492322
0.8685068946178653
0.89957631527658
0.9308507414357255
1.006819349041619
0.9478027685409038
0.8887946678381494
0.8591662069863727
0.8409364090340065
0.8353725278862392
0.851881756712193
0.865688287516656
0.9069548499031057
0.9290306149963726
1.0090157415870402
0.9125376948312958
0.8450686873418185
0.815331733498897
0.7878128373883866
0.8172019126912667
0.828799798776279
0.8895799168843509
0.9078075311860478
0.9479427058789436
1.0107551906852115
0.9166436255770224
0.8560470775726765
0.8013392914236634
0.8050927636092468
0.8065047697381947
0.8520861291244225
0.8751416651880056
0.9247961481811269
0.9471907271162555
1.0077031634689622
0.9404895495308861
0.8901021457565366
0.8592962275922403
0.8382549663513226
0.8368226634037087
0.8475792568736208
0.8718548557173654
0.9019957550679841
0.9321356311399887
0.9998224264412529
0.9390492167971206
0.8733612010677577
0.8317778946726543
0.8161181743188645
0.8161514698569404
0.8427440848078522
0.8576199865304348
0.9031292753269706
0.9223770438007425
1.0022988849396643
0.9137183697638246
0.8344571107453322
0.8063613750542383
0.7878072318626591
0.8189806246960858
0.8304200393284965
0.892602031954668
0.9150888305718178
0.9562037883728103
0.9977099798269675
0.9217986052112584
0.8445660180743616
0.8132015364342166
0.7828244212911697
0.8054796764879122
0.8325466851552428
0.860799228996652
0.9080682851994692
0.9253380843994296
1.000701015323946
0.93861412999277
0.8842548620150756
0.8512692492563442
0.829822123704258
0.8360233351826102
0.8318722420695474
0.8715369799380098
0.8903229239964611
0.9296954764632231
1.0085862483296955
0.9608876461779381
0.9258814728187421
0.8972755497334822
0.8825509984346918
0.8837419394168632
0.8862322933005445
0.9087841105147364
0.9247290301206121
0.9675014770482686
1.0056993720668908
0.9079871118069932
0.8578265186264208
0.8060855481913767
0.8057397128365003
0.7923774483732845
0.8271637121570882
0.8489642350918931
0.8967221120437706
0.925055117122269
0.9977772551720112
0.9251254385319418
0.849582476123774
0.8183755686601778
0.7900966298327151
0.8047551586202635
0.8296195717263861
0.8592628684426484
0.9036532167039356
0.9249558415122119
1.0016305124233564
0.9534555057450377
0.9065872460932288
0.8847068595206559
0.8603609050906209
0.8665098189460763
0.86228848967679
0.8945303289537
0.913700018900471
0.9526126149475406
1.0048929410142782
0.9471863329116191
0.903137432925787
0.8681098336251761
0.8448780421053512
0.849234162402311
0.8493094318440734
0.8810716074992571
0.8952345978138827
0.9347701670229049
1.0013865487023397
0.908335120818322
0.8516633583100051
0.7921440599657625
0.7998815818309599
0.7905316605139797
0.8313457717224525
0.8522215041161083
0.9016678462236087
0.9256249624411141
1.0021664247458697
0.9310907850784677
0.8568806378345372
0.8322250243844498
0.806664323311914
0.8102078737674642
0.8296579580993481
0.8552001182365591
0.8990872564469421
0.9232559906033403
0.9953153890052291
0.9589124085452737
0.9312314897740949
0.9141069927112813
0.8867491212962634
0.8993047398180596
0.900803855559326
0.9234991412037938
0.9453100473146001
0.9815596290129565
0.9950517770422391
0.9778546461533552
0.9593690393198373
0.9551869327941647
0.9495290833736071
0.9554007012992323
0.9702981191675932
0.9900439808624308
1.0186157981283723
1.0474959646346158
0.9989535694356362
0.9305690182316229
0.8746835263231172
0.8402223824602038
0.819832352145553
0.8210412248995017
0.8350809213792417
0.8516968430507127
0.8919434866918862
0.9246234227116543
0.9974265944056779
0.9067488435659018
0.8567709785088935
0.8150356831348476
0.7943561580877628
0.8003110754725806
0.8118292812093093
0.8582643912700595
0.8829124447709714
0.9260023981344494
0.9961385259861486
0.9507213040565845
0.9086461611958114
0.8700140269492544
0.8597099563062238
0.85127085267982
0.8686722066472702
0.8775189178209882
0.9150688570901054
0.9443379781744438
0.9948698463626415
0.9597676505709056
0.9322735418020149
0.9133624484234356
0.900521324889095
0.8982073781445631
0.9106959968967574
0.9315840228200505
0.9558693404079388
0.9913049833536745
0.9953927066722039
0.9284908743133866
0.8643431789292443
0.826881347450593
0.8054338719839009
0.8096908609484953
0.8293733809968048
0.8500657532318342
0.8906599078677058
0.9220978276267995
0.9988666213651222
0.9172369698155893
0.8620858162157568
0.8217224314035588
0.8043301676932688
0.8078534931148114
0.8169232030929888
0.8556809307368104
0.8809063138489828
0.9216509551160039
0.9965705152586165
0.962276052775798
0.9393317478012597
0.9186761426755747
0.9093235321578681
0.9038556865057281
0.9190786169823878
0.9318799190137999
0.9648347978549595
0.9916708607873578
0.9866110377561902
0.9447040523458825
0.901950474694949
0.864796724443691
0.8542474327386271
0.8500611666133404
0.8576390806627977
0.8806428617600861
0.9085441054472329
0.9458964608551415
0.9890590542735718
0.9297257371920009
0.8537094212284212
0.8214187015874181
0.7991150421596038
0.8024984807237929
0.8250578727913453
0.8537151607092682
0.8939108012433791
0.9232351664574429
0.9948659470792445
0.9206720864608908
0.8763902603441763
0.830631034406818
0.8240139274903023
0.8131764280162723
0.8316968767313179
0.8487048980789509
0.8914307922737901
0.9275635884123481
0.9928309279199463
0.9525061516423073
0.9229540946666003
0.8994754244848341
0.8840174930551181
0.879168427656481
0.8893711073292341
0.9148176390732805
0.9386542454173131
0.9735015800951401
0.9910924014822461
0.9827148212899195
0.9709712223467553
0.9739667358269647
0.9767954902867123
0.9853096473316766
1.0017225562241205
1.0233179474403156
1.0568143004908688
1.0820910533166375
0.9915436976340343
0.9343644786850133
0.887766030437698
0.86215637235569
0.8280409845523532
0.839257777495776
0.839985868087207
0.8770267223397205
0.8911918519522266
0.9382436738675018
0.9954893771033035
0.9320024992053859
0.8860977824229996
0.8428040572645412
0.8310320573713174
0.8252997315817254
0.8408232674624184
0.8573225345785499
0.8945183182065963
0.9290282318494134
0.9947889459303616
0.9712522510330208
0.9537891649375212
0.942154497452569
0.9371063737142252
0.9368248138841597
0.9500015526433343
0.97116935042165
0.9992484594880223
1.0257855790225434
0.9866563881593688
0.9661643697079697
0.9376449134827491
0.9221349746851369
0.9163271750515551
0.9145546418396235
0.9303029777369879
0.9440337146434311
0.9810216697478821
1.0044877482673131
0.9869252773364059
0.9315295405780122
0.8703436805373951
0.8440370357570152
0.8153116014247666
0.82533818899845
0.8244229993734947
0.8649247368658527
0.8838790159873571
0.9339006169429139
0.9959668448871701
0.942953733139476
0.895153927087229
0.8652732332000455
0.8484894959503623
0.8403512187327535
0.8547428395434948
0.8753850712567405
0.9060781421770321
0.9388927217290135
0.9888751509029661
0.982476894555861
0.9873380106097456
0.9958365927922534
0.9974399388736567
1.0064402078514265
1.0316373434825084
1.0502773831841858
1.0779644477660313
1.1030067057114612
1.1048391526847443
1.0597746466416675
1.0137189311785955
0.9749170454377607
0.939654550917238
0.9302064548417031
0.9269128542155333
0.9168442463073623
0.9296496084222036
0.927608159574292
1.100342722757705
1.0351269952194764
0.9561988829911041
0.9158530958925198
0.9019525719469172
0.9117266283843249
0.9278887145177913
0.9446111985875028
0.9624210115127583
0.9724639927836923
1.1160697443740113
1.0353240544126379
0.9552251810825871
0.9327557236866167
0.8980543883138957
0.9228378219284786
0.9142263541484176
0.9561018618116665
0.9555148290481768
0.9652267097834729
1.1168374934635446
1.0335956423893033
0.9944439218577237
0.9404302362416238
0.9305800703351841
0.9036934335337666
0.920930761263263
0.9128031678020714
0.9257645263982671
0.9253550725477699
1.1084089158814043
1.052779712518443
0.9950536092796449
0.9515264711786278
0.9282310679085405
0.9149678606714301
0.9211004845251431
0.9204830729621354
0.9359933404834487
0.9359302854328813
1.1017398223929842
1.033366333231823
0.9528648078587929
0.915274675964833
0.9016125442991823
0.9106281990540317
0.9328866418096927
0.9481126568953853
0.9720564300173383
0.976918270829594
1.11888904448941
1.0343703985853
0.9571829317769827
0.9350763289301257
0.8950041923075438
0.9195372955515707
0.906132019169233
0.9480132272754691
0.9415752419754649
0.9521259699917198
1.120715709273367
1.0465101041937546
1.013363162567244
0.9557628229765409
0.9477970717633785
0.9187197975081665
0.9286292863641699
0.9161175705594022
0.9267437942587256
0.9240304009973114
1.1161869681495675
1.0391075576509976
0.9769529045573684
0.9361968497184192
0.9174959131269702
0.9086221234688276
0.92389242707249
0.9320469417113557
0.9536770074049598
0.953436754940469
1.1047512496928937
1.031037063474045
0.9547119457669178
0.9156178205532233
0.9020792748353915
0.9081860253873871
0.935377422040003
0.9480170177021411
0.9743993386496813
0.9759487306449975
1.0555001538799889
0.9752089964904833
0.9060936628056129
0.8514114475797662
0.8589181361723479
0.8487292503209245
0.9069008356591926
0.9084217582586019
0.9622933705462046
0.9593106100023149
1.0499044272969187
0.978797454503262
0.9130300594695611
0.8866878011534798
0.8561820153969298
0.8606521198693171
0.8672937955018191
0.8854388040275213
0.9112427054954205
0.9290174644830599
1.0523001973091768
0.9954639879849182
0.9328974231977216
0.8935203383625759
0.8579472886419816
0.8709692605950329
0.8699126814317013
0.8944240194619534
0.9062469631971837
0.9227391572132468
1.0634163876104135
0.965136242902207
0.897622669933418
0.850184606903296
0.8440001273117017
0.8619998936098351
0.87336122526377
0.9224144464949037
0.9330499448055467
0.9581089259466401
1.062849145290344
0.9757563460434002
0.9137405322179285
0.8622957394628127
0.8621577061103047
0.8518857067594984
0.8996193591567623
0.9077078810678131
0.9538638496847276
0.9521556935764683
1.053386665879724
0.9854055659711978
0.9311232242468912
0.8942024075535181
0.8708042996569522
0.8647217566342728
0.8741365904624827
0.8824595123246604
0.9105545386799466
0.9239625980898845
1.0549448182692875
0.993396617658469
0.9115398159625049
0.8811876512103172
0.8467903679752989
0.8641188246254121
0.8720619779444865
0.8982633000138863
0.9178846001663565
0.9352391305224304
1.0652333115331567
0.9577287554551275
0.8940945913441388
0.8489035353361939
0.8399558599616678
0.8621805500296617
0.8722460336073252
0.9265931208918554
0.9354384898190377
0.9599404895696068
1.0728619344017793
0.9816629186987498
0.9256331846510355
0.8713327793187257
0.8658370646542054
0.8546290265267514
0.8907621635588666
0.899507433553941
0.9352192425154722
0.9387001000061539
1.05762630128728
0.990111558276555
0.9366276781680626
0.8952479153006445
0.8802564032350411
0.8634310692908238
0.8780948406126197
0.8821283009133767
0.9137760915055563
0.9196241121104656
0.9890769496090315
0.9113954078750379
0.8648008601718836
0.8106375034442862
0.8019900261899596
0.8003641009710789
0.8212674002889987
0.8464296166618962
0.8935127998972703
0.9288324787112919
0.9795501649611309
0.9079035569363475
0.8242488219179422
0.7793799549964714
0.7729648937317617
0.7855198637856632
0.841090142173846
0.8671266190928189
0.9301889615159108
0.9496431454523678
0.9858734120673868
0.9028676493842898
0.8103435149908487
0.7897115680712102
0.7643628896844844
0.8050661982003534
0.8113523594365117
0.8804004890997352
0.9048571415938124
0.9541129604328203
0.9952224056748008
0.9063733760577698
0.8652199292623465
0.8165636655788724
0.7963939937472181
0.7960144034936295
0.8220441304882125
0.8541646630777117
0.8863126882705141
0.91817215358335
0.9922601230403578
0.90573745622887
0.8438051613504217
0.7898292249568367
0.7885125528107082
0.7906034099061583
0.8212309764167929
0.8564555035606732
0.9017939318016466
0.9358719213288295
0.9838081642453431
0.9055739676158049
0.8240998558249197
0.7814550436203392
0.7760411040615839
0.7859752019193758
0.8429432969424364
0.8673092449623735
0.9344405940877423
0.9477807160831897
0.9928435623230952
0.9030572504405426
0.819623802907842
0.7942275237635689
0.7659070074181076
0.799166963862905
0.8075365749560593
0.8716643532960495
0.8957354594000422
0.9463846970913613
0.9975052416097347
0.9194998176271068
0.8700873460749684
0.822757557865699
0.8047666189779195
0.8074194713398986
0.823277248108182
0.8548762248317842
0.8840774593195463
0.9193369499041204
1.0007929615491473
0.8953006920952292
0.8331397483825272
0.7829788083958257
0.7803747027553707
0.7881011289642526
0.8244518471884289
0.8699928824026687
0.9115222691200663
0.9435790586524199
0.9886740808712279
0.9031715846425963
0.8278934148893711
0.7797846854630462
0.7779013387415138
0.7872006334925784
0.845421860910017
0.8653253648955241
0.9351025058822396
0.9472865046429985
0.9462953756474194
0.8559048306969469
0.7834436185463715
0.73285177902445
0.7279522701015403
0.7274449521828336
0.7860979020042388
0.8243668675146288
0.8935878927904856
0.9343408046059347
0.9458877358190538
0.8678505279343522
0.8043133527063112
0.7728999770876148
0.7439016594849919
0.7554237379208975
0.777110459939304
0.8134395467993124
0.8783586594355359
0.9214740524215801
0.9441333239188299
0.8676160629985392
0.8061832876283906
0.7500024221865507
0.7304040203897351
0.7518910700552244
0.7777421168043454
0.8298709670579928
0.8699467649782474
0.9364950868276231
0.9474852060717825
0.8669037029508526
0.7842411293159504
0.7428676407826317
0.7353718167378258
0.7573078907631975
0.7838004175797944
0.846245486112537
0.8941960859584949
0.956937979536271
0.9531875686041837
0.8542704393921396
0.7901897538712781
0.7382181624055911
0.7314035976011442
0.7282896979889963
0.783206693904505
0.819545145689143
0.8883976458841288
0.9215203230584983
0.9487241606069524
0.8748676729256956
0.8141615076550085
0.7743588178331833
0.7506741040645267
0.7570406323172446
0.7827951901258128
0.815804019752172
0.8791038611809484
0.9215312470414255
0.9503449556999922
0.8661819434289397
0.7916361650708554
0.7463633604488823
0.7283543992993224
0.7494901938256742
0.7809476107234091
0.8349261510558634
0.8857826677329901
0.9427366395739587
0.9533497966434031
0.8616631929290008
0.7865061845473575
0.7461125910152214
0.7275530615402476
0.7526167118457818
0.7783254662960408
0.8487539671208446
0.8870529173481821
0.9474850057729746
0.9590124877022368
0.8638953965280839
0.8009201677194487
0.7426735316786415
0.7407654001484971
0.7367366510430419
0.7811749569944321
0.8122775175940441
0.8783889556407418
0.9145053323418277
0.9524664915431963
0.8787621654269704
0.8123772162071415
0.7713664532017046
0.7492292068933578
0.7512210654293915
0.7861167457148797
0.8210857114289065
0.8802211935072723
0.9207224287271051
0.9294211522419039
0.8502539540273747
0.800061668751053
0.7390916872323325
0.7127028778221114
0.7176240898500894
0.757226575544981
0.7977781582590887
0.8663159417170637
0.9205501674369672
0.9273620082292943
0.8552527992658704
0.7726077743027214
0.7253999452944501
0.7114502245967765
0.7125095430534494
0.7354236873680707
0.7994218387692105
0.8659336568598403
0.941201285047886
0.9302446830672951
0.8484879020274065
0.7661005460910125
0.7287563155246858
0.7102566714883778
0.7189015291144412
0.7476973673541721
0.8032691265439016
0.8703559128391193
0.9430072488748508
0.9328379942188473
0.8504038123944452
0.7959970981989005
0.7466125933918999
0.7168661386551985
0.7265122228501044
0.7518658605612435
0.7993219527086614
0.8514773178802562
0.9233104736919113
0.9310264123491457
0.8531535645691616
0.786236880325258
0.7289592537295907
0.7063121544424638
0.712050583650477
0.7555420132141544
0.7995617104694978
0.8692759718908685
0.9220906312291548
0.9320247354832533
0.8548065455233387
0.7780671588911006
0.7324076848731139
0.7123589350120708
0.7149657029854961
0.7423150706479084
0.8021967558635904
0.8672564350938528
0.9311497363800745
0.9405509604939309
0.851012496087545
0.7749046300765462
0.7334839190221166
0.7084653971444735
0.7202322482732558
0.7502072750299977
0.8051877143093702
0.8688304461244163
0.9338849826628923
0.9378951501005574
0.8627877763962584
0.8016742615324015
0.7521807697638441
0.7283616581585798
0.7298731647985053
0.7507894028617232
0.8015520608599969
0.856528188674458
0.917004021685951
0.9402007716835703
0.851710812721788
0.7761702767186365
0.7288038798797271
0.7080008248351514
0.7141041529337676
0.7538161291954961
0.7986126661888746
0.8735157592207048
0.9251618423172575
0.9335789964906326
0.8510498868461809
0.7830152855901142
0.7284133067635897
0.7084506316014145
0.718375168602304
0.7487576040997218
0.7968908569925227
0.8658641983572083
0.9283146601378423
0.9304452842249497
0.8599952159658283
0.7810670069636783
0.7419951742482562
0.7140693321525585
0.6997274833884068
0.7179060578675238
0.7724793745929445
0.855928358152352
0.9228838404398765
0.9337050124273961
0.8496980944924529
0.8035357556485411
0.7449635847521381
0.6948862730882759
0.7001405981613698
0.7255429835227106
0.7772266669955293
0.8339339406057935
0.9187609711426166
0.9299233108399788
0.8559954865740979
0.787791883956901
0.727760906465406
0.7041721342472227
0.6959906109787005
0.7030478072153472
0.7720698539935176
0.8324160126677383
0.9175463931906002
0.9295593040758843
0.8684741037872773
0.7930921668231041
0.7345422424002814
0.7073623681916198
0.6958911121363662
0.7349206686311898
0.764050446873085
0.8428119405331495
0.9062300365181714
0.9369895552189319
0.857781715612779
0.784120302399841
0.7372453765983236
0.7081195061246567
0.701867566304402
0.7206144189006085
0.7676429788830142
0.8506467653745021
0.9254927018047098
0.9362129489227399
0.8578374588829248
0.8022194217424929
0.7443682747079333
0.7006524646250125
0.7029693994904527
0.722262529774038
0.7737272973246839
0.8356955986936901
0.9162756322267802
0.938233419989395
0.8606772852216857
0.7867785370876542
0.7306457588306412
0.6982674453139366
0.6959396395794302
0.7066636084972845
0.7749582016885579
0.827172776655744
0.9093866151402441
0.9366359536886208
0.8635573680122515
0.7966534311247652
0.7429859215131749
0.7138294805466631
0.7007453997272857
0.7328016958206018
0.7704315074072368
0.8503398293523916
0.9042536569906248
0.9407676266208791
0.8648825573754628
0.7946085505297112
0.7386507100739705
0.7065687630122939
0.6980160783324548
0.7249557388174709
0.7691859141007672
0.84797994273209
0.9106313923024713
0.939649100254952
0.8637209066324144
0.788790605307208
0.7405484526969884
0.7060235137156794
0.7017055565194398
0.7162743522081519
0.7659611250972389
0.8388302746030999
0.915505682112089
0.9429771816741332
0.8834662199354054
0.8250413833682992
0.7503241447490723
0.7113765588379232
0.7059125731873229
0.7240890679557345
0.7453432437741153
0.8338603201419357
0.9164552217630936
0.9420853443168702
0.8858027799001477
0.821273513131001
0.7767848486616981
0.7421020879969056
0.7177309358885798
0.7183597399681437
0.7786455329067085
0.8498358402293501
0.9244606376192319
0.942069914689107
0.881855952681448
0.8199095326168829
0.7656228999464705
0.7150836080924259
0.7066488701255518
0.7237010013208289
0.7732438686536294
0.818262974334144
0.916685049033346
0.9411829586623699
0.8686154681820893
0.8079816772759653
0.7556346750902126
0.717185969065717
0.6942666654345689
0.707959088011386
0.7546405892741789
0.8368768105826893
0.9086116092806199
0.9444127590569898
0.8917330193860051
0.8239498627078433
0.7580857077065608
0.7190966479485642
0.703891446521727
0.7273210870775264
0.7497525889301986
0.8397311453061446
0.90454935602724
0.9492728550736744
0.8864064201723232
0.8258570567319504
0.7763892700649987
0.7423825509934819
0.7239010750212606
0.7255847913313428
0.7768680955740489
0.8484528850200757
0.9344392264449202
0.953063305357701
0.881494515729649
0.8184173934004639
0.7614348357449815
0.7131895586404605
0.7033367124055687
0.7104645810048151
0.7691910254160798
0.8189583412693523
0.9115492695476664
0.9465512238134726
0.8791611109663635
0.8097975747576549
0.7519723712567588
0.7140522411706753
0.6963809654114783
0.7110917880244594
0.7588997107511972
0.827095618517045
0.9005704382679743
0.9501753649464413
0.8878560696113903
0.825024302785979
0.776403376402139
0.7326876324195234
0.707861609418182
0.7308683452369774
0.7588257887522067
0.8518841980088248
0.9027567086500446
0.9491619828711908
0.8844464936439128
0.8335908394508387
0.7672790055460107
0.7275955232009175
0.7199008310402568
0.7292873297024823
0.7711633434313981
0.8421458375325808
0.9248068114163919
0.9535500292995682
0.9044283165589948
0.8457944371658231
0.8208220651947702
0.7733641791871582
0.7370637456488974
0.7539325177862428
0.7891101684441211
0.8839019817263393
0.9455732638040979
0.9603737682449
0.8989724613690447
0.8532028439784031
0.7889416716144626
0.7396924656878194
0.7361415805508855
0.7402296618067379
0.7635495994266209
0.8443667711994669
0.9382703379018262
0.9546935071153115
0.898221448458844
0.8548843537200639
0.7993019417569324
0.7512200426693217
0.7289330933420952
0.7254736226117021
0.7905327213353829
0.8468318548510263
0.9432387391334249
0.9511655382276505
0.9308342378643734
0.8724531057757572
0.8259426699549712
0.7954475842769984
0.7830843376836105
0.7912595544859609
0.8279339585177916
0.8766755636252073
0.9701463651940185
0.9583248182106475
0.8985312045568907
0.8375346633888907
0.7987018410241886
0.7523075267503874
0.7198408030551993
0.734811845999771
0.7680090931241819
0.859890954847239
0.9199317015232839
0.9627608552904848
0.9080977492421568
0.8538742240418049
0.7916237851947199
0.7452778838285722
0.7315628252872202
0.7396404598309925
0.765243360647263
0.8503125091032461
0.9278367285110256
0.9649649910827351
0.9069274961568483
0.8609140704348968
0.8080249502673281
0.7688424035884243
0.7485321175905701
0.7446200479002849
0.7983924630078333
0.8591160158222556
0.9558560305909501
0.9581282174896607
0.9246843930313952
0.8780915875972465
0.8309658177202365
0.7931782593553749
0.7776351446560907
0.7822306921408182
0.830629245768141
0.8776056330933558
0.9617912758105107
0.956028817297702
0.9068512055711283
0.8380792267269106
0.7829362836660722
0.74264755942362
0.7174722187110186
0.7321427570739664
0.7628898041313358
0.8447837693881519
0.9104282759643052
0.9641364567408135
0.9094648183810746
0.8479784373420264
0.8023807250500117
0.7544935294033153
0.7233899491372546
0.7382069257148888
0.7716561920367678
0.8600774146209328
0.9214547345443134
0.9572314331277878
0.9181907551526217
0.8683678901071744
0.817506513077704
0.7879102921376535
0.7708088218135726
0.7649046942699831
0.7981743851114849
0.8756158601220216
0.9787350291237589
0.9612861558803987
0.9486986728998057
0.912315895083081
0.8898993528275437
0.8638511444613793
0.8414619285728584
0.8581943479505624
0.9014833786784668
0.9792736812853193
1.0363422549592975
0.9681981440246626
0.9302798251997295
0.8921010283822024
0.8531734342119576
0.8212149104135613
0.8156065402699163
0.8162364837144387
0.8459699146921142
0.9140551880281589
1.0108361386668814
0.9637529748942928
0.9123843822346976
0.8822861448734758
0.830780926865225
0.7760056690795001
0.7573408532999414
0.7623615834243431
0.8192450671778176
0.8653471818595124
0.9656922999582157
0.9594629363438517
0.9321386320595019
0.883633269641457
0.8359046481953286
0.8085436141514193
0.7990786172965245
0.7948805121522318
0.8294243146727796
0.8944230466800737
0.9842866563905315
0.9669188253980255
0.9494294653845787
0.915649541441184
0.9013700052757279
0.8718677469835625
0.8512543770231802
0.86939706878064
0.9059756658637074
0.9854227343885472
1.0344414980722245
0.9767819670505573
0.9311088164855856
0.8870608850765457
0.8397070185835113
0.8025738026015092
0.7889153013034821
0.7917779938957503
0.8241155682839026
0.8969298067221637
0.9808083264037135
0.9719389529581406
0.9224116891975717
0.8770318818692545
0.8255476412289237
0.7840106565121243
0.763839676731646
0.7615182616267859
0.8136610984140967
0.8675596927292244
0.9659290163697474
0.9637630890338336
0.9381636508004867
0.8961212557213057
0.8626085087008246
0.8298448303388292
0.8135321388424503
0.8207978525307508
0.8619413800540592
0.9167272031524355
0.9978931205582753
0.959767411936504
0.947525223256446
0.9121393625693357
0.8767136369104421
0.8485109181942024
0.8401240382830752
0.8526456095632912
0.8768133898141546
0.9577804725123806
1.0140700843323274
0.9585321005979813
0.9474515769002718
0.936894623382763
0.928641217523023
0.9052245228615978
0.8985597011986013
0.9181375696524895
0.9813766669746037
1.0189025729441987
1.0943368239812699
0.9563892886381266
0.9223208954173937
0.8818942891828354
0.8523407131120845
0.8187821497504324
0.800396028502606
0.807609255307039
0.8426636071503749
0.9193546613526087
0.9982688120236974
0.9614456868012797
0.9317794935555296
0.8987518158232479
0.8557305860033947
0.8279090403829105
0.8187033390012962
0.8268970748243603
0.8474033720018701
0.9354218395596371
1.0054490270567393
0.9680722064141761
0.9502698141433036
0.9371081795688396
0.9035887441482223
0.8925201426117306
0.8889853837440376
0.9000560725352248
0.9389899340352602
1.0020005361023414
1.0815621134203777
0.9660575408613473
0.9375814614286732
0.9205304473254305
0.8933544343407823
0.8604642392968838
0.8514547576811647
0.8644690400835192
0.9224227088973654
0.9585157302142516
1.0487867566638567
0.9590507845171372
0.9271078757642364
0.8819841546920076
0.8484110883585886
0.8150633441462508
0.795943768852584
0.8008112737608404
0.8429095833965404
0.9111257737190602
0.9816899776797283
0.9675086924420485
0.9444425460325521
0.9043699782981212
0.872084683976877
0.8429486164403003
0.8323549980577778
0.8457212430938182
0.8679361373725837
0.9507765256391119
1.0081971887505823
0.9735649055983097
0.9565816140342289
0.9527445882445175
0.9347944375658573
0.9243372287678168
0.9228881170923521
0.9355778080812622
0.9762934261128362
1.0462305747163212
1.1149582959263322
0.9660350122636112
0.9426932892800377
0.9097687046241799
0.8701912918939296
0.8486082995959445
0.8370438058056862
0.8365009887444942
0.8920877826652681
0.9367060065230961
1.0325989518506382
0.9567194682970457
0.9364887897418813
0.8775237430415627
0.8461604933251626
0.8175309591299792
0.7997217668642624
0.8029063858483413
0.8465505091381232
0.9020373260606939
0.9843412397771107
1.0762023052487086
1.0560328139826658
1.011709770588276
0.9794190760293677
0.9803682769552309
0.9354594479707639
0.9700375935895014
0.924592935900084
0.9470124652458716
0.9364117888775619
1.0650364427310062
1.0872699326596065
1.0030253987943583
1.0292551865953166
0.967069539466333
0.9841856802582786
0.9625506924243209
0.9663758292734416
0.9637798450910519
0.9627416888590411
1.0932934732097674
1.072662486084954
1.0306738102489275
1.0415863124392208
0.982396891397153
1.0301211246949633
0.9651911307555807
1.005317808352407
0.9681575225543865
0.9743164682576899
1.1328678954485938
1.0457610578485341
1.0679286657567535
0.9899230003542245
0.9989635086882965
0.9565920982802973
0.9576154515906572
0.9507153111227676
0.9440755706754629
0.9421117254265317
1.0836595399339235
1.0520729718006552
1.0283714689654453
0.9817112534282318
1.00139650149703
0.9441697778775656
0.992275453185779
0.9328974959654559
0.9580017688180279
0.9469502478405332
1.065013718241254
1.0905769916792072
1.0100653701664515
1.0317028249981317
0.9837852574044711
0.9901435614551122
0.9810034439948054
0.9741078126961231
0.9821660836012266
0.9795825952174904
1.0831740738354065
1.0811937775526672
1.0166549426779903
1.039859991525131
0.9707145096284258
1.0243354094148591
0.9544268911293818
0.9901907378292065
0.9572751710700582
0.9665339173742544
1.1271468753674037
1.0487197052781314
1.048024180296462
0.985210711805046
0.9814361010842965
0.9536794247203946
0.941856012259481
0.9457037473276518
0.9337344038062892
0.9339891878728359
1.088067476150437
1.052340919843747
1.0379364472793071
0.9828798251228299
1.0180291731855768
0.9459150687718882
0.996519521298035
0.9397642434964669
0.9615607178525898
0.9507625963702816
1.0615656284888557
1.091572852558277
1.0114317130779469
1.0263710150419418
0.9967428740324505
0.9838450737120319
0.9889756235535521
0.9740306535195421
0.9884298801336401
0.9816374312764561
1.0885333941413278
1.0172862399049607
1.0385093897564543
0.9657126984250279
0.999866233279563
0.9438505136218475
0.9722114775352878
0.9538448870615144
0.960519561173413
0.9662703713951668
1.0495240517612612
1.0471434800542192
1.0195342830160241
0.9992300234001689
1.009275365778845
0.976710427345797
1.0172033257624997
0.977922934340295
1.0198518429264547
1.0007800987750464
1.0402520815311358
1.0376350995440402
0.9519149114179035
0.9688946076611863
0.9047351248621072
0.9315990121013012
0.90474711797179
0.9219421361418086
0.9246073579121733
0.9286912866503195
1.0718766255553465
1.0204794093696163
0.9766741010786085
0.9669165918099927
0.91298411428558
0.950078776536887
0.8958549526833157
0.9628906031722664
0.9117091125618484
0.9263749382176577
1.0962631760361778
1.0336530427328254
1.0641632561249759
1.0060768452858286
1.032717206293525
0.9994727355110997
1.0131795978077156
1.011240352458541
1.0130556976892713
1.016222255016679
1.0532500141387864
1.0348432114598904
1.0105818810706224
0.9733469584062722
0.9913842134468691
0.945197866576253
0.9952728057994644
0.9448575351573381
0.989486798182261
0.9716439045091477
1.0355862972767524
1.0354391191230936
0.943811633463954
0.9543601270444845
0.8997246350685971
0.9121003807527371
0.8995302874683639
0.9057148434497471
0.9200650039908653
0.9227154114362842
1.061586128935653
1.034637276467273
0.9733742889116631
0.9829513093890179
0.922472740328986
0.9662406941213678
0.9078570813152379
0.9675397473645725
0.924372418636043
0.9420712203038641
1.0913705125102178
1.0438367132421813
1.058912998102641
1.0143219256339615
1.032211488321074
1.010791980921997
1.0125609956019859
1.0255267730491486
1.0175379096274169
1.023048817593556
1.0546022383481928
1.0272985149425256
1.0037016867151518
0.9496666312488681
0.9796535418859371
0.9183001253189517
0.9739108935690592
0.9227532399985096
0.9625930867357245
0.945717301271803
1.0620679782639038
0.9801628031691152
0.952558549489149
0.9124604911038849
0.8826448720847798
0.8952761218341324
0.8668663292965064
0.9228246115511017
0.8905748986994155
0.9083358470516992
1.062911738456926
0.9686241610390385
0.9594636335341145
0.881031047180818
0.9027917030919899
0.8536191056768111
0.8881095819430649
0.875715300474998
0.9007777168377433
0.9086010979868783
1.0291783072458387
1.0221953248144886
0.9920630666801633
0.9703460545362032
0.9756135364598766
0.9490095419512775
0.9916180074282331
0.9582804206834007
1.0143269436005184
0.9932621454322283
1.0239780198140678
1.0353470205029747
0.9716850124926736
0.9996717773055988
0.94962263515693
0.9829900915035735
0.9549221278487159
0.983552903001675
0.9867243419888349
0.9947787251001579
1.05134395012832
0.9790885471453187
0.9287601963616507
0.902158720657034
0.85681870298491
0.8871201676873331
0.8502963224323548
0.9150733499501615
0.8809841203139261
0.9030223233011127
1.0696376866655148
0.9774316656494227
0.9730183585401068
0.9002028805028699
0.9152124578098282
0.8742369952807858
0.89536191498716
0.8930034687291513
0.9073737997998763
0.9128266800301084
1.0330235200308882
1.0358106465876156
1.0337992196588663
1.022410096975221
1.0464707598751084
1.0201207539866473
1.0727788682667978
1.041507072071401
1.099267416374626
1.0748740106957202
1.0172892018710622
1.0224119684484003
0.9422806065832436
0.9544298489904738
0.9037095316602584
0.9234010594557567
0.9043380576067457
0.9240744259224908
0.9346152221400029
0.9443703464321391
1.0392625432365783
0.9877162999389438
0.9145188534248214
0.902044909556733
0.8510535437100182
0.8883410303553354
0.8466850172073512
0.9117292532661998
0.8809410470087177
0.906670610116356
1.0667631638382338
0.9889945182237191
0.9849278012703248
0.9296159111374381
0.9341741041756213
0.9036152613185389
0.9139490063336474
0.9241694903575094
0.923206240595118
0.931329610321255
1.0154044317122872
1.002013497456511
0.9280896694451263
0.941679188257619
0.8743314531014686
0.9119750413624127
0.8755422045618761
0.9201162182399747
0.9089913082896912
0.926998003902028
1.0479717342419894
0.9843728509083193
0.9705549767365628
0.9369786522169571
0.9184385203849764
0.9330216430162884
0.9089454925043143
0.9583223147089539
0.9323036772764716
0.9513433106577862
1.0474639919893858
0.9458971227039299
0.9256959990448311
0.849863652929523
0.8697610687151887
0.8226857295357735
0.8726725829845242
0.8623924607744359
0.9025176012202368
0.90453788757503
1.0163726073966213
0.9616365916335616
0.8930207629399218
0.8525233815744628
0.8461760316605482
0.8243269379449268
0.8686921275402361
0.8456311934056358
0.9209965386361231
0.9020586571070773
1.0116453577387765
1.0263614928846705
0.9684800394256431
0.9980575065717018
0.9497452848096896
0.9844228042171683
0.9582132870915553
0.9910310116552473
0.9944999063242599
1.011170226383806
1.0391760859807206
0.9724063668150714
0.9327818328603534
0.9014343049930656
0.867442171400919
0.8914610871331394
0.8594048447898134
0.9195043343927235
0.8877873079486215
0.9136789618484789
1.0490999864031079
0.9450952116022352
0.9212473077695099
0.8434672175982957
0.8602736325517287
0.8238527616158977
0.8650708465218785
0.8698904885340447
0.89977833271745
0.9037377480253886
1.022004574741696
0.9664040791478881
0.9119933253182348
0.8684535482633763
0.8731221927920545
0.8328838943062832
0.8855352559153031
0.8515783927462676
0.9331736176349923
0.9014417826819756
1.0056793730438573
1.0259754228070423
0.979696594682026
1.0007973126504537
0.9590394183533388
0.992098055801298
0.9770959943783276
0.9985041365419831
1.0110443023624645
1.0250992816515139
1.0252287662714956
0.9699703883543761
0.9043326468402386
0.8796279799213306
0.8406910425942126
0.8738579333204105
0.8353757149535579
0.9047155986802585
0.8761599527136255
0.9051472581254918
0.9999805355921735
0.9470590034018231
0.8498695752843095
0.8412303540445523
0.8014748810779566
0.8184266210998749
0.8302384978418019
0.8476542658533963
0.8983172826553735
0.9050957660851345
1.0064512862721096
0.9422118755149448
0.854540192689337
0.8440401399479868
0.7813434907309578
0.8372220738324864
0.8171549811598505
0.8868027179995198
0.8821710156243927
0.9115619213439349
1.0372939869941424
0.9557196122380675
0.9367923410148795
0.8861764972676609
0.8765893447285523
0.8771780643407369
0.8602801869408288
0.9062665216391492
0.8891653238804975
0.9176363808731862
1.026169859345504
0.9543841143377613
0.9408430260651685
0.8736330120659777
0.8976983772899259
0.8375771521755084
0.8989497471348976
0.8655989490404981
0.9207408088289664
0.9058606586794098
0.9997320589522508
0.934603809765282
0.8441612057839857
0.8190736070599538
0.7998569843355492
0.8033640667414917
0.8415157063664488
0.8477501020718292
0.9170257524399832
0.9166726988308954
1.0054678519116818
0.9556904058247929
0.8594412278651712
0.8569327625158677
0.7920283777712143
0.8398897703500046
0.8197941005025082
0.8748414435193803
0.8778786224866844
0.9074634888548461
1.031831618461887
0.9674172685330841
0.9541479920840115
0.9226826765632057
0.9016493188892842
0.9179721830311813
0.8916443692250215
0.9480677021557447
0.9194843804147489
0.9462516270375045
1.02890312038063
0.9437726943321573
0.9250088912284838
0.8419407210532334
0.8691682536538725
0.8155891244958408
0.8722720133261348
0.8507237486317928
0.8989582455128735
0.8913274359022131
0.9992646265589129
0.9324216584486826
0.8474370548256913
0.8126956021143781
0.8085771270921647
0.7950156495205156
0.8500420492051035
0.8463423799723192
0.9285960573239801
0.9147728152049281
0.9994397870466357
0.9684868445947274
0.8705043427189328
0.8783547862960527
0.8140982121615764
0.8490231101723592
0.8324912765381769
0.8677834179366007
0.8819367380738555
0.9053665335026176
0.9954542171935212
0.9273163638126286
0.8815678696615468
0.8142905155915772
0.8345128281129096
0.794649474168524
0.8614901066970487
0.8300086879629318
0.908245280185938
0.902603580501125
0.986396464650515
0.9502975327706786
0.8574867657411868
0.8592389144405825
0.81289624684321
0.8314664737848769
0.8271517060997132
0.8538446447383803
0.8952049167690608
0.906695972449823
1.0004706691902887
0.9079422008175871
0.8324502983514739
0.8059389992900866
0.7635187150051332
0.8186296817064558
0.8130715258574932
0.8921393331691894
0.8889345226823365
0.9315900413125983
1.021301189077703
0.9039476677560465
0.8655000803638154
0.8038707727390471
0.8020973036122906
0.8050150507194446
0.8244877886551681
0.8818793758473226
0.8944443388130329
0.9231766360326813
1.003617408909444
0.9386810515908002
0.9170453456188336
0.8497321728996914
0.8752157125971628
0.8243862420618788
0.8870278832569636
0.8546121933302235
0.9219891950938442
0.9095291142952129
0.987999507057122
0.9354621579407064
0.8414227771370725
0.830892787710888
0.7938193586756908
0.8083382231704266
0.8234599352386135
0.8472288341905843
0.899070356090441
0.9119561843739972
0.9931920744180449
0.914141173938655
0.8226740123534844
0.8047294882205291
0.7621025171205255
0.8179932376803167
0.8156717676564448
0.8887438269572087
0.8972794210616468
0.9415266318032923
1.0237192582322217
0.9139481571696052
0.8681558870002868
0.8191316255637319
0.8006144870524445
0.8148710704427111
0.8155326430881514
0.8820914917986704
0.8774077851310071
0.9094943509630516
1.007114616693929
0.9336551842791975
0.9241251145274998
0.8496152718783012
0.8759441833744305
0.8267997138195302
0.8822116516795393
0.8563031888668138
0.9173937085368998
0.9078423697548136
0.9827646195934937
0.9259731975249759
0.8340432870056365
0.8100128371970783
0.7874552343299966
0.7940302068679286
0.8312593221794481
0.8503417123744141
0.9154889321996633
0.9198165910024871
1.007898638097583
0.8829904700743378
0.8443864260915861
0.7799063751023368
0.7928663998486085
0.7800657745566583
0.8371061120968286
0.8719214187399006
0.9169073698532073
0.9424258691050607
0.9832368952447582
0.8930522620001184
0.824501064135073
0.7625440940223791
0.7795748304823032
0.7708966427897609
0.8382179087085803
0.8412654616843644
0.9264354098164813
0.9366434914530706
0.9745295528679355
0.9361843116964229
0.8448015393346094
0.8363719493020889
0.7872246366432694
0.8060891514122014
0.8137210242676968
0.846168835370759
0.888063447507207
0.898884713056804
0.9965487693574201
0.9057027694895952
0.8331435647249444
0.8007599440674412
0.766110767483673
0.8094999448875431
0.7971251947809672
0.873882248534897
0.8668038040644787
0.9131920414364151
1.007175926211769
0.8839937395910635
0.8413527308268856
0.7787754164367284
0.7850026681234105
0.7879204303884818
0.8301936535447697
0.8821527364571112
0.9138813515618274
0.9415094909829533
0.9925751193646978
0.8957412431025831
0.836242270383273
0.76961918665081
0.7903745900047893
0.76833948607187
0.8356338014910679
0.833456894586915
0.9151192686738914
0.9183858569446649
0.976133806137002
0.9366748493167072
0.8535098744652636
0.8404817698105599
0.7975615902390963
0.8101419661797704
0.8225330683564699
0.8436071273487832
0.8911084854135283
0.9045135931342854
0.9897265302486621
0.9013898518257273
0.8193742463982512
0.7919876924786181
0.7564628431325694
0.8056301574544797
0.798103250088622
0.879319734864249
0.8812012372791207
0.9290211174616919
1.005237857251782
0.8923241275884269
0.8364188008194183
0.7799721015986263
0.7778073206173284
0.7950316768997461
0.8250213126789269
0.8857249918741134
0.9060431893345009
0.9392798161589475
0.9963719081936874
0.8947790360980696
0.8523579768691778
0.7872962179370643
0.8046704491348821
0.7697406572056169
0.8323911862987948
0.8285839712836586
0.9022274074999669
0.9018601099849911
0.9944841100966456
0.9032483430761437
0.8370450212319501
0.7974973769516271
0.7778224116371742
0.8050400318592746
0.7987499475995393
0.8748062845889194
0.8772943976138974
0.9168308019767867
1.0002001981550361
0.8891550835306375
0.8430796860310739
0.7774884702502962
0.7910648040078053
0.7708601186146699
0.8363914939121432
0.8547927888355671
0.909462186948763
0.9274132284047408
0.9818619655301934
0.8898089363533789
0.8129691569252832
0.7745247400517231
0.770631751900468
0.7825414397681012
0.8305002441762515
0.8570389092311246
0.931664340120894
0.9505089899626356
0.9774090676193146
0.9035124905845994
0.8144159402535044
0.786303637709606
0.7546605678279167
0.7927077203899756
0.8232336009685248
0.8719454123016722
0.9146301773533706
0.943897872985608
0.992907012516994
0.9067656187516093
0.8380705718474032
0.8050824707834424
0.7747773316987985
0.8085596235813135
0.7938674306366125
0.8711455516393175
0.8658772013017332
0.9086069204325649
1.006729789814376
0.8864605347547264
0.8388140027191433
0.7722658190156428
0.786794272718097
0.777865291406437
0.8383229398857974
0.8672304705411071
0.9190540865674485
0.9361193794371208
0.9851614806389595
0.890580225947875
0.8177048708609024
0.771869160273116
0.7759039496729406
0.7784210375405367
0.8345287953081805
0.8577347330643307
0.93334844742673
0.9479305522169078
0.9832837688489393
0.9091422354667028
0.8152954065205249
0.7918009578513335
0.7616499339843108
0.7906104460995191
0.8216781165039971
0.8581338051615919
0.910204434397688
0.9359372719188143
0.9901650384040319
0.9003831909191603
0.8327493829848821
0.801174517126556
0.7648484829444361
0.8046820149673117
0.7918272294394169
0.8747438093558009
0.8704247666692916
0.9129714205459087
1.0000376732320788
0.8925605367644569
0.8364525990243333
0.7693180401928019
0.7829112182754484
0.7864364018832608
0.8382984151734207
0.8741853173831455
0.9180260304826806
0.9425031743167113
0.9899771698403549
0.8939974787778538
0.8207636569956122
0.7883722306053009
0.7597710920419363
0.8027047087328218
0.8189661914375298
0.8813538507963681
0.9052047029799555
0.9441063403260225
0.9992053717187521
0.8984206318340606
0.8370627637129952
0.7946611450299976
0.7794729334026834
0.8065258303834045
0.824910465248746
0.8981687217720828
0.9137704980391255
0.9516992892836816
0.9970839277496335
0.8990459673717928
0.8438732744300973
0.7696965215616133
0.7931897625631852
0.7775426056393885
0.8394655562323738
0.8486673990002914
0.9072034702085852
0.925477456205305
0.9893596111805446
0.9072456851825762
0.8140710318981832
0.7959299235214652
0.7777950062231027
0.7963825092126207
0.8335672269940215
0.869558937947765
0.9354869612033733
0.9506060449062014
0.9857798076814811
0.9014337364639061
0.8252154012007945
0.7916717737755784
0.7634817158694479
0.7991344668170091
0.8205921909747527
0.8711830472860641
0.9048007120018768
0.9460293856217765
1.0016837259499158
0.9017986867084665
0.8296076627192979
0.7970748862906406
0.7731582034378266
0.811294554294898
0.8205009629006876
0.9007670681385759
0.9105258705573065
0.9504589965612731
1.0023659847445283
0.895788057243237
0.8484349179936963
0.7750463932734686
0.7954967253919013
0.7796280763640315
0.8361109315337351
0.8513879247162307
0.9065867837661682
0.9206011424605824
0.9938593092764146
0.9044488186822495
0.8205964748738718
0.7900961063953631
0.7794109493945929
0.792974978000871
0.8398373449494893
0.8719824375935831
0.937806545730164
0.9538245866065491
0.9865563883069922
0.9059818764688247
0.8164658085705214
0.7890417642282437
0.7667717927189979
0.7964026703452252
0.8235934122428111
0.8678127140693845
0.9146220930209276
0.9503423270458454
1.0016549006795192
0.9011760136279926
0.8289140687336243
0.8029185869843312
0.7670372391884759
0.8126627432368159
0.814024651315108
0.8976014190739543
0.899857570042292
0.9401117219035139
0.9859840119062365
0.9243660234881537
0.8263437139485582
0.8027559610745181
0.7774525615846155
0.8018129121555614
0.8436918510668523
0.8769025576485899
0.9352244784634686
0.9435124380059576
1.0003356329864126
0.9041344082475857
0.8193326322830491
0.791862954457022
0.7670316896845538
0.8148873589163056
0.8193623954623832
0.8923977554192752
0.9049970197874194
0.9485730783852581
1.0113048657693269
0.9074136343478587
0.8681132386697101
0.8133752079835808
0.8015937218173449
0.8030023886669704
0.8311563801802483
0.8733569843901579
0.9001295182144992
0.9282429649580319
1.0006160819859438
0.9026255772309194
0.8400292575372575
0.7758374421108625
0.7944403484433635
0.7904655271782532
0.8454123998354396
0.8645542403105569
0.9259754890206493
0.9469345136739552
0.989739219972625
0.9234041614689457
0.8271785403646527
0.8053186962327591
0.7824129253160057
0.8013582980587473
0.8433191989476394
0.8728638937908828
0.9342449422985095
0.9432760968154021
1.0030179931867702
0.9057643689745987
0.824033703035146
0.7964158408304617
0.7680509058527119
0.810933321756053
0.8170541077913862
0.8852932751989243
0.9012470989711426
0.9468370637775537
1.0112028620906568
0.9154679768826224
0.8635569452459061
0.8126488683844764
0.7978541757111273
0.8091357744157285
0.8286564451370154
0.8764465175718839
0.8969973199906917
0.930192287224984
1.0104214962484481
0.8960448216299441
0.8386480996497083
0.7754232407793644
0.7954355788146273
0.789108919372717
0.8451037628748559
0.8699596141182583
0.9286675137496747
0.9445400943542671
0.9964124035394825
0.9184875070825026
0.8309212981729125
0.8002791275791953
0.7832109952100604
0.8004784205090177
0.848593671496937
0.8744730685470796
0.937617348449363
0.9472873576923685
0.9966504224754477
0.9133497941973208
0.8303927775213457
0.8036144747519651
0.7750338798814655
0.8071301893900479
0.8132201056207116
0.8731917618392367
0.8964750895780598
0.9394082324334075
1.0564576578905853
0.9937540228698358
0.9437608657367688
0.9151294681757706
0.8790254200791687
0.8814579147626813
0.8818116255100988
0.8952287844594473
0.9075259632093512
0.928252742770829
1.0627663199262287
1.0119175071777502
0.9509866956687711
0.9092725608155573
0.8780525696367116
0.8818811166575444
0.8796143731693538
0.9008614003144764
0.9120924331988968
0.926856543387785
1.0650566320619461
0.9750047352643422
0.9068627624551306
0.8514291224042653
0.8562739645620461
0.8597098041264047
0.8831848970777154
0.9106768290401294
0.9344238823711274
0.9606468868569741
1.0601399697031353
0.9962039810680458
0.9182866369540361
0.8900177641846729
0.866629366561181
0.8647342902040248
0.8871042555999694
0.9030233219975295
0.9390714915550431
0.9437134039695697
1.0583355239997674
1.0058302677656532
0.9705811046426058
0.930408348838334
0.9056758845988764
0.9010891172050379
0.902068314128963
0.9050718266928528
0.9228981869507262
0.9388715234328834
1.066041051288705
1.0061138278908786
0.9287886131927073
0.8968556697658815
0.8624458010092769
0.8741437860262637
0.8784289016306653
0.9065631037145566
0.9212607797188538
0.9386980314743646
1.0675521419044423
0.969796122043982
0.9078175107214328
0.8521163251825314
0.8551001762728048
0.8597467641345222
0.8834226228874492
0.9139027195896074
0.937650459795614
0.9597775671770381
1.0666008900362198
1.000430548639278
0.9348189120930178
0.899772112378791
0.8752436315919484
0.8681706719814993
0.884135500823495
0.8960241381404929
0.923438890633194
0.9322844727377868
1.0633860380693752
1.0055895416042642
0.9578259280337554
0.9163035956897585
0.8998258058996846
0.8858166063920399
0.8924560574194429
0.8963827844679292
0.9183923751852217
0.9306104286937703
1.0686473277024744
0.9966507708443247
0.9163678301803795
0.890913445185047
0.8534913255263165
0.8747160651253211
0.8819824091489631
0.9175375259800581
0.9334196401831211
0.9521972475053547
1.0302403717502082
0.9668258189209695
0.8915165795420855
0.8364592718076622
0.8360897873651694
0.8260205034309068
0.8693901775029517
0.8745898548628911
0.9222188269657122
0.9336153394106355
1.0272727805235216
0.9676441220413778
0.884122139010192
0.8667756755330408
0.833119282704901
0.8465574248825022
0.8448780218161821
0.879830716135134
0.8994263303683294
0.9265617813105262
1.0338422005112218
0.9913471039706839
0.9726164355797822
0.9432851760121815
0.9098477740189456
0.9135167476740784
0.9136765015236873
0.9248337088812899
0.9375548805510237
0.9637968888475574
1.039488060798188
0.9752501286146763
0.9194983903406783
0.8708064377451302
0.856881671712618
0.8526974773181534
0.8528755678253929
0.8812775124913191
0.8966285041967079
0.92566841441187
1.0332441995378518
0.9645120192084506
0.8914970970123309
0.8406183281908283
0.8364981036196696
0.8271864731390121
0.8731768311272087
0.8804206223744147
0.9315244785778404
0.9357818346930126
1.031267780094095
0.9743016139333625
0.9063840669195309
0.8833974018275247
0.8502779034532537
0.8550360158947986
0.8536845891549345
0.8786817671933015
0.896422636989547
0.9261148392323163
1.0374076988142524
1.000684954454015
0.9695143787156045
0.9372983658181283
0.9133699055025148
0.9140448250023067
0.910557331299753
0.9244388887060061
0.9376817966869628
0.9614892494865853
1.0460043370699774
0.9620988849707147
0.9011535213348317
0.8573803642424414
0.8384826547591957
0.8418256323787578
0.8476459764843103
0.8849586643039992
0.899232099506386
0.9274734063236063
1.0388296047707102
0.9647261978343639
0.8999303252667725
0.8465826953464375
0.840031378034941
0.8305602981594619
0.8711606130599723
0.8781544861856158
0.9255977323570503
0.9314044830658371
1.036935372180423
0.987776356510128
0.9359803799963184
0.9095846318087177
0.8833375549774377
0.8787516444997899
0.8774589856943312
0.8945385063121241
0.9135536359237763
0.9372705209938225
0.9977242087943731
0.9640907517828837
0.9541469395293485
0.9381687482609551
0.9195267887558906
0.9164818089884813
0.9348915772427522
0.934990410190437
0.9674058088713192
1.0027241174033845
0.9937687649591312
0.955246209120232
0.8997176475977393
0.8472940539891826
0.8452344269709174
0.8337719493434658
0.8526327998824725
0.86344871499994
0.902885660910957
0.9276078328459217
0.9923243895288603
0.9425171672333372
0.8485263429486142
0.8300202698499529
0.8003643391380332
0.812448597830405
0.819562117493811
0.8616325116912581
0.8952130183851591
0.924058527177702
0.9987502387509898
0.942746044904602
0.8903589907637923
0.8604787456535598
0.8317805219213735
0.8304758064052986
0.8402905099157801
0.8711823331616736
0.8862247898086504
0.9242738832629446
1.0026557729189436
0.9745037789700924
0.9692182024168455
0.9321608710036443
0.9315873699378905
0.9326319349970951
0.9357108577117984
0.9498574525925279
0.9792570728300654
1.0049792476690946
0.9996326594765378
0.9409624048165407
0.8787218879070973
0.827005848384381
0.8225998546653639
0.8096792790974747
0.8386852964313679
0.8504563782813042
0.8960219600637521
0.9175498804869863
0.9963782539476091
0.9385551977213957
0.8533591905417492
0.8312690173433693
0.7986210772452823
0.8120706342034382
0.8210412028301243
0.8602419811736938
0.8924128595111578
0.9255403877290009
1.0043434979745116
0.9578428021923017
0.9160990793601543
0.8898946103244857
0.864421896727911
0.8657522413987557
0.8660976801887403
0.8939780647384835
0.9097016145563398
0.9452830307641471
1.0112871875450327
0.9660395373538854
0.9352334998456913
0.8988717242900204
0.886355391921234
0.8805164449249909
0.8869943050094456
0.906803244575597
0.9275812977832467
0.9551668027262238
1.0049861906879516
0.9278939170486232
0.8688822590245043
0.8162830605422499
0.8131425594335432
0.800834735242214
0.8345335811523813
0.8469847963796963
0.8998136872070858
0.9176184571471059
0.9729906533784964
0.92391904893467
0.8551079680153849
0.8122989400889528
0.809209812421409
0.798575365828646
0.8224505391460412
0.8476716084514127
0.8829316018743226
0.9308536233561796
0.9641766689445962
0.936976144058404
0.8788050240537765
0.8678667638936035
0.8522143264700152
0.83076888546455
0.8578584912266581
0.8676624958647933
0.9199502207457864
0.9431247064491863
0.9669822274939014
0.9683383202825944
0.9807776553751297
0.9678942315715061
0.9600486008474383
0.997276747498172
0.9966696518508998
1.029551581694307
1.059463336116651
1.0893768269839632
0.9761045893034934
0.9384346021235985
0.88111828827656
0.8439311976169909
0.8362339910479561
0.8314110616837899
0.8371104157170185
0.8755406564944654
0.9011185833288151
0.9421607170972779
0.9767274515442825
0.9180080816193945
0.8589384244383098
0.8162500459802279
0.8051628071886597
0.7969005204303538
0.818744273655846
0.847320501499314
0.8785381636988043
0.9181085941582199
0.9712198442781602
0.9484107526538511
0.9122594618075104
0.8991460173668696
0.8893029976497363
0.875657074182446
0.9015298178190332
0.9067030189704435
0.9569298360129626
0.9776317401261321
0.9725999439228794
0.9668128286387122
0.9405694396512985
0.9293323024991282
0.918895402358552
0.9326535062010527
0.9361327278175505
0.9669415470222023
0.9935934411032803
1.0316377012379667
0.981608500827531
0.9293599522750272
0.8680271870658954
0.8342139789664648
0.8118891368282259
0.8175342221561319
0.8251262290944064
0.8626904102505998
0.8893622679841983
0.9334359536626131
0.9835706299527947
0.9208650102754202
0.8739562452407719
0.8313505938241497
0.8189337483101817
0.8115696583379991
0.8249589249958402
0.8541912288611947
0.8850525932730979
0.9194996295581962
0.9802243868434368
0.9677386934554691
0.9571731163879242
0.9457741016650414
0.9489920309308647
0.9452414832031097
0.9733713080574019
0.9827813968072932
1.0280806564933611
1.0450542932263271
0.9541826843904051
0.9570460498618376
0.9327609401802891
0.940282054005506
0.9596864434439706
0.9411180987951558
0.9743428729050073
1.0001994908589569
1.0367077596318557
1.0756479132004333
0.9531538647530577
0.9448937096227378
0.888402424211334
0.8680265460348028
0.8634709584452123
0.8514800626273887
0.8651798323208199
0.8975502671511665
0.93935081458285
0.9656030997244407
0.9533107666271181
0.9270223960329073
0.8603575221214862
0.8399540010852252
0.824226187205663
0.8193198857146787
0.8335540666119245
0.8703046183152571
0.8998040056355716
0.9514747083721867
0.9575869753891275
0.9357024274086997
0.8926222963328303
0.8800088657231969
0.8644972085408161
0.864401453541392
0.8780253139975543
0.909773540801719
0.9287246357299638
0.9787531614891481
0.959506662613098
0.9620517621066103
0.9376811933315121
0.9208638820187198
0.9431384584404999
0.9371085995927587
0.9573648294873781
0.9799296168943011
1.0214391584822309
1.0538565332246077
0.9585947372228644
0.9335488758244025
0.8767361324029338
0.8531575755914206
0.840974374945259
0.830865241814953
0.8484673089730118
0.8724312658721672
0.9198678432636975
0.9522117445420137
0.9590989361423462
0.9264597949597411
0.8700881972934519
0.8479441047631295
0.82939122715872
0.8266879572362001
0.8391024757073421
0.8708049609682983
0.9078800871583089
0.9544748269888258
0.9653557459535471
0.947226663781269
0.919945802489587
0.9125157468215447
0.9009421901920702
0.908348561281792
0.9166336357310787
0.9524771893161957
0.9749543082589447
1.0170831175109567
0.9698720321878773
0.9438366983425442
0.9228376997626317
0.8982766650747549
0.9001091614637269
0.8935366666876656
0.9154500165350693
0.9360628772608761
0.9748818424128775
1.0049993934175694
0.9647883694873964
0.922463424337061
0.8743701913097012
0.8412109747546576
0.8255643779585597
0.8225025863742933
0.843774304582913
0.8612493548542591
0.9103133947514751
0.9449047404194073
0.9426323769415774
0.9356432926549606
0.8830102726571566
0.870811214898155
0.8678619749787402
0.8483300976353038
0.8714991435548163
0.9070542438163175
0.9439169816949515
0.9827800080169159
0.9413476109977279
0.9374407086009383
0.8885447761384764
0.8807938886928196
0.879273705033523
0.8662423844297357
0.8849124638071577
0.9243351340032309
0.958861803180329
1.0033405360565997
0.9452386994170611
0.9398437514943193
0.8960102499117425
0.8803543210296177
0.8793206924829318
0.8732512883768864
0.8934494213928585
0.9283026622462072
0.9551997514732528
1.0058847205612886
0.9486077030977155
0.9361655112948103
0.8854195942807778
0.868077945407292
0.8697217620302898
0.8628832975157907
0.8738815781437002
0.9053192944542808
0.9415388548367292
0.9933046046077535
0.9461455757673142
0.9329130331866791
0.8854588597907034
0.8716464525683202
0.8668999404436731
0.8548211810197781
0.8741458891225203
0.9024400041724089
0.9471100090063239
0.988269389149036
0.9472341442213649
0.9356750562303408
0.8939496801101459
0.8826875312701615
0.8780896704801394
0.8719421946641263
0.8869778182177719
0.9189957150614894
0.9606445477170296
1.0043390993081365
0.9529464575504938
0.9367567751290574
0.8999580617393196
0.8841936656355321
0.8765074624268551
0.8754331942754642
0.8906528825895899
0.9233722385300691
0.9580353368431859
1.001859162618857
0.9559356462084103
0.9320795391037583
0.894216800894492
0.8737615370905051
0.8647652204658933
0.8639398145960286
0.8777659642352951
0.9076229399382306
0.9435950802896185
0.9871795499703244
0.9543386896310753
0.9326152475406454
0.8975252106466697
0.8775838413987357
0.8700586834065939
0.8691675940830701
0.8881567230397618
0.9122042843605235
0.9554269863253482
0.9941466651451969
0.9560846988090147
0.9322566045661792
0.9009364452789673
0.8818687622145799
0.8707276945255078
0.8754197838023494
0.8910518844702817
0.9174513426207662
0.9570539431267079
1.0022464373800675
0.93611693668336
0.9122650844617525
0.8512107232209116
0.8298481079760919
0.8207860183431896
0.80503180312709
0.826291886993117
0.870104693647523
0.908265664465482
0.9579902434430233
0.9375898310859773
0.9250264650658631
0.8856198067674208
0.87996624163388
0.8710620880249671
0.8598901105814724
0.8913870482184156
0.926443646802676
0.9532662857390558
1.0106249529253473
0.9354880368209239
0.9467833551917801
0.9102702865809236
0.8985452056026044
0.9126679558551232
0.9130342848303722
0.9306302395022187
0.9631429742871492
1.002717245210848
1.051752628326832
0.9352981867391538
0.9176938767611719
0.861952919240016
0.8384266255740838
0.8373775023110231
0.8276627180214369
0.8376068301585674
0.8751260370715308
0.920957196343605
0.976763551917037
0.9402040850224672
0.9118945885202935
0.855190311660427
0.8388833716382001
0.8259572431146348
0.8148885097389283
0.8305842277424759
0.8672063971084726
0.9142209039398941
0.9643115571549751
0.9430919818862415
0.933301377927941
0.9075402921322884
0.9022559562156539
0.896591666536792
0.8930970502929098
0.9166259874124709
0.9522463997671055
0.9879166016349026
1.0332143372865685
0.9430356937489075
0.934781784763393
0.9030577382160931
0.8856568037392515
0.8845604371346879
0.8857029044867017
0.904235243093443
0.9335773697702434
0.9769673876617997
1.0196120083701652
0.945060892148721
0.9109395224287271
0.8635205911695547
0.8358612119031297
0.821841867937488
0.8205453588659298
0.835804372703632
0.8682478032238935
0.9125116862030922
0.9623553430388848
0.9492176625990661
0.9167587737167016
0.874725539569772
0.8531328030815107
0.8361412132768529
0.8388082151778593
0.8521061948892368
0.883829596979566
0.9264680371688253
0.9769360082837287
0.9489522306197845
0.9407123831932412
0.921870394223284
0.9116433077183211
0.9134513259320195
0.9212922346849879
0.9377146983044699
0.9672905550165006
1.010309728539308
1.0563500461008835
0.9317577949733448
0.9249766272567373
0.9411090354361676
0.9191272806013032
0.9252198587220265
0.9497828256632977
0.954875176032119
0.9975199629374051
1.046763022722748
1.0942188346398702
0.9300420146672786
0.8998755066431968
0.8362066602457081
0.7870491826097933
0.7829618387484796
0.7725241209783907
0.800095416585471
0.8225926699753129
0.8793921607362767
0.9315986308648468
0.9324361667088901
0.8909368127628359
0.8155456704498251
0.7946477974100113
0.7770746211337559
0.7673552940164693
0.7808787547819264
0.8241318269032588
0.8787054629527533
0.9372157230786762
0.9345806118873421
0.9127292280962968
0.8789363543994937
0.8799071750271975
0.8600891601396302
0.8627351672917387
0.8844471445289863
0.9164361899632224
0.9540533000784757
1.0199622633047587
0.9349070611800312
0.9164452767025794
0.8862904864976489
0.8566184404517553
0.8550904843796553
0.8533792189859185
0.8596449209638045
0.9029213896242747
0.9439410965705003
0.9969501412416851
0.9365364965579865
0.8913313137400884
0.8287272405539265
0.7827465930558765
0.7697020596629107
0.7590533555055068
0.7893776097466583
0.8146470972342555
0.8737909501481375
0.9176557109942611
0.9408768145828785
0.896266056327557
0.8373321216422629
0.8128209954595392
0.7907404789626654
0.788221962307572
0.8041191352331476
0.8388973896047527
0.8911831622116527
0.9450813350199739
0.9419264052941537
0.9331206618745596
0.9203010433742954
0.9252177532682485
0.9180381744116272
0.9333625949495777
0.9490008237328649
0.9863175661819668
1.0281677738229948
1.0795505305782607
0.94369092067074
0.9023653618402018
0.8591681490385643
0.8239771332463259
0.8066587162255245
0.8082558907324355
0.8186304483626017
0.8577124665736078
0.8952332690116841
0.9532727347796189
0.9453595980136569
0.8811269959397319
0.824662459195026
0.780677301421833
0.7662140626909418
0.7569798916724311
0.7827226912346762
0.8112145453682679
0.8749143272089983
0.9180321017405111
0.9341632424034526
0.876853945222615
0.7929134085734936
0.7447311620027698
0.7339926783070355
0.7356936716951791
0.7583777374933993
0.8001612567963392
0.8478678162949302
0.9216189351845686
0.9349460143582679
0.8869122562106528
0.8436311554887238
0.8313654325254128
0.8039211831049151
0.7857013058263338
0.8191219532842623
0.843536445739141
0.9036464773466951
0.9488425897812285
0.930148476744865
0.9080139896773847
0.8877720659809382
0.8479638543476209
0.8409721370434219
0.8582603974948082
0.8620258646571879
0.8869145362083749
0.9429208665998964
0.9981997624045315
0.9320877844156944
0.8811277570503474
0.807762429783103
0.7699072397943194
0.7425583135524305
0.7434993720144254
0.7592968022213111
0.8141836922477058
0.8600491827267323
0.9222797738509257
0.9385257956710322
0.8760364860178981
0.8059516446834045
0.7617170477821558
0.7411722585459893
0.7415498961252406
0.7648064021792661
0.8067827586080794
0.8497382240437479
0.913624978661793
0.9402077721653208
0.9006202549560881
0.8783420521817162
0.8585295825163796
0.8421592533207768
0.8347721523766554
0.8612754455501662
0.8834252943630188
0.9390205496088554
0.9803377505859712
0.938317134519643
0.9010137883371114
0.8540804323085053
0.8142988806125089
0.7996128449668471
0.7989485943593069
0.8150907573383152
0.8422617497775304
0.8971183604379345
0.9469141078464044
0.9402121038153098
0.8745107630167742
0.7994856275609593
0.7601018369050149
0.7300054830599984
0.7399547892484709
0.7570575775529983
0.807915250397055
0.8567661395155519
0.9207292559571794
0.9470422009786712
0.8804648311143948
0.8260122516169395
0.7848603346926091
0.7631281209101909
0.7614351787531154
0.7750045874703491
0.8201869361895563
0.8628948847500164
0.9197351927447852
0.9446586718977269
0.9188524201869228
0.8998590548135141
0.8752761628402543
0.8747923252654898
0.8745593684516542
0.8964468425636445
0.920600765053427
0.9696235104154057
1.0148483193867746
0.9363614844266895
0.8899185249769476
0.874299683084157
0.8253503963189445
0.7970786939549408
0.8091809299346401
0.8211136226482052
0.8557868752766677
0.8992312718368476
0.9517145167650786
0.9381441020675413
0.8711497696464467
0.7881298217055962
0.7394202348037404
0.7313045763397734
0.7402733236853422
0.7548248953043933
0.8110466002635957
0.8592613504217629
0.9272895104389972
0.9412017979586044
0.865190858947217
0.7896236934116535
0.7486193405166823
0.7293856380326493
0.7223645722506437
0.7716289119536974
0.8086586633715429
0.8767469199115946
0.915426815144262
0.9401130863681495
0.8860364438741084
0.837155735580433
0.8116835195560945
0.7792904929469133
0.7885683702448744
0.800511043576597
0.8305285258399304
0.8764555202011074
0.9415526390758452
0.9393445898393703
0.886692632443762
0.8366934899281256
0.7879843154307271
0.7635588012659732
0.766425015478477
0.7842758517522276
0.8241400157049429
0.8705364912041087
0.9233152075518903
0.9427768512380413
0.8663786804561062
0.7851605061183097
0.7380577975517982
0.7225793677989104
0.7360967939910927
0.7554301099276106
0.8144362093270536
0.8595569067730718
0.9235791241550353
0.9489142086921316
0.8701026464638547
0.8025153992804569
0.7577209423870571
0.7393361485311266
0.7328525933365694
0.7728200194309772
0.8057027881225362
0.8708319927108503
0.9087923908831085
0.946100342496223
0.9007583962403212
0.8626966314196203
0.8339011903520881
0.8109645186879029
0.8136470451021637
0.8272864341381222
0.8584012472506478
0.9040621388766809
0.952619577649376
0.9480999529477729
0.877872154101166
0.8075637182018305
0.7646307335572626
0.7404884415922818
0.7467944738467277
0.7699957865908221
0.8084724712180774
0.8644504261374968
0.9166717749700026
0.9487174547950291
0.8564481079011506
0.7884597252648099
0.7408615123463078
0.7174577276585109
0.7312707191411436
0.7533815211238232
0.8186604007450008
0.8603131655226632
0.9207642493629026
1.0491896711503594
0.9649721681270776
0.8887911007017261
0.8478855989638237
0.8479023655922335
0.8592803795418777
0.8935472626145284
0.9220386990858476
0.9621388924541651
0.9846161532211711
1.0411744646521908
0.9914415354358098
0.9168228717526639
0.8964883402269931
0.8567565878721227
0.8661588524430395
0.8765871483231535
0.8974012134453707
0.9271544365295314
0.9344897061433103
1.052182249158452
0.9772477207821572
0.925886467955577
0.8788451833066044
0.8583343392660909
0.8736497259573759
0.8645971309089976
0.9045048713137445
0.9065177317484236
0.936341118815738
1.0641122414102924
0.983221808505612
0.9151344497271359
0.8684224913689881
0.8597146769472184
0.8684508172180337
0.9059659873405096
0.9330563556475708
0.9648910940020934
0.9832155019060008
1.049390393798005
0.9619311928117504
0.8938538896586031
0.8468087638900174
0.8497284669656618
0.8523832227539586
0.8899124673415214
0.9129501270605702
0.9548166702702254
0.9691623366182668
1.0446513625054565
0.9993283431586716
0.9318875183809908
0.906069181024151
0.8669391659646031
0.8710386588152516
0.879724933347932
0.8938731696457521
0.9204462526109373
0.9284488744603658
1.055985322216889
0.9736470133770432
0.9064673006044868
0.8671992807331099
0.8488418249710389
0.8665776421373877
0.8682334571584619
0.9098552513043638
0.9217148110412107
0.9502506516701269
1.0632077551531993
0.9794025973852759
0.9128269644734442
0.8712007092871175
0.8590137736883695
0.8734618932267106
0.9041882388419423
0.9392534583944896
0.9673698099681147
0.9902296809206012
1.056131942123104
0.9664455181556824
0.9056402159877787
0.8502595884750349
0.8556414167265615
0.8489647375588887
0.8849412040691346
0.8998715506746133
0.9403903857489426
0.9527343429708436
1.0480269886548805
1.0062477308249453
0.9365335742108458
0.9097414970122504
0.874400618235804
0.8742052350883218
0.8844497559613177
0.8954783870766317
0.9210154754634255
0.9282826199326276
0.9864826470821002
0.9208363878415904
0.8686507393861044
0.8080046981165835
0.7990261046030519
0.7961982201805233
0.8420733191866797
0.8502817577798878
0.9078509243411229
0.9238714106124882
0.9943146689009587
0.910079270260068
0.8201466363423119
0.7930494583532178
0.7776902940961198
0.8031482383184402
0.8250554145706216
0.8856729973808187
0.9255733690069021
0.9599461321549726
0.9922568138772316
0.9131198464581245
0.8380038229577075
0.7971677555452872
0.7868270414835693
0.8146911352331542
0.8490431450437091
0.8928905334702371
0.9370396239176755
0.9776827584043315
0.992985380331026
0.9094964749800293
0.8595517877282408
0.8135320166605531
0.8037448642933117
0.8081865035388
0.8233963703981028
0.8695335133520029
0.8982011645943714
0.9381586831911358
0.9957644670430619
0.9181257901554354
0.8521303445895654
0.7949961657895205
0.7916711723085622
0.7907214518137466
0.8443943154448105
0.8597929677260946
0.9207306470347383
0.9367520328163943
0.9920388392008144
0.9073751047889
0.8228245304280069
0.7919997003594068
0.7788265160706864
0.8030590585434294
0.8285059788161989
0.8850739399788535
0.9269514227010959
0.9693397146691397
0.994009643703329
0.9166108987582411
0.8407425813652889
0.8049752678195785
0.787814620569881
0.8156355915850909
0.8449234814463832
0.8938654469516221
0.9323895800193566
0.9742133409377612
0.9979458291120663
0.9160261219876612
0.8662926042393194
0.8185344290589933
0.8045749104789491
0.810916585793682
0.8216118343028018
0.8660804612316874
0.8896723967912823
0.9268572451746465
0.997928333600404
0.9120690675252878
0.8408381880247713
0.7916708945018563
0.7902044104039329
0.7939247142013425
0.8473121283960718
0.8701643596896043
0.9345749619522485
0.9498367151658147
0.9913943871602192
0.9027182952003697
0.8277490781015866
0.7901310869465783
0.7788507269373526
0.8019661033652332
0.8344806944472001
0.8864819652974708
0.9285597088224182
0.9736774977006607
0.9463107847234924
0.8720079333164041
0.7850120572851216
0.7524688982428126
0.7345638368890303
0.7452690396681289
0.7852825422898072
0.8329066979197293
0.907380703794157
0.9395197162823914
0.9424621107398455
0.8726569674735701
0.8081601538819606
0.7589331320711729
0.7296279775974878
0.7484763300216729
0.7814094815884364
0.8214930077287086
0.8722397207976016
0.9210804420583181
0.9579174295269925
0.8698864420400578
0.8000808630747144
0.7566475771712693
0.7341595835140112
0.7510513886122994
0.7685809380817287
0.8413681407482922
0.8758541106386358
0.9251727416993627
0.96219985920227
0.868673817215702
0.794628881503887
0.7335010237911367
0.7335715608121147
0.7420669048834587
0.789818399335769
0.824217270552784
0.8846402241452394
0.9305637148480627
0.9470731901260042
0.8679919552487464
0.7879585697424725
0.7486470305805898
0.7373223467067879
0.7472144879596947
0.785367931869521
0.8323325504544477
0.9046411515057937
0.9461425674674079
0.9462387979827617
0.8767755888186982
0.8133324533156553
0.7616153135554945
0.7370772732450266
0.7483297250632756
0.7803125581155484
0.8169657213238506
0.8723714272325874
0.9223234305595338
0.9612895528251686
0.869768735759984
0.7902865978099206
0.7497200866849756
0.7263190422118875
0.7521014510194955
0.7718205237830278
0.8458920654289899
0.8793237198134605
0.9342020281192399
0.96202642973927
0.8674414437985004
0.7982112572714974
0.7416270539353012
0.7369876290349789
0.7429578779179369
0.7872361946362461
0.8290461319209667
0.8882146429910306
0.9263274172932778
0.9550398653000264
0.8712532081100592
0.7994092972484498
0.7504801028016229
0.7379033649377811
0.7447876870030572
0.7858037450598983
0.8282709370751182
0.8927223148110984
0.934012618924871
0.9467955049344436
0.87816195682088
0.8040082681695989
0.7592811541656653
0.7412634654813092
0.7456370847455756
0.7772123995141
0.8131542086465774
0.8786322305563107
0.9221592829478014
0.9323813103757767
0.8561925018639591
0.7836603508841794
0.718946410776242
0.7028606942017934
0.713049709741683
0.742086787239234
0.7776437338664626
0.8542461183319453
0.9249791533463582
0.9363525181504685
0.8589863231603031
0.7797765584157221
0.7353934849908583
0.7016985088437511
0.7076174666264038
0.7394440988353346
0.7940683503117668
0.8646728637474879
0.9093875670278697
0.9289628783376689
0.8553882498490948
0.776981772618669
0.7214858411932409
0.6920579625220639
0.7134186869601936
0.735667005485138
0.7960406643637565
0.838450972512009
0.9153729504113763
0.9316586858009338
0.8513565789171826
0.7871007816053806
0.7432872717264867
0.7113995633000614
0.7092963144859328
0.7398515553409852
0.7982500667915751
0.857479961411098
0.9123617423431196
0.9423080248945458
0.856384166815137
0.7763030841208344
0.7158838840035506
0.7000157821205706
0.7061222537217609
0.7445324701325943
0.7790909222362766
0.8587510308544635
0.9143137012555741
0.9347904180658378
0.8588243472618416
0.7819911642918085
0.7346517365911652
0.705412745728202
0.711231228311217
0.7415440867968419
0.7908472896843486
0.8643380348854907
0.9159116780836878
0.9325855013792174
0.8548474414516958
0.7788793109582718
0.7234175374490093
0.6951635390655784
0.7095730224305037
0.7326848171023711
0.7956295216687832
0.8427902175734101
0.9208686436175072
0.9361470271556239
0.859731387672212
0.7867930351393279
0.7358991407712991
0.7100107954123916
0.7143049478061364
0.742205153536804
0.7982083668791411
0.8515830124760131
0.9091277400791304
0.9356321490250535
0.8537816476901787
0.7771519399358335
0.7260554301710311
0.704367039515514
0.7010474078228944
0.7424722946674506
0.7820380694252462
0.8619455834771333
0.9037063661527525
0.9390724799985283
0.8569937245391183
0.7845450169402968
0.7284978992540411
0.7011894189881623
0.7110423330954461
0.7467917742185779
0.7899560266308997
0.8633031063825454
0.9158279974911285
0.9300734333876268
0.8623740553831135
0.7933699032370635
0.7533758206731129
0.7072773584281842
0.6903666186822388
0.7268263542337884
0.7710161755496167
0.8489186019269235
0.9041704595354081
0.9275345904313455
0.8591706336721331
0.7885197630328253
0.7295071694651667
0.697349639741073
0.7022739001013446
0.7134319481418119
0.7565922777008546
0.8364855148071301
0.9172899758825338
0.935905441435431
0.8546269184971254
0.7971581643010474
0.7298404518226471
0.6909888346256933
0.6884087121743366
0.7172192296170616
0.7768260279553485
0.8317420333394318
0.9105767833606644
0.9366817482389179
0.8706462144901305
0.7961921626542957
0.7400877296217094
0.7130282809797466
0.7133656021953706
0.7236307523639132
0.7780779796752118
0.8284750317562151
0.9115162130552413
0.9286795300476511
0.8577834288362032
0.7827843640123252
0.74194366363337
0.6979990028037993
0.6854379527022458
0.7192022063801077
0.7673766459472338
0.84586125022125
0.8967010336249157
0.9326189233198466
0.8628411344019313
0.7918111594362163
0.7326805959061262
0.698228020143251
0.7002221476837107
0.7166794238856751
0.7593156156837341
0.8395730847738765
0.9128483407953751
0.9388923428761559
0.8577674881516691
0.7951684384392876
0.731587045760867
0.6968403544604146
0.6943036348097158
0.7174195499428608
0.7729725335326227
0.8365493672679717
0.918556643072236
0.9365340333600113
0.8710746570618468
0.8041999759976527
0.7491235993194731
0.714405942974102
0.7112013470643468
0.7238397044647917
0.7841897958206612
0.8287260367768032
0.9056281552850578
0.9356199169939301
0.864193453214917
0.7816811004781736
0.7299309310997228
0.6949782173095691
0.6910565744789082
0.7207987068925478
0.764231497439701
0.8394529856853994
0.8970297540473895
0.9298539198638177
0.8632564880203663
0.7895626574143741
0.7391526747745972
0.6976201070018603
0.6915828415405598
0.7169933884444134
0.7643111524063593
0.8440243696852828
0.9037716621721823
0.9394489384376068
0.8709984792382672
0.8020583989127553
0.7508931315585473
0.7172922063669877
0.6995804176331571
0.7141113730812872
0.765567026128751
0.8397141361068409
0.929634663900346
0.9455621839665784
0.8934906697632228
0.8394689073745617
0.7928360845063644
0.7529011939627028
0.7336320941271786
0.7561895726361426
0.791937445313713
0.8694830948713678
0.9388580646063622
0.938993549739934
0.8791513326308602
0.8162331030442694
0.757182356826877
0.7322270968512145
0.7168409653026361
0.7223262437627068
0.7601118681762623
0.8411323093343077
0.9253256386919568
0.937871662092128
0.8745476140892849
0.8182772250315163
0.7538801023578195
0.7102937930247791
0.6937304072305782
0.721168471791631
0.7697861965957673
0.8254490330309874
0.9202126197265713
0.9458269106092049
0.8785633595179282
0.8103713454993431
0.7590700633276046
0.7233125911082657
0.7124507218398397
0.727092193561288
0.7753455582969376
0.8405033337102485
0.9259261748214922
0.9429411300432393
0.8937182872734896
0.8407366751566887
0.7968760467367518
0.7558255969241777
0.7372675284852364
0.7546574388109871
0.7974718929873384
0.8684292419487404
0.9275005250804973
0.9432263854333185
0.8776362158688219
0.815692219616335
0.7509067576030285
0.7194596124420443
0.7040716011626814
0.7165337156834465
0.7586761181255174
0.8367434584613411
0.9197085346196466
0.9427202900683229
0.8774988088381849
0.8194658748467034
0.7532870202023353
0.7200292564440375
0.7000787300474449
0.7193825949578342
0.7672059771063984
0.8322210139103312
0.923104203289012
0.9361058058053704
0.8858401180386002
0.8217965032324316
0.7737159536900525
0.7357229885428314
0.7256752172430768
0.7372828397371429
0.7919089432619864
0.8476600661904024
0.9248107663791015
0.945843567475724
0.8928197661603804
0.8328979770757174
0.7835957723599437
0.7443702612552474
0.7355307921762119
0.745786953820217
0.7817827175675629
0.8544572318589037
0.9215639403160775
0.946360378394721
0.9091380761184233
0.865780499944262
0.821507049165943
0.7809067652498707
0.77203261165185
0.7720273088927693
0.8311449103711916
0.8772197321814913
0.9594804098516702
0.9423360937784905
0.887027157544571
0.8233117706247146
0.7761469666537401
0.7385308601976729
0.7113313319722706
0.7245039078236656
0.7819614705159217
0.847936277090161
0.9315133890905938
0.9524996359904248
0.9003085537905652
0.8402988964003176
0.7920446778707741
0.7531041477526043
0.7361786273857781
0.7496773883973094
0.7755865260080733
0.8623613468883387
0.9430331607128117
0.9555285214089031
0.9134576717696659
0.8734572550066824
0.8317238269188452
0.8000335756020944
0.7957925745692791
0.8051913985505778
0.8292862071834189
0.9074954666385731
0.9796859313734498
0.9474126913444588
0.9025411461046241
0.8518515910738308
0.798183225596169
0.7575334687561077
0.7424384201865655
0.7492259588646304
0.8017975090121675
0.8565175063327846
0.9505831969929017
0.9468688463826264
0.8911104150177047
0.8265634335608623
0.7757440126370857
0.7417025876179713
0.7143195854691675
0.7302387072232568
0.7794476217586247
0.847502823824322
0.923217944692299
0.9486783515283201
0.9102182651605123
0.8536252322029451
0.8117346129197544
0.7750270680997576
0.7532827675264877
0.7758228132662658
0.7969048329677269
0.8837932493217783
0.9402366103709828
0.9560191178424255
0.9132148909866371
0.8743423585355855
0.8309904614358701
0.8022761722617482
0.7876538348259797
0.802522059304412
0.8264620437808466
0.9134987078575239
0.9731770219771233
0.954936565876269
0.90029223692389
0.84626072613638
0.7878631180003944
0.7547765232367026
0.730308655364135
0.7438643845029447
0.7870555976557628
0.85365497528959
0.9450063897285154
0.9384302392452811
0.8947428073250534
0.8296591533541385
0.7722967168642183
0.7439770490690399
0.7221679950970689
0.7338897277197719
0.7775085463393
0.8430797782334627
0.9291321917985237
0.9611526011220863
0.9035328524761925
0.8735355596268863
0.8133526076195503
0.7704730998597353
0.7595834495284015
0.772038291121007
0.8150982007966315
0.86716115728803
0.9468736920655226
0.9547888281950105
0.9352604101042553
0.9158043558747647
0.8854655886636124
0.8796495068934721
0.8708234027566312
0.8719553635361889
0.9257159284340999
0.9738496050419116
1.0616171786534234
0.9455835860555621
0.9207198262895766
0.8750779729055803
0.8417542145705283
0.8046205423302203
0.7883699708162247
0.8032280973493476
0.8389161832599378
0.9067354196329739
0.9739727447899788
0.9537610821277761
0.9103729604247704
0.8492879712909512
0.805786203803477
0.7639242454795222
0.7549133537568143
0.7534109428347513
0.7820608808344707
0.871452265779206
0.9447656868958871
0.9643740877863842
0.9149399258672564
0.8879949305437188
0.8436182706833536
0.802006934777078
0.7966139910574472
0.8025546947991865
0.8471515617973454
0.9059093794822922
0.9860777186013125
0.9546738315790879
0.9398359130678474
0.9260032630692524
0.8930123598124277
0.883189894111475
0.8772250563598198
0.8819905157409247
0.9359643807667625
0.976447393233335
1.069282672496509
0.9490598996151001
0.920865884093744
0.8595545280388771
0.8222540940488282
0.7847392021538336
0.76335633182313
0.7746001709735514
0.8132040189775512
0.88049936186032
0.945175889664168
0.9509735282661943
0.9162398750205404
0.8489376132984914
0.8107168479826196
0.761473875446134
0.7493648282568112
0.7586134259376368
0.7853854959777666
0.8712638610651894
0.930332269474503
0.9561427780570064
0.9265680297608176
0.8966744766276956
0.8739288536252399
0.8377749463779548
0.8333390061103287
0.8368823500024867
0.8800318653843759
0.9496289696596771
1.016576452172296
0.9604150958310765
0.9342741202353274
0.9160531733493957
0.8723625888818649
0.8553184845305222
0.846668952862241
0.8557846828972742
0.9094123804171179
0.9442404588761014
1.0390585861514916
0.9572769250822656
0.9357379965121935
0.9290999968682254
0.9095497066325463
0.8974641225730209
0.8999196344018485
0.9091242720420472
0.9433560287754386
1.0257574340180402
1.0783493986718682
0.9554745932889024
0.9183647615460727
0.89305759123944
0.8407136725628337
0.8100950063683913
0.7982186487563552
0.8160012188372348
0.855313723266639
0.8997023972615709
0.9795558575936022
0.9506903813697456
0.906532394084967
0.8706810784270502
0.8352030307399764
0.8099065265225197
0.7823935579005566
0.7890303860152854
0.8406311279192118
0.8981501467599364
0.9766590295063831
0.9516064536319675
0.9351853797095746
0.9149353060086753
0.8928157306927512
0.8742324156456487
0.8887059412231766
0.9084896372001331
0.9249016679792126
0.9972900852197465
1.0619854431661493
0.9553505789931849
0.9321993279463612
0.9020624073423867
0.8740244979482987
0.852662701104744
0.8501699154428148
0.8545168426836537
0.8824969548448476
0.9639598922554512
1.0283282356222365
0.9591475303402739
0.9162552644646385
0.8891977306938028
0.8372307684100535
0.8054903356954537
0.7926251079391308
0.802590201175259
0.8471983366439001
0.8966317165153131
0.9906455210918543
0.9476610991378747
0.9156425690841682
0.8827876895780841
0.8425587714037606
0.8265441584486573
0.8046660136979145
0.811074736268214
0.8610547375626867
0.9112968898616578
0.9950094570346706
0.9511221153510074
0.9497190170369
0.920445200108571
0.9192747263399493
0.9076838585878647
0.9130997875374269
0.9334164356155281
0.9636295815683553
1.0325237565674352
1.0883524299351337
0.9560482942442682
0.9312636240127989
0.8886473841198783
0.8550015063739744
0.8231281875917817
0.8176176379347231
0.8272616613435774
0.8550093236816267
0.9312918248478271
0.9917098145105235
0.9481439059314558
0.9181769206465984
0.8805577157193478
0.8374531738731311
0.8119324056051497
0.792178194323142
0.7934073822011772
0.8450173715667452
0.9051081858867833
0.991888382087271
0.9477582446968665
0.9027058036033307
0.8571853161943416
0.827890844372324
0.7939821447933769
0.7989660219466272
0.8056396549078164
0.8251402737405776
0.90319579413207
0.9842722307354422
0.952722553738067
0.9002494509666822
0.8840809866880608
0.8407414909914853
0.8143415290037889
0.8067047975509244
0.8193018480860645
0.8538792897469547
0.9362168618138375
0.9980709865500749
0.9481987432023534
0.9367604725890887
0.9322392228166022
0.8983984339072656
0.8965095842891808
0.9054105597785446
0.9247829187685007
0.9616432861160118
1.010694244860074
1.085702487385633
0.944037714374331
0.9197289140321075
0.8836353571002191
0.8681381526283782
0.8408951046365939
0.8232654093560935
0.8365420480451269
0.8869218167728851
0.941888194393571
1.0060920937149676
0.9465387623997715
0.9018763114428526
0.8566957004840992
0.8248910487983401
0.7891759929114841
0.793714935243925
0.8044870186104226
0.8236491332832742
0.9003440155055131
0.9684470773983123
0.95160606400822
0.9137166599527579
0.8950664913626842
0.8587108928903104
0.8417386590247925
0.8337016319797906
0.8493735494887311
0.8801233144935833
0.9607353354522796
1.0207095662674368
0.9515068341195757
0.9452230014074057
0.9422665075911374
0.9162790323002761
0.9127185791318334
0.9127997370626579
0.9362613861339937
0.9778255478811881
1.026330847059258
1.1040067187032234
0.9396965738470329
0.9177007938930398
0.8737713160960181
0.8386468402556854
0.8186133823931071
0.8014964566297859
0.8132973060355294
0.8583731058397445
0.9106876998445543
0.982369658440771
0.938607334929733
0.912384061362189
0.8533977225408096
0.8318264409741762
0.800181413909747
0.7892941352734708
0.8009254688425584
0.8365183932131671
0.9068839705874816
0.9655366159328149
0.9527571325209966
0.9248405808053956
0.9016497011654167
0.883625188962458
0.8643259722831538
0.8554589661158158
0.8872297437214273
0.9153937105214298
0.9849590032223974
1.040591031181854
1.054914876673127
1.0171730634466307
0.9975669049918202
0.9704159314838618
0.9680087981177214
0.9519248072112743
0.9596449255433377
0.9660613697044836
0.9807103144686294
0.9974133501561283
1.0500636627287059
1.029783698914244
1.0056351641475587
0.993406205281727
0.9828730309506623
0.975378933304483
0.9817959520096147
0.9893733227043272
1.0093647615206698
1.0158553104229961
1.0500248210467538
1.0106694841372919
0.9688174196248688
0.9481843193936201
0.9165274888522056
0.9195866728842407
0.9124742431027965
0.929417557390961
0.937250296618128
0.9498709902608075
1.0550613845208145
1.009708836564635
0.9758375305012035
0.9430142868404824
0.9244354397935253
0.9204196224722265
0.9182939540652417
0.9294782129467672
0.938960168363922
0.96289433474986
1.0566558980939105
1.0320347285307017
1.0209378284618538
0.9991816179522023
1.0019101573266938
0.9932589968531597
1.0018969026902678
1.0056815648875326
1.0236049073823348
1.0374911692117896
1.0482196831026727
1.0259385855306178
0.9937039552564241
0.9734329818049795
0.9637362259721102
0.953173219326673
0.9607510534418248
0.9614868409254282
0.9856456739845395
0.9952692317844444
1.0440563456915755
1.0096764814616233
0.9598790093910875
0.9406306303836457
0.9126160815753458
0.9130904143747026
0.9060495753541217
0.9231516596682106
0.9335231017511552
0.9528544872529925
1.0496723926806102
1.0189041434375672
0.9774690857974734
0.957774823383531
0.9358891711992839
0.9332962217968583
0.9282430041876744
0.9442699121642658
0.9511126706618886
0.9725519612885245
1.0515319784766706
1.0392120075005762
1.0214243674500543
1.003699075751028
1.0077280741605905
0.9959545698116495
1.0055523179007473
1.0125885811023334
1.0280710361600367
1.0403436957827752
1.0422946790923233
1.023832632662866
0.9798938327021061
0.9503126692898736
0.9443701473192153
0.9260206954976763
0.9367292200981124
0.9354879012505622
0.960321342094847
0.9674682089246084
1.0245509772378858
0.9806754231348067
0.9493488758645524
0.9256575841691845
0.9086625521750268
0.9009485209822595
0.9048638662435622
0.9264502910133126
0.9416521137051238
0.967055175803238
1.023379046705573
0.9929328431216536
0.9714300389976007
0.953690414178038
0.9382303383749243
0.9402239296180278
0.9455350181313281
0.964041691774023
0.9783769522718354
1.0021416883567407
1.0246289834887443
0.99605628396958
0.9721877559694818
0.9502157576453529
0.9381759773297075
0.9381680602723103
0.9463252028550436
0.9573761898065088
0.9773908879465409
1.0017716518948507
1.0241743385693172
0.9888735519175585
0.9538766845277834
0.9263684691215992
0.913929640485449
0.9090555812670084
0.913611057461031
0.9233911512038168
0.9480645153114735
0.9731896511730683
1.0218111122909757
0.9871036517097027
0.9572986289047649
0.9340590623132352
0.9234996495644554
0.9172776280544815
0.9219504250759136
0.9364887359072146
0.9588845860713741
0.9847898470243899
1.0215768281328748
0.9981622994071213
0.9749213190568119
0.9634408574109611
0.9513328329805755
0.9543255603852208
0.9587457929035019
0.9777218434376365
0.9946365785894339
1.0209587519794012
1.0221348845694633
0.9961964447645328
0.9617189070313661
0.9427074065681403
0.9284398167606507
0.926346626563907
0.9309339141847992
0.9457878248349287
0.9650963021769863
0.9903277659163481
1.0186058657088866
0.9913524145904256
0.9488957791744831
0.9232655071139736
0.9085950129856075
0.9010005799043878
0.9077409387322877
0.9191060102146118
0.9427076879766861
0.965134882193548
1.0156011709056703
0.9955080503741107
0.9594446193391101
0.9391438032034783
0.9319452249322204
0.9228907202789761
0.9327781530264122
0.9446700316301865
0.9673587341194212
0.9889357833510268
1.016443486782316
1.0039914696883911
0.9691281470884369
0.9577357141586442
0.9537615877306114
0.9507851623422306
0.956851311479538
0.9751655938215125
0.9916926934772822
1.0177253542656435
0.9944107585597569
0.9495920773990129
0.9237391869145409
0.8995561229551726
0.8833873406875269
0.8798846856695022
0.8890550798584437
0.9183444661803006
0.9405769181483646
0.9743034848548793
0.9935577295711505
0.9441985847649444
0.8998744079281076
0.8644308086926888
0.845629945149095
0.8431651864774288
0.8598825773861603
0.8749488794314654
0.9089689484070231
0.9401678014459497
0.9920937411446568
0.9625098494460791
0.9331136530631952
0.9139210858546213
0.9020985272833915
0.9072225180458118
0.9145985780991742
0.9332077085377013
0.9617073516435178
0.9998741366597588
0.993535394562267
0.9770708466522005
0.9659485918897466
0.9597829221218951
0.9615223485573074
0.9684362777970654
0.9782755457272472
1.002763526012026
1.0317918414400562
1.0656969343708989
0.9951149121134012
0.9427578580674615
0.9055037854315598
0.8755111968119961
0.8593818737186868
0.8540341226050242
0.8628288628270626
0.888820728150829
0.9166928198861806
0.9488695736537849
0.9913706979259819
0.9487858887264378
0.9073809335353995
0.876547943117285
0.8591363916278079
0.8555604692919752
0.8694628306530044
0.887646882593498
0.9197479459082557
0.9516889337618981
0.9874700622322543
0.9767760150051001
0.9516366654429732
0.9455948114421525
0.9372557049998392
0.9444745683624941
0.954763737821041
0.9752800778493873
1.0046972649855774
1.036081222169811
0.9897248412221914
0.9726692793612124
0.9434830903223169
0.926696924064361
0.9218286055472831
0.922529485278791
0.9318743266086416
0.9536008077367599
0.980771220751176
1.013771860939861
0.9901443684913862
0.9459099283302091
0.8957026863798139
0.861661399641829
0.8493406027157757
0.8436684271012599
0.8544919571364282
0.8774774555692217
0.9063953841112932
0.937866598740992
0.9830867345037377
0.9565193233022852
0.9105345102541919
0.8903507202577614
0.8800313754440227
0.8717776795418807
0.8838806128028479
0.9030555319214154
0.9349247736546226
0.965742745589041
0.977531161850099
0.9310117245621944
0.8981658413808746
0.8621177814531988
0.8588326649769737
0.8520876913198703
0.8690842371199871
0.8834247897512489
0.9231775475251742
0.9700522672523252
0.9700884454077028
0.9514846503050647
0.9358007574684288
0.9245641975411522
0.9160602474659871
0.9229745075459923
0.9440708244943568
0.963350552333719
1.0037751235795012
1.0317275615983987
0.9705845515547761
0.9147674328060389
0.8569890819039148
0.824624929876285
0.8030320071853053
0.8085237285617682
0.8149220006983743
0.844125460057773
0.8871058532046128
0.9306734996403938
0.9762447842979382
0.9076940427358176
0.8601860463202264
0.824186277531769
0.7978672004194599
0.8012930095674374
0.8067360415351433
0.8542702990787834
0.8780231182310376
0.9201874501401663
0.9756193595791812
0.9549220439480849
0.9455993127477827
0.9279156008974065
0.9356064735723302
0.9367612322051787
0.9554756899883986
0.9724755486313447
1.010369560967932
1.0447796073214926
0.9707309352954263
0.9364223120774812
0.9026303672112439
0.879577137877629
0.8641827241458844
0.8619840785593352
0.8814858575849478
0.8999314469828338
0.9412563551990288
0.9715483602156542
0.967848160944977
0.914349310810271
0.8485417296158964
0.8139165664056509
0.7896674835683326
0.7937834514552428
0.8087352633516192
0.8379506663076852
0.8816547293645496
0.9249520257732267
0.969273263320387
0.9202097656444739
0.8684039481908873
0.8388302214188709
0.8162382520660235
0.8199890921404279
0.8234356940769619
0.8640521105705364
0.8882378648352023
0.932878742103239
0.9702562042670326
0.9660679627473399
0.9816131216240652
0.9762124009688579
0.9883486450865753
0.9999771483621474
1.0258931781171625
1.0489658651460763
1.0844195726484132
1.110578337007177
0.967442696511185
0.9304729375293983
0.8772422032382677
0.8424425657645477
0.834761570434473
0.8272497220056692
0.8438287119270529
0.8627974966878642
0.9093476968418992
0.9400402823953591
0.9626819816592496
0.8968764780269372
0.8428523725593867
0.7975201897209548
0.7766252397618167
0.7793932765541196
0.8038412533486881
0.8297925674940354
0.8744320064769023
0.9259327160094898
0.9625092713943898
0.8834596735916882
0.8194490571873627
0.7730481883596625
0.7616448337390164
0.7611547960458327
0.7838540069783814
0.8160765679270117
0.8780480258295281
0.926928137382846
0.9619499796715443
0.9227817596324693
0.8839748772441529
0.8558093536840962
0.829611780660806
0.8369154620138823
0.8470715031276904
0.8804160300120246
0.9091116712557537
0.9567898170956531
0.9631063121746016
0.9210583161061232
0.8925456790416791
0.8693381997179014
0.859126674458787
0.8542273495175221
0.8647805299885212
0.8993753561732878
0.9351019881097291
0.9785758109666418
0.9636567100891102
0.8868182122577445
0.8285867251257526
0.7808135359536019
0.7597989190549458
0.7633762099443488
0.792098021501711
0.8296232354512432
0.87481785196748
0.9193370962364034
0.96233824858226
0.894834160780316
0.8313976041670406
0.7872091530120092
0.7728306920988975
0.7696152565286274
0.7938645229396745
0.8192625773436192
0.8784033252266563
0.9173482900286937
0.9578716239576873
0.9373205198855978
0.9106913434994882
0.8993170931320009
0.879636479798013
0.8915443409045324
0.8991995603046546
0.9317303483647452
0.9616186821240807
1.0106002965270622
0.9611109268579453
0.9105625869973801
0.8666098791750815
0.8279790418866178
0.8130814851584441
0.8117517126113493
0.8220709210533844
0.8580642655069174
0.8916284076918121
0.9380907221733412
0.9607887978009537
0.8878154377368824
0.817994872979191
0.7765751604945845
0.7599350962593301
0.7622815257429307
0.785092513160627
0.8291832667493231
0.8752311881277105
0.9188313816085829
0.9531910590143987
0.9033838654710423
0.8482033294769533
0.8142583571155978
0.7935908398453038
0.7833704889446541
0.8123368617700002
0.8336376354339307
0.8874962052917602
0.9176248045729452
0.9554458460599758
0.8928049449856607
0.8380700782305378
0.8019959497609283
0.7812999121735714
0.7755904123774742
0.7882493595991663
0.8297999495376053
0.8761465459080822
0.9287515210303684
0.9545112086785903
0.9058505935218772
0.8521469852852116
0.8196771623846035
0.7973912422677867
0.805298552779574
0.8145518508651334
0.8440369437344242
0.8843098339103381
0.9400127380761774
0.9578083857997902
0.8625378808949541
0.8024125004123664
0.7587774632737037
0.7361971661386549
0.7397694423671595
0.765833613348621
0.8224520680326831
0.8674521988256452
0.9196991827149177
0.9590945233825154
0.878755233816265
0.8116820033797116
0.7580238079463327
0.7405255208209743
0.7483432879102752
0.7858413776651398
0.8151601790133969
0.8759193497346147
0.9186096376443286
0.9540118829232579
0.911132719219786
0.8725242085897287
0.8436135195080803
0.830875562840001
0.822244284005496
0.8371907788052603
0.8669333404719014
0.9144363085835221
0.9580524028996926
0.9569370832534229
0.8941791415248891
0.8296840611714034
0.791312823902864
0.7650080111844788
0.7738999753536911
0.7884624890289711
0.8258663458871268
0.8675945373182553
0.9254001239718379
0.9570563713304493
0.8661911046237739
0.796643426934466
0.7480280146966638
0.7326608456397858
0.7415595829758955
0.7680178735383737
0.8221749985050529
0.8689889257340732
0.9187789326845518
0.9553959272440439
0.8847604634783747
0.8189684289853661
0.7761963979929807
0.7552934161296727
0.7556487668717532
0.7843164391012716
0.8182731825277654
0.8737173479119748
0.9143277310887803
0.9503029466363816
0.9112883909984574
0.8841498807912828
0.8472008455175244
0.8332543242261874
0.831661578707048
0.8501946112463888
0.873740210382918
0.9196298162873296
0.9593850478569484
0.953690422455333
0.8866800028978201
0.8126530701110377
0.7733958690722167
0.7492892611394945
0.7567785768186187
0.7758367411305567
0.8238955968589136
0.8697485996195683
0.9232946374003642
0.9470836939759483
0.8582238618011121
0.7851793581824781
0.7385175192625817
0.7305529505550125
0.7373286124063048
0.7746734574735482
0.8085046032506635
0.8870970006848289
0.9349061916488277
0.9509621569673019
0.8594235451531754
0.7904885886142664
0.7486105895614967
0.717434206412864
0.7371353594495255
0.7573776976482353
0.8305751613366779
0.8694981127407775
0.9249272628499611
0.95268110398806
0.8919363250603808
0.8334399755418107
0.7887830775401731
0.7739695585484766
0.7772611295808022
0.7941415932408016
0.8240465765667997
0.8717132109081676
0.9300106581701787
0.9514574836653465
0.8747337807988116
0.8172988707095131
0.7752774125161871
0.7487150296187217
0.7511577863246198
0.778643233792461
0.8241233330317698
0.869420481700491
0.9189261796514856
0.9484367700081306
0.8608126921627598
0.7857314957496154
0.7334269498988095
0.7249556203365316
0.7347413574363206
0.7823497758743119
0.8128883821347624
0.8913898583779808
0.9303299030857791
0.9545901424557764
0.8684020070242339
0.798011643756606
0.7568453863120698
0.7292879328935105
0.7428357062625512
0.7592002570984195
0.8215165147299403
0.8633935328650025
0.9279910294645898
0.9510489928171205
0.8954204417233442
0.8462503663274226
0.8069539941092354
0.7880345975893289
0.7883617715940031
0.8054009793401572
0.8377842649878479
0.8831235152040726
0.931024696948305
0.9560284156832186
0.8706059225966447
0.8012776835641144
0.7551178509428835
0.7362263483257658
0.7440108459576392
0.7705690900750604
0.8219128586548073
0.8710410735757151
0.9173668064300405
0.9481843554741397
0.8640567460503829
0.7868574742530218
0.7383736364547773
0.7258066488640477
0.7310768134305707
0.7833296093736062
0.8178036829431561
0.8928433629642146
0.9250083678017211
0.9439519528889805
0.877092297203729
0.8118559201663845
0.7727314353960734
0.7443917827081685
0.7552845082110954
0.7713568635853302
0.8176909060765727
0.8614248428206853
0.92493564279417
0.9481329633556875
0.874491626620192
0.8092879919947412
0.7588607935438804
0.741020291300093
0.7461871804730773
0.7820913346668145
0.8193834593883546
0.8705764592391576
0.9306341502547462
0.9418935525555792
0.859864243648398
0.7895890194262372
0.7485701633733716
0.732273938794595
0.7270464450042583
0.765630263395085
0.8038130571645088
0.8799686049086982
0.9248422652217407
0.9442140881639269
0.8565695629316433
0.7839199525186766
0.7375270499785344
0.7056314457395854
0.7379215873250713
0.7689206449165846
0.8290588887454763
0.8769061988607629
0.9297158327635944
0.9527281966385709
0.8573560607980465
0.7850444276823576
0.7343400855454622
0.7246016105457851
0.7372094028250834
0.7642660692622608
0.8233395441960464
0.875711867770523
0.9351905107018536
0.9486286249965357
0.8781349692084104
0.8173234075608122
0.7711775078223951
0.7497827566627799
0.7549757413834335
0.7798911741255115
0.8203493639256411
0.8657107418764312
0.9188232906916936
0.9475075323890557
0.8552697767431824
0.7830791394561588
0.7340480600455886
0.7243187525411725
0.7239525349382557
0.7699768825335218
0.8061193746483805
0.8858370491280501
0.9237213402514599
0.9458302114778615
0.8588236512351166
0.7802084810527443
0.7387377637590128
0.7107277339672481
0.7370080402182216
0.7652617903420126
0.8289368710406806
0.8794615291567063
0.9397629587474531
0.9507758024351787
0.8655091148982682
0.7927957505016031
0.7468301533902485
0.7274257613499039
0.7412341514089908
0.7689547304702538
0.8223224711854982
0.871568757855103
0.9257221423802587
0.9499372241278936
0.8735552909965315
0.8123048072248891
0.7660834654980598
0.7441058587459588
0.7495156327275905
0.7699859922908506
0.8200177641126309
0.8659726640557037
0.9125329954633691
0.9488101710814323
0.8585080613587498
0.7830856700847278
0.7263047435668716
0.7193707611556981
0.7231786129768272
0.778274108213569
0.8102281637186379
0.8876191633430932
0.9219364829833514
0.951304852881944
0.8444396661499933
0.7870334140737124
0.7404374576032059
0.7174252472342365
0.728443093304832
0.7603539836708937
0.8335951920595461
0.870754075174558
0.9219106516091122
0.9491141128792631
0.8619305466902397
0.7897848202842166
0.7224449754659009
0.7250892425881633
0.7280990219628268
0.7895417510974632
0.8116855308161783
0.8929844990314723
0.9307170588586657
0.9419653621956184
0.8676892185426199
0.78926964592552
0.7499440729287049
0.725166363643442
0.7285282584906636
0.7625419944458223
0.810019568934924
0.876295295025434
0.9187485009508022
0.9451969804341234
0.8635534571877076
0.7777273405504119
0.7398121582995641
0.7139863453627097
0.7451330745294711
0.7662000654096709
0.8244120763179237
0.8720979672744782
0.9313991242070574
0.9529796323193526
0.8498356073611583
0.7894667672698492
0.7393089703533899
0.7190547104676953
0.7331628587146526
0.755492648622737
0.8292824034600779
0.8640976569209317
0.9142644512347835
0.9565601551469429
0.8622469633114526
0.7895009714503716
0.7288125725211387
0.7270587262201519
0.7289060415569548
0.7867361571830809
0.8171157407935654
0.8921599909455715
0.925240618793062
0.944205918829606
0.8665763613145531
0.7943721080758237
0.7488595729933056
0.7285269337338899
0.7309907447131663
0.7662253651325268
0.805042950445565
0.8749079925378974
0.9186311428562715
0.9524344506053587
0.8631178415224131
0.7787031832279571
0.7392927672167703
0.7117790061482985
0.7408291615537531
0.7677695170081605
0.8292275419107838
0.8770560912904276
0.9380979202166839
0.9540709157792622
0.8590988167795278
0.7843825562227076
0.7332483319804681
0.7150777671134583
0.7376786147430844
0.7586734330450376
0.8279421862187649
0.86144514643886
0.9163834947420384
0.9514846686284018
0.8580134988006192
0.7927090955186344
0.7418751170196116
0.7316040420489879
0.7297885253656567
0.7785301865952361
0.8189951852059458
0.8873839697410051
0.917571377348674
0.9560057143129866
0.8707224403964003
0.7847949767388207
0.7402689204342512
0.7288755639355707
0.7564450010878875
0.7727108078585804
0.8396581156692038
0.8760174170997255
0.9363172618274309
0.9589167544698594
0.8598259278015088
0.7954716352137989
0.7456050281086983
0.7314552746687193
0.7452929005330539
0.7868850601806139
0.8470345825304001
0.8856306808428049
0.9324232203040816
0.9524557799390956
0.8646946361904508
0.8079667683535456
0.748304012054015
0.7517941202474796
0.7422133257145916
0.7971952622471382
0.8066224749007959
0.898254837813373
0.9171215296620849
0.9518425368655711
0.8700996125645282
0.7867927885375001
0.7505810764567111
0.7204544182859098
0.7453127548486679
0.7750467341856326
0.8368783381411109
0.8884175676794077
0.9280879576953162
0.953643624645306
0.8725995148998158
0.7862277384481664
0.7477971594548671
0.7281904204220282
0.7567770837249099
0.7757912979746857
0.8367214527708795
0.8780967802761737
0.9376073630839762
0.9641194328157231
0.8613736990258833
0.7968769485463297
0.7488668049977375
0.7321419418238068
0.7494938350836227
0.7803826058824743
0.8480516912333929
0.8812476518039283
0.9222608350756919
0.9584136376665132
0.8704354642466325
0.8126402864800634
0.7487240003824333
0.753452343815133
0.7391343570036134
0.801160448858089
0.8103312447247581
0.8965720313747486
0.9084827425812517
0.9545577633503125
0.8682652769621767
0.781852168121001
0.7458259070033441
0.723357665337059
0.7446683071917658
0.777268041128724
0.8307379684924245
0.8919886479099818
0.9382643542537881
0.9558805370974068
0.8702621129850044
0.7900521911806947
0.7485665039254059
0.7233948568536654
0.7537864259505512
0.7803042393055827
0.841007020980117
0.8823074998903455
0.9421010247914416
0.9680466238896962
0.868085335694481
0.7993312851546039
0.751334222955028
0.7362715373432249
0.7556289626687699
0.773145738402679
0.8431257913696747
0.8703409837598098
0.916522057305715
1.0615367225154886
0.9666442148795665
0.9110857529626358
0.8497576935552883
0.843610668072246
0.8572942358551804
0.8573275793912609
0.9091398487233809
0.8981266043269721
0.9245378457740092
1.060322149978637
0.9508600122899243
0.9227129138307649
0.8481486788904734
0.8776275182493511
0.8220174367541828
0.8813012987717418
0.8665544157219509
0.906995985685329
0.9057641875149061
1.0227875660846308
1.0027340969626997
0.9569702246416931
0.9330136217332298
0.910094521860321
0.8920270870234389
0.9289981361437382
0.8863265982483838
0.9411454360048224
0.9240912978003764
1.019167510405011
0.9914273535854206
0.8941857561995801
0.8984237835399475
0.8311280531134387
0.8781642043244517
0.8341194235497809
0.8938364866851053
0.8811953046290277
0.8967865987203738
1.0578138808788042
0.9680780821163518
0.8954536344326154
0.8616038517659881
0.8298087002233783
0.8694020176784084
0.8532273830779609
0.9252336901530333
0.9032399908569307
0.9301026898676323
1.0728650988508606
0.9558969650343336
0.9468455578539043
0.8645509079924683
0.8894080890706418
0.836170509717178
0.8767380855778993
0.8667323554464241
0.892189327380782
0.8934061446079311
1.0292398618590213
1.0071066818613912
0.9672835350714786
0.9282526856214417
0.9250405233468627
0.8912847137280349
0.9372313589441025
0.89181869256823
0.945078237775294
0.923947333273573
1.0230740160734197
0.9828835063712008
0.8733415070295983
0.8805295002929505
0.8166991365123588
0.8604816632620984
0.8371849994440241
0.8868348919761211
0.8908752975331631
0.9093992816796856
1.0559564877762162
0.9704947717415278
0.8931936984122053
0.8740888394165639
0.8231419267112068
0.8755226071478878
0.8467882582436408
0.9272328415953658
0.8975215092522213
0.9248148812296718
1.0774747971847143
0.969743600437536
0.971409657217718
0.8868970137162818
0.9083990454240133
0.8655078454435081
0.8837200137361362
0.8823754691927651
0.8921873751921172
0.8995294972358412
1.086079903367335
0.9880030099684667
0.972354532361913
0.9326761763328743
0.8892403937719902
0.9054076297479018
0.873114834293327
0.9200720512299961
0.8853171661531497
0.9014527908774471
1.0770271918865189
0.993323027667738
0.971531475049707
0.8724392587660962
0.9081465813495285
0.8541721006136977
0.9056038935639292
0.8819792216542591
0.9078744955829525
0.9112676580411557
1.0474968261561324
0.9848994218098354
0.8915204481681505
0.8634419049665817
0.8598614067215016
0.8492920271288977
0.9001734949628021
0.8972490846172357
0.9598155174742399
0.9455555232674839
1.05347726477516
1.0136208532627033
0.9014116085042133
0.9086095524482718
0.8465978331525308
0.8776436316836758
0.870187707675181
0.8896744372899729
0.9099466391860866
0.9118194989437255
1.075264527877182
0.9981680400172627
0.9697916950356653
0.9344122683705284
0.8903936510927891
0.9201892023660981
0.8705825335439064
0.9315718957691765
0.8886688932248847
0.9059794216983181
1.0870627620465123
0.9853175766249569
0.9584484483930583
0.8682787680067835
0.8942645838513017
0.8566293047519625
0.902892855699642
0.9012452989406149
0.923079280191189
0.9282097511518616
1.058444340629
0.9754450869887109
0.901070430986478
0.8566720347211699
0.8679912822381327
0.8460885084887337
0.905845078412442
0.89507355247811
0.9601707549680882
0.9450529004326029
1.0534380101092775
1.0233729911191614
0.9220737364296439
0.9205482988496063
0.861520315011601
0.8780876623300378
0.8750326720808047
0.8809073490311023
0.899784586949271
0.9011624350001225
1.072120728566734
1.0005306093779447
0.941915419157065
0.9201018572163842
0.8697706692835306
0.9075668045443327
0.8573541556951016
0.926527755506653
0.8811943398059899
0.9017053284203385
1.0961244396266843
0.9762993908169099
0.9501688613575062
0.8713968004202242
0.8829834218636573
0.8646451222583427
0.8985345652168071
0.9190066459526279
0.9330294693803333
0.940619071318202
1.0444295485465258
0.9657526637379483
0.8830616479192599
0.8499646516877086
0.8360775101474123
0.8706317770766554
0.8817851762436802
0.9326527919405964
0.945891731256708
0.9754347966597999
1.061447345099617
0.9453143330580965
0.9040031268780869
0.852983122949221
0.848336085287588
0.8468666689477693
0.8680202904124596
0.9061168387101705
0.9179827620822637
0.9401337136120234
1.0382005675498591
0.9757628518308767
0.9424566222936837
0.8825889223099452
0.8832802881851795
0.8541780926159886
0.8991550449865326
0.8682616879684979
0.9318210733501979
0.9130483900229379
1.0260408747276426
0.9675246640635405
0.8750631200213939
0.8625786226041866
0.8272013805945492
0.8558658063870087
0.8613582691106983
0.9068105649478596
0.9299821751796539
0.9468885241244744
1.0445703994328925
0.9692433666529869
0.8771283299809399
0.8600429423062528
0.8295582085201573
0.8715622572425774
0.8786165647347501
0.9302295560230539
0.9457172982476283
0.9705143694263425
1.0638514589297252
0.9514280276826808
0.9171622248391892
0.8649365719884123
0.853015167631442
0.8518933752815301
0.8585016589602509
0.8972652677788556
0.8993688616966125
0.9196573774024969
1.0436288550055477
0.9783565859124654
0.9383064573590822
0.8748672660289508
0.8821091716595649
0.8472184403060355
0.8979748944631061
0.8712177367604367
0.9301553199695233
0.9113380421111299
1.0325516328117337
0.9597174737193206
0.8683153624150286
0.8528264825016227
0.8282997842073353
0.8537915403818345
0.8729641537700625
0.9111851723279185
0.9464387309505912
0.9646869027365147
1.044792208835483
0.9713792489319196
0.880652826263295
0.8653921166125265
0.8261672701804096
0.8676784325175262
0.8743958860350666
0.9230049468351901
0.9371621235125679
0.9601535060904987
1.0600537743325205
0.9642129867309627
0.9277889887003868
0.8765535695881905
0.8637570338736198
0.8641427908164782
0.8578919207160315
0.8961206253227897
0.8921305907214004
0.9125828440431442
0.9960327687854819
0.9316682038149358
0.8652748316096858
0.8480729333341803
0.7942784174332768
0.8307494738799295
0.8287722659539042
0.8682822904413607
0.8923395686704553
0.9100338929994161
1.0030315951370201
0.9181749712663703
0.8466733850892438
0.8018820559011883
0.7961762195282699
0.8257988706909766
0.8409486329721586
0.9005256748551923
0.9208751696919981
0.9638091453037378
1.0139686712776503
0.9110766066565623
0.8479537269739467
0.7976770048916134
0.8018944516012307
0.8161450760643888
0.8528028899009094
0.9003558515357021
0.9281165525524171
0.9653723763547223
1.00872811938026
0.910862434811253
0.8506506749229403
0.8023948982595347
0.8103025964329887
0.7919157545483956
0.8520796343759679
0.8553282296728153
0.9309614997685725
0.9314114260619064
0.9928315082287013
0.9315373790711519
0.8586265312299328
0.836258103982355
0.7962098420984101
0.8238663066184985
0.8299682890901585
0.8709668271040796
0.9014882727047879
0.9244236173208484
1.0044991398744931
0.9196073401376311
0.8380094314340217
0.8062692243612062
0.7900658852244802
0.8288263353798135
0.8460173412831693
0.9065101751470902
0.9301758010492801
0.9725938318669541
1.019530875514753
0.9055636620063556
0.8478864210415377
0.7996734025042552
0.7973940436241863
0.8169118495050414
0.8442957956373223
0.9020354175497469
0.923467787021628
0.9576553326063963
1.0091823384064145
0.9197501639267377
0.8697401279506504
0.8089284110180863
0.8200057905334914
0.7955378307526192
0.8535583570619303
0.8487998776421042
0.9183571785111714
0.9165099418676084
0.9988422784180331
0.9267783889398238
0.8411365653004964
0.8240322522464492
0.7951989666195479
0.8179712949352093
0.8355716892050777
0.8758191810743424
0.9178508275986341
0.9436544706670446
1.0056794395953645
0.9172572074334576
0.8361268636717727
0.810573001814478
0.783603939127718
0.8280283399616136
0.8470388430840402
0.9059130379543313
0.9302477444867117
0.9708342273186858
0.9594228607635286
0.8833115402507544
0.7891210122104564
0.761486217490124
0.7492101615580952
0.7566508225584465
0.8082418491419308
0.841934293349406
0.9192544081123035
0.9327348488039583
0.9727951426111623
0.8872044144971203
0.7882598913015716
0.7770129759190284
0.733733454662428
0.7877054313505156
0.7968731580604355
0.858697503580883
0.8957685688026875
0.93177554176093
0.9783546438401973
0.8674511149720278
0.8301543692187703
0.7739092504518715
0.7570644965038088
0.7760730827572433
0.7817214568221185
0.8567597724066024
0.8660774185277108
0.9161193179050336
0.9729702695753127
0.8801830187605937
0.8205994343924528
0.7488322396356158
0.769812913221237
0.7633765659164038
0.8314377773492544
0.8522030772049523
0.9170814769416604
0.9448399717597293
0.9675471282010362
0.876476745953498
0.7933868451163031
0.7550056548074201
0.7549161300815223
0.7518662259192488
0.8142330205501428
0.8363864680784141
0.9223909527891091
0.9353285626981059
0.9704196195326149
0.8924750861488685
0.7979917661748906
0.7838349409495616
0.7378779648128412
0.7828395589051302
0.7948823390174697
0.8501162689783087
0.8889644736778264
0.9262452209930968
0.977029170394679
0.8749894990944369
0.818342948435664
0.768507632938323
0.7512068624835062
0.7799157243231686
0.7836029723887907
0.8599696183951853
0.8693781652044326
0.9234127295855901
0.9813434204270143
0.8727249308844262
0.819714210794793
0.7548587927531172
0.7687397096732933
0.7654138111830114
0.8233989491498357
0.8590127411330142
0.9140655286235715
0.9420178405723048
0.970404885154282
0.8732107507782295
0.8009031629886877
0.7458746218242889
0.757292126926408
0.7521763713813127
0.820805224524423
0.8349584332886946
0.9232749861026884
0.9343436868662667
0.963740672179098
0.8998986798913178
0.8037964222037259
0.791687513286234
0.7472371037076717
0.7793975989003066
0.7912049555121278
0.8430454336937813
0.8857737456204834
0.9183314866595951
0.9457687766682
0.8481285805422872
0.7930479221926009
0.7290572843726396
0.735556864808504
0.7243607661635203
0.7918672730691311
0.7920870122232043
0.8965440362629361
0.9149419430361676
0.936777242275527
0.8596436209397165
0.7700308467443465
0.7415349284295366
0.7062908890188495
0.7330738222285837
0.7578987701244112
0.8253317983457094
0.8829662340772398
0.9176480586581706
0.948784353857155
0.8678507629488242
0.7736192386399031
0.7435867286145761
0.7164428141518794
0.7533327576101628
0.758612335095655
0.8282145424299897
0.8621786632861933
0.9304788976242946
0.9618264228350524
0.8397990278193804
0.7885841639904636
0.7354834909322892
0.7176671783744357
0.7330032531499419
0.7645983083656678
0.8394227028674613
0.8667195969861176
0.9257522281120624
0.9460158414584676
0.8542184779335447
0.795020619020714
0.7235387825287559
0.7356145632861835
0.7223491795764444
0.797308880333824
0.8006696402271054
0.8981161466963155
0.9136377912805873
0.9413798578482987
0.8625140295179498
0.7725709615596096
0.7417753552395088
0.713558717586564
0.731106787660242
0.7627438854408979
0.814837453064854
0.8821606212850629
0.9234920752178619
0.9505636116885835
0.8638417404408288
0.7738483286512491
0.7448797299796857
0.7098679576719255
0.7494485015955127
0.7629635201890906
0.8309757345069773
0.8697187867012891
0.9354771996190151
0.9560603368251555
0.8478066737558112
0.7882050108252724
0.7342529152325326
0.7203858696406855
0.740257394192122
0.7582328508286287
0.8353005342841425
0.8589967799551658
0.9194329347391096
0.9546112285463372
0.8520034610721715
0.7886218740829576
0.7258783934038436
0.7356369676818516
0.7198339546813218
0.7960253787020563
0.8122629747194379
0.9020925480690183
0.916958042016551
0.9451468155722907
0.8578817677600155
0.7804405910192311
0.7395536426030653
0.719069472970363
0.7319371497619742
0.7700180372026615
0.8046215980662675
0.8814136295593182
0.921795344935549
0.9370877546892337
0.8592446804152791
0.7934702113071609
0.7343940565025316
0.7241768242650356
0.7097327967672545
0.7630554986264397
0.7934069060525912
0.8550349420348797
0.914636634405014
0.9413683398285199
0.8341884089216464
0.7625380294404118
0.7189267128254394
0.7093467988027414
0.6967701359451749
0.7532372481781334
0.7749467666689827
0.8826793306779849
0.9158235810003716
0.9317716785007386
0.8400782544821296
0.7723269046603555
0.7315116420085505
0.6797730888372523
0.7209308823503404
0.7309167898976189
0.8126408760584154
0.8506713993886568
0.9130026851122229
0.9339128507229012
0.8522012818764778
0.7770246853840153
0.7208458095117829
0.7108629643430328
0.7228381073764217
0.7338887794087996
0.7997355691358566
0.8430218222643988
0.9292161580880135
0.9438795817960457
0.8480240374583087
0.788122904314724
0.7287754363168392
0.7133455891919409
0.708778393486195
0.7518312108395269
0.8008330573495357
0.8515250223991213
0.9139475115601876
0.9394920976812645
0.8375431629759167
0.7701303659005987
0.7138516551597598
0.7101090525097147
0.6960735470419586
0.760223470960614
0.7751844022593416
0.882111146886308
0.9076877480469455
0.9338625401554667
0.8473171239952076
0.7634776170304209
0.7305052868994122
0.6857751706760394
0.7191537515560992
0.7311916757912816
0.8069276735397757
0.8554105244966009
0.9242164415115652
0.9389480482125374
0.8519569743024366
0.7856911762774869
0.739288452917282
0.7101116618329258
0.7273480827671237
0.7378315959518998
0.805930450070366
0.8416343780436928
0.9219718291467366
0.9369169195572747
0.8431849950232058
0.7782425988416283
0.7175098038070471
0.7072676021594957
0.7126277527883248
0.7421664679213481
0.8052341988283448
0.8539204535630586
0.9179100292719605
0.9350221178456528
0.8457614000680322
0.7741614056015971
0.7136605787274755
0.7108594683920567
0.6933069476920198
0.7663414034827584
0.7805489685318299
0.880607619044026
0.9015169177985723
0.9324059332743161
0.8313128646838646
0.7784467619564444
0.714772772393606
0.7002605528393329
0.6960504178105811
0.7221362768159643
0.7826648618889807
0.8475075798930286
0.9298869415470717
0.9291202421493936
0.8661304649140261
0.7983865526727647
0.7382648887548527
0.7200680982964619
0.7111068422641154
0.7555285915294181
0.781371207646498
0.859326151961024
0.9083933307377382
0.9357310139184566
0.863647444054961
0.793600123940885
0.7663227368162716
0.7386950119857338
0.724973671515261
0.7487192568897802
0.7942996392334615
0.8661105616659228
0.9280420847161546
0.9380084699250831
0.8392195295047102
0.768471083599069
0.7279415710822368
0.6833110034625393
0.7166506622701115
0.7335045292814706
0.7965091784643835
0.8456979153581691
0.9275290621473216
0.9313687383401632
0.8409984583805027
0.7790198424312569
0.7137048549853812
0.7043264422390337
0.7010889571471592
0.7241475109815421
0.7811112104215794
0.8435253477221316
0.920703003416033
0.9330710289302502
0.8690034982334294
0.8084289327130778
0.757387415502814
0.7406252502646189
0.7258070398564548
0.7653733208854964
0.7911262220297964
0.8660719190947404
0.913995819024979
0.9346053473276712
0.8564330384847131
0.7895650906549799
0.7456149590248861
0.7218399131032205
0.7131436246027868
0.7471796400914
0.7836526231675909
0.8640404932103687
0.9184740246801335
0.9339209284900467
0.8466866010123225
0.7645623433051688
0.7285785886138308
0.6861282241615733
0.713083620797591
0.7256631604405723
0.7984684270488218
0.8488113275335931
0.9313881456860441
0.9393964870871763
0.847045575671703
0.7849962426846397
0.7291811459553311
0.7055661518829829
0.7042670818801685
0.7317573388385887
0.7879196580037358
0.8396101639712692
0.9121462030573024
0.9316670908273833
0.8610005689128352
0.8173285928328519
0.7644003209819827
0.7503066053040945
0.7388084456831862
0.7681600528676353
0.7961252490632352
0.871663469032957
0.9240135611047867
0.9343942879201855
0.8868482450368
0.8311422348506096
0.8059180128730408
0.7913827753730772
0.7760763298709031
0.7954078786113248
0.8372276855218267
0.899123827952813
0.9609896719936104
0.9387315384939935
0.8441042611430032
0.79155005033162
0.7465147088658903
0.7010618554956739
0.7084955421390726
0.7336033488136441
0.7988703631601639
0.840167442133076
0.9255305859880241
0.932003040138705
0.8451656191689949
0.7872961796254376
0.7231398076830371
0.7036407560552619
0.7096498998323861
0.7466085177166233
0.773178164699082
0.8583508767220533
0.9233414274726286
0.9310720682474168
0.8790679432750093
0.8222413620528211
0.7796142696005498
0.7611171023482749
0.7564419626343989
0.7632362632854705
0.8187156228014449
0.8726664258018303
0.948092612992652
0.9376920066013981
0.8724221349539569
0.8117599943706651
0.7839163564088262
0.7554128634998919
0.7473016933825011
0.7673653308337262
0.8047586435259598
0.8745151116626523
0.9403637996373195
0.9361086983566249
0.8456066035941534
0.7885781275014114
0.73675560313952
0.6998581216044747
0.7078735364560385
0.726973068926041
0.7947267823847866
0.8424579836799324
0.9254718239348102
0.9341436483566056
0.8557579173142309
0.7906245125331202
0.7365246180218765
0.7157376491761014
0.7115192258456041
0.7499442074663552
0.7815738432463717
0.8606704420934814
0.9177222957851561
0.9348585538537075
0.8818886970429393
0.8424686910502369
0.8076370114969947
0.7829273411459446
0.7825587785172226
0.7975511451796633
0.8409703254140866
0.8928214054495555
0.9608763869372887
0.926612471049529
0.8667330792170884
0.7996429760003901
0.7551882415719288
0.7260403021241729
0.7254160045659395
0.7492765639853541
0.7906436029917882
0.8610963067949098
0.9209587491352346
0.9314832211004455
0.8550169113135567
0.7782685585615827
0.7271505881275503
0.7041206527724062
0.7095840552557174
0.7273398711278741
0.7888071445324611
0.8418066281031952
0.9257629636223302
0.9338053297477548
0.8547106088675507
0.8026751695751589
0.74753108102935
0.7061320843992698
0.7215215422414872
0.7406208993067664
0.7830897623825547
0.8457827831951201
0.9078754268416509
0.9326564512903646
0.89374263151477
0.8487155259004453
0.8182113429033763
0.8054937435647193
0.8004441350282762
0.8036279585342088
0.8592085346191087
0.9089424197728372
0.9788724990520004
0.9366935503878827
0.8919636833480623
0.8504416895451481
0.8222095748469598
0.8009626353992331
0.8055427770667314
0.8191691399403339
0.8579823165025727
0.8999117089637619
0.9876838076745915
0.9373048710022849
0.852815866731925
0.7998956484633926
0.750319548914007
0.7338784403438007
0.7096918282339588
0.7420194115366048
0.7718937386248212
0.8589083651306345
0.9187908074841927
0.9331859013899054
0.8676495074783479
0.8136136989597036
0.7640921544769919
0.7292109555875083
0.7341812107487603
0.7517951454578672
0.7947652955479988
0.858867059685138
0.9261200739109188
0.9352760100879084
0.9059289199944991
0.8695940455821367
0.8551099739237643
0.8382851089301117
0.8388200573637752
0.8464828735924518
0.8965283304279567
0.9477156270870983
1.0140542242234847
0.9319761960487658
0.8797239438427553
0.832189922021138
0.7927623846351706
0.7639149029912413
0.7679364499295189
0.7748594204727018
0.8254303933117292
0.866220743369468
0.9465819391503004
0.9339331079484622
0.8589213149442126
0.798083060649697
0.7400984920170639
0.725983850075534
0.7051959770077458
0.7442576558554973
0.7722337585968421
0.8538170550284072
0.9076401040981813
0.938395268067769
0.8787986344592432
0.824232115486337
0.7938554415566798
0.7634405123062679
0.7581598290621028
0.7795600317609275
0.8134438627167003
0.8811739748094726
0.9423160269535592
0.9286441147262611
0.9012304043862598
0.8859462084108128
0.8632783201842332
0.8421498886646328
0.8578239721681945
0.869604599324734
0.9071121350576362
0.9611498901848596
1.0254415513935144
1.0591536427643995
0.9748971102528871
0.9405223665485927
0.8631663653627485
0.8790062584355236
0.8473355513831422
0.899523764092031
0.8782520535841659
0.9252879127486348
0.9230464249608515
1.0410670705264973
0.9769881760927164
0.8810302482972023
0.8630616346126844
0.840029044399699
0.8600315882428555
0.8862353868429884
0.9198743554162492
0.9582481730020465
0.9657736059430906
1.048733260012886
0.9805816277900953
0.8849248820357483
0.8666858587955603
0.8407901530085141
0.8760455312533587
0.8911410138601518
0.9292349675932496
0.9576511425337475
0.9728682868934154
1.0720118097911193
0.9632522153034359
0.9214741772811671
0.8801019279715488
0.8528472438470001
0.8689602761140681
0.8636639154918503
0.9191208101586605
0.9097205929409502
0.9290693802238282
1.0654119403294362
0.9765147284842299
0.9322474686799744
0.8544347101199722
0.8742582027181386
0.8461622618431054
0.9047056924352374
0.8941209962640502
0.93923769061377
0.9375706447398906
1.0441804073793972
0.9705786225356864
0.8832802370479745
0.8582363940886343
0.8452820628438514
0.8578934057191242
0.8911277128633118
0.9186202739039215
0.9633668768810005
0.9728341345331311
1.0512047918690401
0.9831038424492029
0.8888170385808285
0.8697757980920726
0.8397168789900019
0.8720129659109116
0.8911660272600858
0.9240162054251334
0.9534360290278193
0.9676780129139668
1.0708821042010057
0.9721586711829037
0.9234419046724381
0.8837547133160121
0.8549880204602044
0.8736315248873059
0.8584148815897568
0.9141908951278355
0.900406983735841
0.9200894568639055
1.072811722732431
0.9711973743149985
0.9240870668018757
0.8549527745273516
0.8703352148644581
0.8521861333424773
0.9077346763323412
0.9132445667070449
0.9542755461179051
0.9557720958320242
1.0474956510149185
0.9619894616696067
0.889463928418451
0.8519896841919238
0.8508482234560336
0.8564357429052452
0.8959751563165131
0.9182551517511623
0.9670850866756702
0.9769013693661028
1.0804210081108154
0.9766746463146689
0.9299761751878374
0.8642547443746628
0.884753410429437
0.8596120416243789
0.9111365635537039
0.9188891625420437
0.9502929938932682
0.960663006135973
1.0554086622421741
0.9940519428068317
0.9353520090177433
0.8889179438523579
0.8844758448671839
0.8505265105312257
0.9051549008469469
0.8661799608270826
0.921670167441812
0.9042228259656478
1.0523655365764746
1.0113273605892052
0.9181894676866789
0.9182757443660452
0.8470429375812892
0.8902975169420284
0.8546704846160107
0.9034678416258467
0.8959857302557545
0.9044318604752859
1.0781730855446396
0.9900888984161302
0.9116003510739271
0.8739312702485798
0.850501961904136
0.8889275591974328
0.8837117646183141
0.9457140735183037
0.9355125341561309
0.9597952756662239
1.0918003283163977
0.9706464155904124
0.9379591400535653
0.8673243622719139
0.8802854595443035
0.8610250140314462
0.8937171394802663
0.9149205263534355
0.931756633233526
0.943556561730652
1.0627048602629565
1.00079722028657
0.9576289056581015
0.8956676771354207
0.9022374824932955
0.8563915502009961
0.9155772659703451
0.866858467742273
0.9154768092149939
0.8984029624909909
1.054350333979527
1.0057777719631742
0.8983966070045064
0.9016121908881989
0.8411803625887975
0.8783781475246728
0.8622636126416623
0.9059383702055374
0.9130754074794495
0.9240745095877289
1.0729953966808112
0.9909427206297151
0.906124668685784
0.8818305093971562
0.8450081696203223
0.8936691550456861
0.8848825936925164
0.9487895294840337
0.9399333436352992
0.9608298825455991
1.1027825983016064
0.9750227662892278
0.9477609180945137
0.8740647925062167
0.8788558044060137
0.8639127192168542
0.8788079263668828
0.9047475896544624
0.9102299046190481
0.9210773973334939
1.0722184849073721
1.005654267037298
0.9643901647659772
0.8958021630376239
0.9102271594965318
0.8558360027990987
0.9198931659786113
0.8712209975863702
0.9123783960039935
0.8978894875822728
1.0747601196306638
0.9757591298903893
0.9827824282057638
0.8747829961161885
0.9079377387293532
0.8596955962830513
0.8853762744571664
0.8730522352077899
0.8909349967665388
0.8997414515709778
1.0360060292121873
0.9761913287006281
0.8895197449663134
0.849282648907159
0.8521118129795877
0.832098526390768
0.8947814009383365
0.8856572113027972
0.9538814262431996
0.9387132991838492
1.0270491843072547
0.9864195874543388
0.8694763506794339
0.868009775590871
0.8260888050553467
0.8527704033521731
0.8646827893596122
0.8865192898458601
0.9250686253974467
0.9299218890109835
1.0580809246858949
0.9912935032899446
0.9446262601539065
0.9351557085065907
0.8655781875221633
0.9106268255326593
0.858037309948846
0.9320446775665445
0.8820016378359045
0.8961422502738348
1.0804176602058198
0.9730425231583836
0.952043509008036
0.8564208403691971
0.87698315454714
0.8473773421875916
0.8714353663575529
0.8841822581525733
0.8943058616279358
0.9072091513988085
1.0452204253860127
0.9655222316967415
0.8953148314970206
0.8433179722850834
0.8593949320351745
0.8320776601941096
0.8999431325261921
0.8889047522718589
0.9562150202610166
0.9427954243828602
1.0334228580300864
0.9906258727594753
0.8875770909129095
0.8738835694506134
0.8360575619823628
0.846454484076737
0.8683564287385488
0.8731145636233114
0.9127191939061041
0.9142767605481931
1.0544981807909843
1.0018695143718503
0.940995057662087
0.9392713743356038
0.8703242585630427
0.9181013179948612
0.8574398820650256
0.9310806801343332
0.8844350513205861
0.9013789526920487
1.0833084312946684
0.9654714415691654
0.9321154232975708
0.8549462631968145
0.8586461692330537
0.8517256804966984
0.8701358293079124
0.9043440099814655
0.9092275740323893
0.923360881799426
1.0570270767995358
0.956506253068899
0.9063624093949864
0.8388126098212177
0.8665757417525722
0.8325320473923716
0.9000172933909669
0.888491946666066
0.9472079200609869
0.9400221892498913
1.03830392965929
0.9442372599413515
0.895448367857475
0.8395008145475475
0.8334940635157182
0.8337199175787594
0.8539298890573641
0.8940978566637204
0.9025123136043188
0.9235676010239957
1.0253390027511553
0.9575187224090949
0.9579258326743678
0.9006152485281856
0.9162262818067158
0.8682560439733833
0.9223970493971373
0.8843287168299716
0.9390453476996239
0.9318169024516867
1.001778303248488
0.9800597859313265
0.8978473046664793
0.8759279217737019
0.839377283187728
0.8422060642172039
0.8538408583665772
0.8630910284455414
0.9044068896029895
0.9021215454643579
1.0083851893702567
0.9531598301561222
0.849446860906582
0.8379457860035502
0.7989046642837161
0.8451387277107261
0.8328243012380465
0.8968171269259181
0.9041040193233177
0.9367510931671981
1.039849451886687
0.9505186475432598
0.9049830578021686
0.8649185052376964
0.8374590614164277
0.8490729762366994
0.8431618998444487
0.8975537324575811
0.8849734536375267
0.9070366960079603
1.0345352108406662
0.9668896730881259
0.9759847914121071
0.9035958055930481
0.9305956675695141
0.884081314454809
0.9275255950218021
0.8982693780606307
0.9437377833773405
0.9361633854996556
1.0078923075613417
0.9662150070844174
0.877503276284589
0.8533313202563251
0.8273514344541267
0.823194880468711
0.8523545991547372
0.8572525344143319
0.9111983456258446
0.9097212631306889
1.0096557468203615
0.9522998243483022
0.851803393909692
0.8407574551376453
0.7960677177712966
0.841316626109261
0.8375251069271503
0.8929577216924272
0.9058803645313379
0.9394179927139924
1.042922697914061
0.9634813059574973
0.9214529125536142
0.8928539437149839
0.8558236943762966
0.8755061167199678
0.8467541263548495
0.9109060392998062
0.8841267408457647
0.9094816084086264
1.0452657745746405
0.9656171287441127
0.9631181145756826
0.8869676089820135
0.9118342338198522
0.8596275127846609
0.9020448683667933
0.8835365950110963
0.9193393935054621
0.9135156524223018
0.9970562950242052
0.9568758263411751
0.9348553733617259
0.8977651101280242
0.8791881251377065
0.9121161916855234
0.8725793768174397
0.9342869081088664
0.9231058105078178
0.9553819293396165
1.0026832406997253
0.9297268104460363
0.8802016683922167
0.8115441650181346
0.8245557525566769
0.8067938470754827
0.847508181203107
0.8639291124657952
0.8984195845886203
0.9206939657800953
0.9852951301945532
0.9236675721295199
0.8617864464876119
0.8188717378755319
0.8234418171291854
0.7896193855786154
0.8490769105056613
0.8395040130891848
0.9164824474612383
0.9065594626039859
0.9807412328847199
0.9718311845411755
0.9265917469053164
0.940356308568092
0.8958324075917138
0.9130055134498076
0.9172794321038152
0.9291171605384537
0.9640869822364131
0.9782249291073797
0.9914959249187161
0.9474741675871485
0.8833317453288296
0.8562915806482705
0.826100523623803
0.8543699451948409
0.824861909317517
0.889401252640659
0.8806911495085084
0.9215788046640617
1.0077362087363047
0.9252578950455501
0.8755131884368749
0.815856327657929
0.8173325031045321
0.8105520822522934
0.837936774315222
0.8721472267927799
0.8964788390285336
0.9200088952022445
0.9978134034652291
0.9301095939551397
0.8897307761519334
0.8371035059237382
0.8480716352367609
0.8079959247964777
0.8632800334739383
0.8437968472515881
0.9155482702469347
0.9045334775877629
0.9862320376690363
0.9827554072507949
0.9436854906149824
0.9434864777816032
0.9179986844740835
0.9272689257565472
0.9375613363319856
0.9459756971385874
0.9858635785993426
0.9951900620469443
0.9929750228598637
0.935792277946088
0.8606951366850208
0.8393147365029399
0.79725162790141
0.833104628967156
0.8153198851848232
0.8795524631001707
0.8762520860587161
0.9234681141483703
1.0136417878203736
0.9194693396285809
0.8746557408002285
0.8232422887503817
0.8094002794633908
0.8151551711277122
0.826249177845617
0.8800137120991204
0.888330008470966
0.9192548033155876
0.9549056508356154
0.9299126180103399
0.83094090501142
0.8370563601286873
0.7915469627141726
0.8093850266804492
0.7989463205236914
0.8509060976460721
0.8769152508046789
0.9057068788008273
0.9784551930289737
0.9502938884703429
0.9392773960202911
0.9532570886568169
0.9190206514089903
0.9532627807085909
0.9484841650600906
1.0016382093320382
0.9802224733741585
1.0326024793599076
0.9822722123862143
0.9391499674348327
0.9266583384102736
0.86048452406924
0.8887187176937165
0.8584772055579123
0.882988732665223
0.8917148157700088
0.9342630140228808
0.9496927405874668
0.9603725897922041
0.9204888508453455
0.8483789965004481
0.8032482703704481
0.8041401801491914
0.7772390431136532
0.8320089410162369
0.8236991745963205
0.9088309754612428
0.9005759472074744
0.9598830056246023
0.9381155985306779
0.8578310977005935
0.8643192611207864
0.8204709999133332
0.830534624972057
0.8325688295872763
0.8619856557142367
0.8994451509532759
0.9241186628555242
0.9777416288089369
0.9662649253782379
0.9703572652633052
0.9760672243953146
0.9548278117472488
1.0063985943557434
0.9871286312664822
1.0492742335828285
1.0371074826666786
1.079558071337346
0.9884910378676867
0.9266108438221584
0.9010647497458152
0.8378713424611183
0.8514610529474459
0.8251800569145007
0.8484955691894764
0.8666308026260474
0.8987979434154758
0.9196360958285257
0.9723057794011493
0.9113775967737734
0.8525418906221042
0.8004687252590595
0.8070149405221873
0.7748692339865342
0.833008804287769
0.8192148656957687
0.9070388499683825
0.8972020232872965
0.9680401431455887
0.9521895520538732
0.8955674396101913
0.893954590692021
0.862236610929407
0.869672356153119
0.8825250273530866
0.8964387363587721
0.9419668775296466
0.9578854903612262
0.9792700587715262
0.9660341585918589
0.9360139433215222
0.9439119112465597
0.9152094182219029
0.9507616955151168
0.9274121835570573
0.993208761280468
0.9822411580445876
1.0227499235877986
0.9407592875902298
0.9602989640034101
0.9176538297843564
0.9009051956598603
0.9125539155842911
0.9120246109284948
0.9345118093839162
0.9399017433342204
1.0151555824266016
1.0059898360781798
0.9389154863638829
0.9268292741786321
0.8379136812091
0.8380071603995656
0.7991945447505043
0.8202871778627796
0.7926175895598883
0.867055768700501
0.8755613005886497
0.9157083756477878
0.962342807020609
0.9181143822705983
0.8639282255581773
0.8396579208001015
0.8197291476883579
0.829890801541477
0.8177649786481636
0.885037276919557
0.8690621096091408
0.9258698671740577
0.9656256166744515
0.9408779018842635
0.9486078376244342
0.9351350843837399
0.9591090587393366
0.9282402413994227
0.9860342382665764
0.9893167865394816
1.0312554962844998
1.0474695151038018
0.9436981471509486
0.9404449244348112
0.8879218150231174
0.856792212994902
0.859207150088865
0.8401824162875638
0.8818242290690868
0.870441083879787
0.9560750922255015
0.9451347565311496
0.9437977027816812
0.9234795397727615
0.83908036301069
0.8380877022294383
0.7921336815821842
0.8144050652782073
0.7995512649357581
0.8556891355200219
0.8773879564455376
0.9209073195993434
0.9673552225945392
0.9266699268597293
0.8826598838407208
0.8709040904605144
0.8414670755171134
0.8655932578738679
0.8417497151468307
0.9148071231102526
0.8984948563205525
0.9503094714533955
0.9747665960581477
0.9598473381332422
0.9705928342001836
0.9433618421815374
0.9801421961235337
0.965242864356611
1.0024344578264484
1.0140269324038154
1.0552404701118887
1.0724118113933783
0.9549123385328088
0.9210063912617475
0.8699478468214754
0.8330409092612887
0.8337001779099541
0.8052692753815507
0.8563807276986886
0.8359458585758844
0.9324022159618539
0.9186490694643127
0.9505593290300371
0.9202312597778243
0.8472726066378248
0.835511720389499
0.7898043782310031
0.8115170408347132
0.8119091802443017
0.8473022234534417
0.8836356911871569
0.9207107899071864
0.9365526407851404
0.9118199026215349
0.8610766982957571
0.8258882216681869
0.8390739096639486
0.7900755602441756
0.8547523534879239
0.848317214548526
0.9276130108732958
0.9308515816169842
0.9331923853636043
0.9335037650510688
0.8765233702540369
0.8855505210596359
0.8711871832514032
0.864632631143665
0.8903128790162692
0.912516659269522
0.9758915404194134
0.9884237907094107
0.9349604218196745
0.9511106800600818
0.9003647936551001
0.9110354958177466
0.9008140669865369
0.9232638891811086
0.8963484666286586
0.9832158978004848
0.9751626066662994
1.0224499679271806
0.9491817990951158
0.9183717978950002
0.87600274523379
0.8342129191976889
0.8407807221943985
0.8318747058389157
0.8353359816225618
0.88635356813142
0.8928690474207784
0.9441906937548086
0.9479586551194675
0.9103875062425926
0.8769032914468406
0.8378758071517701
0.84989671628536
0.8090427244136845
0.8663745135147866
0.8611854770820394
0.9312606606759595
0.938480010375869
0.9374674268061177
0.9425125772264638
0.9036771886771362
0.9068013273216475
0.8997268367994246
0.8976373831434279
0.9302166037537943
0.9418613974323817
1.012001286618554
1.0187648028528224
0.9391058991671672
0.9413304660351725
0.8929141310725357
0.8984565445158251
0.8682990655806931
0.9006456334639835
0.8782706100513457
0.9498922680618831
0.9504626524432213
1.0055514691390244
0.9567666963247042
0.9073603246301201
0.8686811623208033
0.8342669685258219
0.819902493388004
0.8257779716281137
0.8179913520826647
0.8818020618799866
0.8827400611826519
0.9324013560107439
0.9595074213827958
0.9136611208204334
0.8915681335296883
0.847481810780158
0.862804870846848
0.83477069243279
0.8781326099139605
0.8755314715943026
0.9394577504401832
0.951301336818986
0.9451072507830207
0.9452494672476943
0.9160425353580047
0.9119665879999023
0.9124563870241232
0.9100184062504925
0.9495999838539777
0.9451894702204656
1.028454644789701
1.0291768104655672
0.9395037126203102
0.9170936874929214
0.8950352112007754
0.8690197008946324
0.8792631710772214
0.8460894797916751
0.9000398057313169
0.911608497703344
0.9439413603117417
0.985676725826535
0.9249186825663105
0.9307378650090548
0.895991932997089
0.8727943084853498
0.8947954804021879
0.8706103803375572
0.9140219918128751
0.9198555007953402
1.008598550554546
1.0053591616432116
0.927388642098307
0.909772753871347
0.8365074677344586
0.8249284664008341
0.7981733207398819
0.8028091598923339
0.8027044618538938
0.8566407755572145
0.9004425505216463
0.9374604061681053
0.9387068178605343
0.9060808020837233
0.8437667846758028
0.8310410657381744
0.8068890154014529
0.8229829414034128
0.8001977686529479
0.8783902951631724
0.874594137900236
0.9459596158521155
0.9421245615660165
0.9369235730542639
0.930513644264827
0.915954720506688
0.9345897632389675
0.9225064838901761
0.9588872485600852
0.9866993356041807
1.012461185111294
1.0497517572486494
0.9344715089699231
0.9174355591651728
0.8819293986359988
0.8490810702936462
0.8606616255009418
0.8350850756618158
0.8845083445414235
0.8792237752149062
0.9682533677197291
0.9689668499194583
0.9371351075350799
0.9039608557350463
0.8385811201712516
0.8212179204116888
0.7894202368996863
0.7937532595786436
0.8044021152640399
0.8423329909076788
0.8963556317435124
0.9357339857546995
0.9439222589463172
0.913637700539142
0.8642143352334483
0.8534930155964513
0.8193727636988861
0.8450176311175568
0.822872108422704
0.8972288118140713
0.8954111211866074
0.9634090936850956
0.9505288370393223
0.9358567152297521
0.9327988685538302
0.9163527381735569
0.9302334482566778
0.9307424281779438
0.9480790997313058
0.9905498700058157
1.015777693823811
1.0520749487600054
0.9449177014040161
0.9017080693283496
0.8681615873896245
0.8273133708617618
0.8359953035468675
0.8084407581678303
0.8583704202525674
0.8476725446569687
0.9388901208871984
0.9423659080659792
0.9359900050217705
0.8932189841141688
0.8306678648335125
0.7848820970863344
0.7854742389589934
0.7838448014660582
0.7710129997013679
0.8414502600145006
0.855614128390708
0.9230204148992611
0.9392022459992347
0.8824861025090832
0.8274256616498075
0.7747785440184584
0.7717193346339943
0.7372553689846055
0.7928698052665449
0.8056176364602794
0.8640019492736355
0.8995142144255862
0.9255240893369637
0.9102989267772577
0.8804110973495927
0.8825372279709189
0.8682801414341608
0.8462743351564912
0.896120851614392
0.8935631973566459
0.9841049389370128
0.9903221105239345
0.925220673317755
0.9228082586547025
0.8890665726143026
0.8701121186337518
0.847777774089887
0.8776666438237181
0.8650255337165977
0.9251373099641849
0.9487440651255745
0.995430070869387
0.9402061029954123
0.8864644581712313
0.8140238849084072
0.7769810397200277
0.7566456849474839
0.769578604413346
0.7550105268038453
0.8321815623968323
0.8401959679845494
0.9120140770040076
0.9444520796678431
0.888592724232242
0.8441875012637435
0.7961031155296748
0.7889939439622556
0.7633151308984246
0.8023083648696117
0.8226669323194779
0.8712458218960751
0.9035184314608029
0.9332577064525046
0.9279437380338353
0.9264119805016994
0.9222384518294185
0.9271598141614894
0.9185537920577649
0.9689197596263741
0.9674145444622508
1.0569004980097638
1.0552600559197751
0.9358005198704366
0.9085868164708648
0.8529111336309402
0.8356277947603812
0.8016428469071819
0.8192077404810109
0.8154656440492848
0.8642890199170943
0.9003579784456672
0.9542845848385787
0.9467830699630546
0.880363992923548
0.8155610562748797
0.7806548211093367
0.7425515645897607
0.7651917470174863
0.7529648776729784
0.8325390222318122
0.8384516700141219
0.9082589782756733
0.9517078832561885
0.8971865280436897
0.8641657823064922
0.8195816968320685
0.8153883491647658
0.80033421719718
0.8189188448636937
0.8498229236218096
0.8891492657348644
0.9257564877287919
1.0813699753446724
1.0067939601455853
0.9931969223807786
0.9499794461989826
0.9358501126416868
0.9280167350351644
0.9113309233549203
0.9441145496818109
0.9255225978892176
0.9388497177925443
1.0740406175879822
0.9951230172150558
0.9852436831287881
0.91815436755293
0.9345567385509052
0.8866314810151352
0.9174969000092014
0.9008505561874289
0.9248160774514027
0.9273590341338943
1.0465733983360572
1.039973449094064
0.9983215615456056
0.9804915720351164
0.9742915901976581
0.952877711214854
0.9787016370734696
0.9528874214234951
0.9965279318815259
0.9811516676974128
1.0469149873398746
1.0579085972381963
1.0093450622863134
1.0334050906416994
0.9874605575417733
1.021415393348043
0.99442035439528
1.025073113522419
1.014786501796597
1.0276602256267315
1.0720878134752967
1.0054304881179779
0.9708937363494136
0.938625056636968
0.9065776753135089
0.9186049320001897
0.8899108059824489
0.9349711364999559
0.9084822938748793
0.9297672954346081
1.0806416012694149
1.0017203173785865
0.9947045671060197
0.9307492860838306
0.943271057693149
0.9013349509249584
0.9211966994607573
0.9136037199183338
0.9268188102245735
0.931058135054281
1.0484389996791006
1.0516953947297938
1.0282590606608155
1.017568282469476
1.025277871496079
1.0026778012813928
1.036790533043392
1.0099558083207307
1.0569092704435723
1.0392385336802779
1.0381356534342516
1.0481253251229252
0.9797761913191388
0.9941105988349913
0.9461152247782402
0.9689590911496528
0.9431472154289752
0.9667788139713047
0.9637219010242598
0.9777623670606134
1.0616177682780203
1.0131262039843616
0.9556132202470969
0.9372947844467321
0.8963499611901662
0.9187280615621944
0.8835681451964756
0.9358696086657273
0.9049204339939393
0.9293247767558928
1.07950383310146
1.0114579967378916
1.0014930049438946
0.9477919988296729
0.9555825726323018
0.9199627765236282
0.9309353388534931
0.932130383766833
0.9342254560066071
0.9430594026685474
1.127086040739267
1.0553801873668929
1.075551439178093
1.0003543251444238
1.0216422709326536
0.9705815946372413
0.9827839707006147
0.9658150254566764
0.962520574873528
0.964823479777334
1.0889719440267729
1.0826972949376246
1.0594395749295509
1.0356378359175384
1.0456995626949275
1.008637337425426
1.040999638101054
1.0015635755679158
1.0218851680277468
1.0108463881475689
1.076785787713602
1.068959856773319
0.9814645155031861
0.9906799547398496
0.9294184933298889
0.94051735461402
0.918289031119543
0.9208710678028663
0.9243300275414921
0.9208371022703397
1.1011921245090615
1.0570620177360786
0.9954644354791483
0.9932315568577714
0.9257096425968362
0.9653292364502344
0.9024978417769685
0.939947567905095
0.90536440679725
0.9175990049647015
1.1338014296301049
1.075241618175542
1.1008609851059274
1.0499509339969506
1.0637008885848545
1.0419267388054785
1.0397118606986209
1.0406347596407917
1.0327382501227476
1.0369917177749368
1.0923093482762514
1.0697860236424284
1.0471222286835429
1.0060498575739056
1.0206630885582237
0.9707373689939146
1.010924434124505
0.960512501611683
0.9791332452754741
0.9725273625801681
1.072680346241658
1.0668136597790199
0.9753659971881653
0.9765489772976327
0.9265751858138415
0.9248816052848031
0.9155875907915398
0.9091692631117905
0.9207273252388317
0.9162225096318724
1.0915258709317297
1.0717365006027333
0.997322656302046
1.012984573239068
0.9405705677078413
0.98153985948022
0.9187480861404052
0.9495703884440393
0.9215149568662659
0.9320602495779372
1.1254643022907034
1.0876849606514305
1.0979518790882916
1.0664276689268255
1.0761862553554982
1.0647569995768007
1.0557331850668703
1.0675941612572801
1.0567299125461054
1.0603428759011873
1.094158760455541
1.0608330939131998
1.0357434721887553
0.9772114385396504
1.0028845878829054
0.9378828598790775
0.977979705628491
0.9301476422728673
0.9455344985177055
0.9388894113622468
1.0454335242635686
0.9707915931419143
0.9597212456165998
0.9026731164114415
0.9130146980057663
0.8765524040777415
0.8995583759825525
0.9013782331372883
0.9224480522888138
0.9365933077142142
1.0240470012674125
0.9782821935713838
0.9392245506003369
0.9008814409774918
0.9003821434245389
0.875682330925261
0.906018758024234
0.8884368881266261
0.942641768161701
0.9388645469972109
1.0174430800488543
1.0235269398826163
0.9804530641506632
0.990249355635487
0.957918955082187
0.9757951371249679
0.9723226114724083
0.9915745431448888
1.0048946771558005
1.0146144660769987
1.0343417898208085
1.007451181769346
0.9814728714399179
0.9742959422032729
0.946858313510051
0.9724330570785151
0.9498642599078511
0.9942235700099886
0.9772334657015942
0.9995369461443518
1.0458656412033212
0.9688420067974276
0.952398877193074
0.8943443362925059
0.8971099896340319
0.8714714388032767
0.88588539191235
0.8965484945819987
0.9116173914115094
0.9275828211412429
1.0300224305332688
0.9862079751107554
0.957264386463062
0.916798749422324
0.9259219455748967
0.8937458324722681
0.9280602281171402
0.9062467705942442
0.9599206861853953
0.9527668106786965
1.01419594816419
1.0370067445230777
0.9973697708463548
1.015387617214928
0.9962736918120751
1.0108572638777114
1.0170977962058363
1.0287011983337753
1.0533934467295554
1.0601968704129814
1.023903159328003
1.0001840728929017
0.952777612391845
0.9449296139832856
0.9090274920544378
0.9333130739911875
0.9046369477351399
0.9522780522095203
0.936027649493273
0.962326282661366
1.0417696769076712
0.9755858562316082
0.9465233362537906
0.8952040647135204
0.8918531631018534
0.8749784606775556
0.8817206621235785
0.9026763024417127
0.9085169441693245
0.9267083430012578
1.0287099592102904
0.9942104732566098
0.9729403543142271
0.9390081526688836
0.9529151971547197
0.9132750597438926
0.953363505183136
0.9343689948156263
0.978526510337306
0.9720828324106995
0.9724733213239773
0.9443964103961505
0.9255983602403158
0.9110936794381289
0.9055694172995511
0.9096246279692968
0.9140884378856114
0.9545764315049114
0.972664645726743
1.0180071972590568
0.9741800051574203
0.9369501271876471
0.923976132606485
0.901317956377308
0.8988035164402154
0.8897734446154861
0.9147844220056776
0.9385602014953408
0.9734807027163349
1.0058118892304053
0.9689245271850825
0.9171832700476105
0.872328633275686
0.8424694627195262
0.8236093861619894
0.827222160623271
0.8457229120584683
0.8594004869661672
0.9100064569321245
0.9444841049060547
0.9680595004151187
0.9264058292181611
0.88622983907858
0.8602882607959953
0.838079971305884
0.8490403037404166
0.8593703594267744
0.883816077862695
0.9199107822580638
0.9613046237056515
0.9717302416576107
0.9661148638306228
0.9548487363596624
0.9543054654010357
0.9546982744579082
0.971705727972099
0.9756151270423141
1.0151191605783232
1.0371209303879843
1.0818597376979753
0.972570741866735
0.9292374103986798
0.9045928708709644
0.8740008321151939
0.8704719723810997
0.8587321230307954
0.8812484786730576
0.9024274970270919
0.9407061463413903
0.9717277105880645
0.9677271608449994
0.9192571714045874
0.8710095134670295
0.8417810738299313
0.8263650772512062
0.8242734391499861
0.8451490868582073
0.8624062771615869
0.9125797461413349
0.9456481915095187
0.9667847652282452
0.9402872702781456
0.8943283458326229
0.8826908349633881
0.8635063232098826
0.8673295118742326
0.8787890323538738
0.9038296625496748
0.9429542022542995
0.9803082993715804
0.9657966682568048
0.9651317922956567
0.9428131444449873
0.9391986785983392
0.9366013897164602
0.9497824640307537
0.9541245979536636
0.9956684221395126
1.0152397592710478
1.0594656721563787
0.964087895003241
0.929327447939823
0.8876240685880947
0.8474113013797989
0.8486410914050415
0.8368566463506663
0.856642266597693
0.8783912453106629
0.9155249041546172
0.9494116468972873
0.9409048782430016
0.889264555183201
0.851968013117251
0.8249380264311116
0.798220839993361
0.8071574116131671
0.8255199460025722
0.8602185092689635
0.9040491309768639
0.9579217589924992
0.9397563526327749
0.8861359310497374
0.8519569848044574
0.823055955791273
0.7884027838549867
0.7971856012894084
0.8013821098013203
0.8603269330577892
0.8878400091972182
0.9513514168241237
0.9409641172564192
0.926490036898714
0.9123956802563108
0.8884222537973889
0.8936043157077905
0.9000433811096086
0.9218769485942728
0.9470873222047755
0.9918567942272047
1.0513514087833082
0.9407434057512207
0.9114142600504325
0.8828001413049954
0.8696856526950496
0.8631625205974361
0.8563735077308015
0.8790769810566659
0.9038121480510056
0.9701802838279969
1.010491060015358
0.939862852108126
0.8877790976392201
0.8451979220955421
0.8147733817687592
0.7898545956932909
0.7994614607454897
0.815336263275698
0.8429543284951998
0.9000657878116747
0.959705277379511
0.9412938710025591
0.8995802245218268
0.8628372970539475
0.8412264036198528
0.8135777984898451
0.8246135054894774
0.824975847710429
0.8786975565018463
0.9094354073805148
0.9804441913034433
0.9407895254651029
0.9380785155235432
0.9280491003130584
0.9158154652764957
0.9238461125201635
0.9319933572447834
0.9549367971195013
0.9855736293422728
1.0288150327758474
1.0793498903478602
0.9354598417079536
0.9072574205552845
0.8646773541916192
0.8369234181065781
0.8281261187473375
0.820726418054156
0.845390783767967
0.8671179678844676
0.9312935955709238
0.9723506400010149
0.9366631307674617
0.89564327199064
0.8394954259123747
0.8135738244874563
0.7945519480880089
0.7866444831865952
0.8100166317004914
0.8403174088351362
0.9034507669668733
0.9491245347015445
0.9381126228221103
0.9134108859873812
0.8732819616870641
0.8650361278419157
0.8432757322899618
0.8548691532837673
0.8616984286347293
0.907188367767515
0.9371764909203447
1.0098229297039687
0.9363229447055958
0.9176066464448004
0.9029994017430516
0.8805478061354586
0.8628187502617316
0.8618204464510809
0.8939307034537672
0.9244365694498637
0.9896886609674467
1.032011832145223
0.9407068595111288
0.9122761211521337
0.8847368772996119
0.8626839105018361
0.842004120832056
0.8588025147188596
0.8624502575169641
0.9047163938157591
0.9514518539626415
1.0184272300995798
0.9382853768801012
0.880380601120899
0.8503013636671598
0.813450561845126
0.7753324891902001
0.7727822906112237
0.7796005225741615
0.8440183476331863
0.8755494577664352
0.9541975968605232
0.9343983000068788
0.8969392793862684
0.8622936816487824
0.820827811045036
0.8126224729591704
0.8011481924417452
0.8184991872244652
0.8423004704214092
0.9103879632982814
0.9747809907096024
0.9388398344232296
0.9335607566770779
0.9231013057612195
0.9204925725981089
0.9104858642173795
0.9128720183761694
0.9478439872827656
0.974015701045366
1.0474338589180956
1.0816963288504846
0.9408639537071678
0.9064363767607527
0.8700317857098986
0.8421660440823743
0.8142509657658416
0.8241888667217121
0.8312260658664351
0.8717111274285934
0.9233503839422608
1.0003557318999987
0.938036622339467
0.8869038243902785
0.843534082505802
0.8060944005521089
0.7735658515384105
0.7750585037360426
0.7732514940788774
0.8373674575474607
0.8701878206172579
0.9577169135985427
0.937639823430198
0.9085649628756469
0.8745428945150713
0.8445172250754407
0.8336692036575885
0.8205076220037356
0.843167285801767
0.8746570646385766
0.9310208105060884
0.9874271032228092
0.9347804938872598
0.9321664818813598
0.9043135620246532
0.8874261690905334
0.8860544505021338
0.8830413643363693
0.913787181212707
0.9319808218337673
1.010535657853795
1.0485059777253833
0.9295783684012667
0.9051432542217053
0.8568137765444063
0.8302181367847419
0.8028340874964818
0.7971448198264179
0.8074138339861072
0.854088390847243
0.9140123188282188
0.9785603225879318
0.9528811307098395
0.9070995337284998
0.8680266846390403
0.8335592266127888
0.8099153272107675
0.7945265004087538
0.8076922775272035
0.824119552981289
0.9202032325907495
0.9880798081444553
0.9529285592939383
0.9162569898702493
0.9024759382944443
0.8545978372338627
0.8207248967763343
0.8208537703079241
0.8398406383519964
0.870803945893836
0.9371267107750495
0.9994325585658721
0.9494049317388364
0.9405275630607873
0.9283565225576152
0.9088618528162121
0.9071642806866453
0.9103310228847236
0.903590580741942
0.9653056557803048
1.012929594225969
1.0955477575384807
0.9496106805961438
0.9201695965123841
0.8943689937244994
0.8673398449653685
0.8373836987689669
0.8242222759118114
0.8450500358683987
0.8902397645132736
0.9387417656637639
1.0110980695742282
0.9515649358199731
0.9116310989992629
0.8701811529605104
0.831210789409031
0.8091640626260728
0.7926000893700758
0.8102724436515384
0.8240472437118338
0.916894551270068
0.9777263129362028
0.954816334313314
0.9300942143780815
0.9093988009232076
0.8762929524984269
0.8492217483259743
0.8463621538250853
0.8669767379808931
0.8965186087504367
0.9709129359792009
1.028166541928312
0.9562402024712899
0.9462735736442334
0.9298572144759782
0.9131191805811485
0.9009114664985503
0.9064089907056315
0.9087676460633918
0.9673710485432698
1.0099952319645307
1.0984915298092346
0.9440019853903588
0.9208460255801406
0.8805953491626313
0.84476656721909
0.8230034822120964
0.8066309929002851
0.8141642009237281
0.8637908296428422
0.9137483239924343
0.9911914122160264
0.9501837865220766
0.9217029209982401
0.8733472417083443
0.8369263863873532
0.8129168955674378
0.7906135504732154
0.8182311320433608
0.8375104406339223
0.9159439989904322
0.9717870363921629
0.9574118246655567
0.9366504289437948
0.9109475368719618
0.8996589163265534
0.8831875953524195
0.8725812053426567
0.8985923799845547
0.9246779325692773
1.0063526213857443
1.0576379113131373
0.9630701624584322
0.9651195206728813
0.9441441207793833
0.9144152007700194
0.8984014077652875
0.9041554289739405
0.9173662976700148
0.9400534684169383
1.0078333905482977
1.1001595460474514
0.9729907023348039
0.9416886411925284
0.918446532337738
0.8990948093333578
0.8717196907002954
0.8525946750056914
0.8622953107285313
0.895945151218806
0.9820077790166745
1.0506653582326613
0.9723605524961313
0.9374516192843272
0.9244710907379937
0.8806445754976282
0.8404710990836446
0.8437053367158527
0.8539380768772857
0.8898730682765904
0.944516661109843
1.0364697488564247
0.9617040940890621
0.9431773411264069
0.9200471152439196
0.890256126570172
0.8641964026936075
0.8538675986022507
0.8482821267475796
0.9032033077500973
0.9628684435529529
1.0544221708798862
0.9684614287075158
0.9622261044451265
0.9388532914986685
0.9130228119558604
0.890863388246
0.889834225214631
0.9074951207384754
0.9320330539925283
0.9983020733365484
1.0795419094770586
0.977478143050783
0.944170560963123
0.9127066059475523
0.8833192062627592
0.8559726021967425
0.8391992722705768
0.8494374598744339
0.8759702310942955
0.9620615953119116
1.0327731330110732
0.9781165176894214
0.9475478753620559
0.9213031912670723
0.8874680143248556
0.8517455714232631
0.8453616407066933
0.8531689211477745
0.8949213804920444
0.9557486416852955
1.041849069386094
0.9731400958269809
0.9554024533601524
0.9262082404609456
0.9026690702857463
0.8788892052525817
0.8725813016570829
0.8728090879470344
0.9223684913236692
0.975441229237772
1.066928245967959
0.9653784640236823
0.9600722412547906
0.9279391199242265
0.901263384108476
0.8857863861538641
0.8724265774222612
0.8801855219855279
0.9173528684745202
0.9845300561743461
1.0608321692396527
0.9657388698870923
0.9536327375889269
0.9108612283367571
0.8721513520023141
0.8473842476629453
0.8269631533607339
0.8462827312173823
0.8706799650606583
0.9497664308491442
1.0173360452998124
0.9830400589933255
0.9557118472423936
0.9464853926880428
0.9257968320113878
0.8860420206306636
0.8706321798234072
0.880823416561084
0.9282509402865099
0.9969362062584562
1.077524869600127
0.9785271094182895
0.970138891391152
0.9603192622448699
0.918726571762229
0.9072587373220434
0.9121918190639706
0.9146720764114495
0.941515970149237
1.0151161868712175
1.1113410336360028
0.9806794330123252
0.9753653553277638
0.9664140789392553
0.9446845842176985
0.9127188711125526
0.9079447251406724
0.9260311169061821
0.9665071710072669
1.0287308997678644
1.1091324441203427
0.988332118995595
0.9696122934612059
0.9481713238877193
0.9193208583309281
0.8883604906211727
0.8954720760861012
0.895225979990515
0.9248129649408823
0.9903489500947243
1.0938787111962525
0.9845228602324708
0.9602255127941435
0.9479269841783587
0.9189477397459569
0.888241695268913
0.8759787524005046
0.8787307881092168
0.9251751985453734
0.9954647725281731
1.0811827452610365
0.9812831439158578
0.9791447062588805
0.9652161469744432
0.9326212876912452
0.919292180211351
0.9144510066846386
0.9264521570075203
0.958220886510899
1.0278171272271195
1.1101489769091355
0.9924117029148531
0.9814256437161083
0.9631185156671508
0.9417449305364695
0.9145334378319644
0.9035782496766569
0.9222414573461949
0.9576465685200618
1.0236427345609989
1.097784729291239
0.9878453415238286
0.9754304608672543
0.9474881382746064
0.9213259893058346
0.8913615847892565
0.8867790640723413
0.8889742705080752
0.9291159341497499
0.99154448484919
1.0805467154242794
0.9909564726267779
0.9724753134404377
0.9418883292445053
0.9163332619081653
0.8950346052402253
0.8829957202537373
0.884582869682292
0.9286248660453795
0.9923925393144449
1.0826885082236233
0.9900511543718823
0.9782372480557362
0.9636703804485935
0.9450945300716544
0.9276788978368197
0.9088608267702519
0.9243848548709377
0.9690564173335731
1.0345683914192785
1.1087477144597833
0.9825490938835411
0.9830037797120762
0.9513662972173026
0.941061747293034
0.9352558952656166
0.9161397605355678
0.9181172921768994
0.9651476147497208
1.0351040302239458
1.1264593288811495
0.9884234190754206
0.9755915806837544
0.9650490639753143
0.9485151335631737
0.9258850523542118
0.9154435150631579
0.9441513024915923
0.9886742336154253
1.0434898240642538
1.1319828577620765
0.987432439244797
0.9739120703107881
0.9693429459265008
0.9364392168678323
0.9270936596731885
0.9213150555066763
0.9200739870740462
0.9570814092612004
1.0438763216369227
1.1334537700500809
0.9815990518298732
0.9847812532027854
0.9739834089836621
0.9478097679590062
0.9256052210692766
0.9201240122551458
0.9473329539654453
0.9703070728372872
1.0335111561107213
1.1228243370913942
0.9897237865256034
0.9869474937438688
0.9588560399331542
0.9489073390923752
0.9287351905833857
0.9256815440516147
0.9273083553743715
0.965139475837978
1.0336681308218445
1.1289630426301231
0.9974008977566607
0.980555867017562
0.9725365845988028
0.9567879816486158
0.9343799505944334
0.924827248882797
0.9437168762424405
0.987281223794412
1.0470281353720987
1.1337874652894997
0.9935061483443569
0.9832502922022164
0.9714036321100087
0.9401976260813483
0.9324678054728917
0.9190496649209742
0.9252468866709835
0.9614021396192934
1.0354946536557197
1.1205267828708265
0.9935892468820966
0.991495905355178
0.9740115267872422
0.9527338134003761
0.9325161943718427
0.9224025427608484
0.9404640310087252
0.9726243094390252
1.0405087148491687
1.1168184851856506
0.99397183053297
0.9890448252883647
0.9699397664932441
0.950888387278694
0.9269186720821295
0.9235813271898896
0.9281634018371758
0.9717373099277159
1.0358116992808402
1.1176353682191942
0.9897790896615171
0.991312741703557
0.9702246039283232
0.9492300320837298
0.9415422134632296
0.9358256814811112
0.9371728213539973
0.9815324102721722
1.049644573275833
1.139553101855094
