0.0
8.815271022157236e-08
6.037167914754952e-07
1.4169077146609444e-06
1.7599621325510527e-06
2.37646572102891e-06
4.019588000847717e-06
7.91068163166023e-06
1.7560145637021385e-05
1.6887887436546804e-05
5.550168442954691e-06
1.4393741474418718e-05
2.487020188724184e-05
2.1313720639291487e-05
9.7252683672014e-06
4.5820681041053855e-07
2.081532420069032e-06
3.2173653723850583e-06
2.0445469008896963e-06
4.1625211080789505e-06
2.2721829540974226e-06
4.475182844113599e-06
3.800154623461607e-05
5.135138470407295e-05
3.053974123431594e-05
1.2354674960385465e-06
0.0028172944245147638
0.00909385846741229
0.012917867946007591
0.010069790108421343
8.051290580562565e-05
0.0018189420123797854
0.005455742202226035
0.0075746834781226175
0.006288574291841049
0.0005406172177553221
0.0007171267581262131
0.002792165792543047
0.004547858038904128
0.0039249262141696625
0.00025733790577076683
0.0026654965951909784
0.009465403557457818
0.01384602773102031
0.010693512491267215
0.00022082051646408386
0.006547763595595981
0.018664842787253905
0.02439137730929848
0.018935971466029017
4.34389170068739e-06
0.009893994080330768
0.028276941180249197
0.037998738146759484
0.030700417120591444
0.00033093208954731974
0.005704230056976908
0.018801480741125552
0.026204469645598444
0.020647795918482974
0.0011464169021491652
0.00981497511014463
0.024968808954308752
0.031952170860560666
0.025839912219932763
0.0012924016728525004
0.01765053600516904
0.04980647154838493
0.06691948905540805
0.05596910143445882
3.890784128237715e-05
0.02377226204068049
0.07381484092585913
0.10376387064754412
0.08266042253482078
2.4804433880742744e-05
0.01557169566957394
0.04715345027311921
0.06380055062878193
0.04913672412173542
0.0007339115614159741
0.011326750883940293
0.03615165069191934
0.05010059439387832
0.04018768684437602
0.001825492334896182
0.019839459072332213
0.06396536251980349
0.0899600527615659
0.07197357585758693
0.002072329750242132
0.030595368250566444
0.09747694062993921
0.13454382124349137
0.10557018865256952
0.0016164819235776017
0.03755102088186939
0.11471427122469426
0.15213636019704763
0.11740857495203756
3.979300151279633e-05
0.015761405205422144
0.04781384019954266
0.06582716842101448
0.05232715859027507
0.0001999387992645001
0.016590871022586835
0.05292450394953844
0.0745984928708709
0.06003262754954709
0.002916193399912259
0.026726919797174023
0.0764585345105432
0.10721852502037678
0.090853625993668
0.0020470511434139025
0.03180546882334717
0.1005650794997776
0.14188196269596212
0.11778997542148303
0.0025358709529013004
0.027430129212831313
0.09669499258699744
0.14244772097467087
0.11645069936981517
6.444622357455687e-07
1.001496672710546e-05
3.7630166966098944e-05
5.869851584385447e-05
5.675248016296201e-05
1.0542039878546607e-05
1.2604411878705473e-05
3.5469672914770376e-05
5.8185175559784794e-05
6.259903001726048e-05
8.16550865472216e-06
8.736122116473025e-06
6.482038704870684e-06
2.532134428448519e-06
3.456937348413394e-06
3.508286936526758e-06
3.4449444516950467e-06
6.479436799713505e-06
9.723224117522468e-06
1.045787615353318e-05
3.0806597519699084e-06
1.7872146109668371e-06
7.206193854671441e-06
1.1106171763473714e-05
2.4940352099851067e-05
0.002191426150828752
0.002372914948507683
0.011033640007301705
0.014543759800353254
0.009325453859548775
0.002803523898871818
0.003204996844946071
0.004056064219754629
0.004383607629652729
0.003916252092688452
0.0022331100520791734
0.0020015742379999304
0.001838287852831194
0.002025536774294318
0.002072366092097726
0.0015902179083311162
0.003129636309405309
0.007421132936199709
0.009574755682357938
0.007574927764754089
0.00013097104815661042
0.00240207649952815
0.008136144925843206
0.012295417168059134
0.010768984697353287
0.007302160792917217
0.005807720367786549
0.007420865358940917
0.011505266058269384
0.010543816386271816
0.01026213427326445
0.010758303427273054
0.010929717861545974
0.010637352337426177
0.010332916218499062
0.011647500040795556
0.015837734471599346
0.022955870452611937
0.027182809168564696
0.02449771911920081
0.00991685722449283
0.017959252991836205
0.03568182393920231
0.047165073184372075
0.04140795823215563
0.0045125429474911355
0.010934534994697188
0.03426267508378324
0.04542603194661371
0.032844961614148585
0.01183084299342694
0.01142448745343568
0.010058842826632082
0.00966948621255573
0.010716349711681132
0.016804050572590688
0.023694800417787768
0.034221600769466815
0.038432415722783574
0.030744268071192227
0.021548434688059056
0.03891951577496013
0.0692247230567334
0.08103312380029197
0.06526475842892915
0.020647230599041205
0.03234307496649512
0.06648588506092021
0.08151216843637508
0.0631288771491653
0.01458188275896763
0.005382658128074393
0.03415463824912718
0.04805782999110481
0.035213287636839063
0.012594677122159188
0.021520720895117827
0.031012146063884593
0.031493567197490115
0.02203242288130056
0.01561833305178131
0.04076632058646229
0.07681027417816408
0.0867284886726347
0.06031758442648361
0.023304319964157775
0.04442934952366419
0.08540014630118259
0.10865425892313092
0.08879077319189563
0.0222374480785149
0.026662788940298488
0.06432608541802047
0.08345382337403051
0.06124055538871336
0.019653339810829108
0.002858269713482585
0.032652275527947014
0.052700543134260674
0.0407492809675504
2.1063774194787326e-06
3.816633192476334e-05
0.00015551522302371037
0.00022430852793214136
0.00016229114931945045
1.3761830198538757e-06
3.779942017205662e-05
0.00010061563398149536
0.00012021628895020475
0.00010015387694837556
5.776937361084339e-06
2.2987074618514074e-05
3.2537354359645804e-05
3.041896905333864e-05
9.272648257328607e-05
1.0928128044614966e-05
6.040939869930759e-06
5.726849967638186e-05
0.00011083579718674203
8.769721366253809e-05
1.0041279046138865e-05
2.8762210140743453e-05
9.288946930120563e-05
0.00011536806790473913
9.484766942775708e-05
0.001166617961241002
0.01711012189214905
0.05270627037632955
0.06810673697039656
0.04914763916492772
0.0010884165802547937
0.014280811883609173
0.04563320547325089
0.062241505981823944
0.04806293796130236
0.0030404330280579977
0.010344835869100294
0.03432503412407923
0.04433922146716349
0.03329486721983577
0.00462637980939832
0.012298312360226715
0.03859804392920149
0.04972063655720792
0.03676636540603509
0.004824667650507989
0.017115161480395772
0.04776290111450414
0.06565881366993423
0.05420881922943765
0.004254801160217283
0.047684249472397355
0.1456271149060048
0.20014394688239612
0.15852668033677852
0.0015852825299979153
0.033886659829597696
0.11059220161598467
0.15428967206154795
0.12100233462583629
0.0037671986518822394
0.03136652585334486
0.1097455984451736
0.15357169091388323
0.11670417393856375
0.010031414069528169
0.04130032600387406
0.1399264219838775
0.20707124656761672
0.17556196650935382
0.014735751965253192
0.04134562114326974
0.13732267843789556
0.20351101245680903
0.1753580062376563
0.0071490819950455285
0.0552964478520313
0.17757094438216847
0.24069210384547604
0.18209287738229654
0.0016375900552315864
0.04259313631691853
0.13326468698042993
0.18489108112252106
0.1497415057420267
0.0006823563977053286
0.06049228812758934
0.19874075465284932
0.2835461327168745
0.23370404526945354
0.0079913389426413
0.07082349956203222
0.24659980948385776
0.3530916061676584
0.2906446768094824
0.015396404585320956
0.04232253942026327
0.14746825946811695
0.2190796920288053
0.19258140137999108
0.007400747199858329
0.02648373285770228
0.09971401883857448
0.14193317556314192
0.1128536498209619
0.005223878874026053
0.04727357616667388
0.16980536392434237
0.2475401417412387
0.2044465907225293
0.003165673556457795
0.06937092528114369
0.25175005318373306
0.36322372028131317
0.29680675094043824
0.003378334509019954
0.049432826195987545
0.18755154771251958
0.28258436511986607
0.24202692607746384
0.006706934447250197
0.03097274540385014
0.11005463856045712
0.15905218555995523
0.12939449703140823
5.164471677672783e-06
2.2734969734643727e-05
6.600635612086037e-05
7.000146196616864e-05
4.2199342638769076e-05
2.3982024530314445e-06
2.0719119940777522e-06
1.2397566972995195e-05
1.3343353061584792e-05
1.0105777720950503e-05
6.490901805313335e-06
4.289689329884625e-05
7.239449803335552e-05
1.903593703412968e-05
5.603754954466816e-05
1.0443784957409427e-05
7.491249510880991e-05
0.0002262723005088547
0.00031009213103929507
0.00022818569780628088
5.5349347444442925e-06
0.00011260080336549509
0.00017225005637781064
0.00010985549807302881
7.147953935762726e-05
0.000221015215945488
0.009188533936202167
0.024619223147062438
0.031211794709769553
0.023948728995040802
0.001051658124741495
0.01676073572775474
0.05010575176554091
0.06826769669619012
0.0533403215695067
0.0026535225059588522
0.027518078005252605
0.085656209086249
0.11671449925066477
0.09419377716105898
0.0014700791990583252
0.03480983357287757
0.10907820538515325
0.14768655602728403
0.11805044837998159
0.0015915055609870342
0.03942641414973119
0.12364108137849325
0.17056986688293546
0.13404366115151345
0.0007709206179227421
0.047156869268250697
0.14276048946092168
0.19507317552460565
0.1522076358257652
0.004580611764606483
0.07849981835070098
0.24244306598307436
0.3385140936603418
0.27299715198169167
0.007539482943177694
0.09896100851831613
0.32625750178465723
0.4579426065132642
0.36909559928107893
0.005998214525352869
0.10439149976123105
0.3528220554553704
0.5058345188546306
0.41182657787623594
0.0063762591255585805
0.09405465236866946
0.31458840295808815
0.44894596255951896
0.36446005167020123
0.001670284467143555
0.10241581029435756
0.3097464645090997
0.4200531089396257
0.3297310954691313
0.010052553295549512
0.14909493242252625
0.4569990642076616
0.633589473941951
0.5103327482057906
0.011321104214112742
0.15627376642884358
0.5119308267492659
0.7211763633337573
0.5868148614058266
0.01551169833420948
0.13399716304193196
0.4622737552139325
0.658737987167804
0.5358170200604416
0.013145798900544854
0.08335620808715705
0.29681565044753544
0.42684585891733096
0.3475528389134291
0.0014840844699624954
0.12842683179773878
0.39166057364666146
0.5352052760626302
0.4211638579040591
0.011837250382034693
0.15642214953607536
0.47372163452629923
0.6547862019083206
0.5305351306710058
0.0071161917049196504
0.13117200818586194
0.44240360730663075
0.629741405756994
0.514520731863397
0.019682143077288737
0.06708591293492816
0.2603823935700534
0.3840046930311411
0.32034318699116243
0.014371070615491824
0.0034041754476462557
0.058831394412244845
0.09765062545179493
0.07791859773225544
3.195665374328539e-06
5.513418770033516e-05
0.00013916475042698918
0.0001443378539495929
8.480703630437468e-05
1.0969178695889697e-05
3.6559006570673334e-06
1.2212853439295532e-06
8.093515700254024e-06
1.3511837092144255e-05
2.052609374445094e-05
4.2258573683135414e-05
4.6159791326811054e-05
2.1320397068600292e-05
1.0530784771291409e-05
1.6555518042087475e-05
3.624992717293824e-05
7.846238976979505e-05
9.058002160735113e-05
5.897257468949372e-05
1.2225229764271027e-05
2.8061079909628452e-05
1.7706245986677347e-05
3.58492243824817e-05
2.211432071655543e-05
0.000994792895952567
0.001642408999652046
0.004681985819113739
0.006631761493333562
0.005635283378970554
0.001694572657317756
0.004202062603029043
0.0077769099197188005
0.008846403826927226
0.006654232075847761
0.0037824947236807685
0.010032160185632804
0.023144367256654814
0.029823838573318724
0.02398025547426283
0.004859351741071601
0.008640127504934633
0.027637631922520254
0.0383334345844038
0.031067108042570193
0.003967142272898011
0.008302677804899057
0.02821154385590481
0.03802298964312131
0.029535706480960273
0.0030885514406775445
0.004375195489048917
0.014940336071987593
0.02020006389536377
0.01517115987525474
0.0025250388747858647
0.02856171254907781
0.08172349453275723
0.1113221106087739
0.08718581073163284
0.009860471392121248
0.03858859868275105
0.11899179503860702
0.16590235204790402
0.13391230176265317
0.012459534658676745
0.03502193639805101
0.12437091056317695
0.16827333623497176
0.12886521895764036
0.012564561000568039
0.0350140506754027
0.10363159964015818
0.14474868083993198
0.11449492862681605
0.004846290882095609
0.0345043632631719
0.1053621646738085
0.14500600487540452
0.11568047698888144
0.0011953461764439527
0.07075221564376714
0.20674304620740735
0.27778218152932876
0.21888582386526473
0.009362382335372703
0.08069091733437385
0.23543541119865186
0.31659690655399725
0.252632549314231
0.012055386302202278
0.057368110886554184
0.1969525272376253
0.2741578174216377
0.21492947413756666
0.015673014930046983
0.06169028800002054
0.15574083514523718
0.20251143927204682
0.1613537778636436
0.004960481125980615
0.07096628329368156
0.22085665532260643
0.3026622322779864
0.24009870634142294
0.0013864427666044575
0.09248228232576813
0.28100108548977926
0.3865152865437527
0.30373832392581485
0.00601885955779183
0.08664525995086306
0.2641282448058531
0.35918433861039567
0.2785285302831137
0.008040501611088961
0.06324967578654929
0.18625393663568765
0.24820314856293554
0.19164027220681829
0.011561504037686207
0.05220809808182503
0.13130091480505926
0.17179417991065277
0.13449242624012597
4.067084348044273e-08
3.077093415999073e-07
8.972898247859549e-07
1.3705785750471875e-06
1.2036235577730349e-06
7.875266186796665e-06
8.533530754233934e-06
2.495554991337005e-05
3.0193549940776993e-05
1.7365769209141997e-05
5.734550422613741e-06
4.5867995369701565e-05
0.00012986035377510256
0.0001755828748009994
0.00011845464534046653
5.700776840742722e-06
3.286335685108945e-05
6.506936203912066e-05
7.284820451845873e-05
5.4265813581416575e-05
4.167277029063656e-06
3.2384361575120925e-05
3.6794040108743814e-05
6.924237468468817e-05
7.899136873215979e-05
0.011802187508510727
0.008323237104808723
0.0028824973689102118
0.0013057774788326174
0.0033616202443795427
0.012539322516339409
0.009877137556317769
0.004449199465557822
0.0027324445884132917
0.0031505257219576637
0.011619811431775626
0.010069780887564751
0.005698058206319829
0.0033656353862545675
0.0054201620378871015
0.011000396443550796
0.010343913620830909
0.012163233364173158
0.013158784498766151
0.011668787092295914
0.011522171986896868
0.010783548243233975
0.011243918104977605
0.01251692678465541
0.012801216936592745
0.03845895196562315
0.02867543985876646
0.011054409806970032
0.008883844188034238
0.01094056943958333
0.040355729325762535
0.0324569055116367
0.017821603402966874
0.011375601542378244
0.020158727883758283
0.039912521619836626
0.037101697953639434
0.03211567947892928
0.030528864615539886
0.03374701616335419
0.038457181022305637
0.034760838918178556
0.031803318276950834
0.033736474423139776
0.03840086027441466
0.037477073748950096
0.03396740212574384
0.032839291397709094
0.03459983806159957
0.03744824998989723
0.06107983003298002
0.04598207297486068
0.01671049122500455
0.008726293590570453
0.027302477149507696
0.06237580066974655
0.05357004083171445
0.04223952638605647
0.0418859023666839
0.0512762649357236
0.06405162642647441
0.059584406152383716
0.057030357991144386
0.05753754546741912
0.06169964221045011
0.06375174583352167
0.059896857581673145
0.05753523661812961
0.05738483233856459
0.060721452942800395
0.061256625938318376
0.056773362764838894
0.05938776108067398
0.0668340176252534
0.0703575791353395
0.063581828069705
0.05198295446622971
0.028628662783074816
0.01896932439364886
0.039502238571723476
0.06399991249743232
0.05559291323414044
0.049792149208560864
0.05428492787635715
0.06250591385611395
0.06741276367887923
0.05797074339112673
0.05150407364951281
0.05650735960437157
0.06709191532499836
0.06791162707713183
0.05895453674376687
0.05392601080391274
0.0580543550889293
0.06591166477889437
0.06782770552536124
0.05711989652643345
0.049185402227533044
0.05265273836489349
0.06337392170429125
4.644965394599344e-06
1.0826880816238937e-05
3.0185277354483316e-05
4.4702320107223836e-05
3.730808825419786e-05
2.094907456357802e-05
3.588131006154562e-05
7.737313924795436e-05
0.00012714399489230298
0.0001412225779465371
4.2693632798320253e-05
8.568261695798008e-05
0.00017941451719897527
0.00016704049716293923
7.257568340765912e-05
1.934176917976857e-05
4.122356610623559e-05
5.7552977842799924e-05
6.0023305739132184e-05
4.521546781996428e-05
2.56805791779071e-05
6.856718474435264e-05
8.645545367838738e-05
6.482130618448206e-05
2.580198797609117e-05
0.0228754449176613
0.023468247573410074
0.020113941037572657
0.014963515303826962
0.010465842965622585
0.023552724555642637
0.0303071627584489
0.0345992990929994
0.0323745773556997
0.02639212680246412
0.02022138021450147
0.023349739716725507
0.027242416905254963
0.022441443336477233
0.009459881302546883
0.016014660883612537
0.011288037599372695
0.01566773177138938
0.02020633938351499
0.015159292466320359
0.013650809412526372
0.009448087478264455
0.004451361334759133
0.008686651017281548
0.010424874328108902
0.07591636455620641
0.096732757270485
0.10552199539986401
0.09344117216836144
0.07317965161462563
0.08319550337541261
0.093431776040495
0.09758125314892377
0.08261700173024587
0.06410373532764678
0.08239555814498833
0.06148180632970359
0.038280751918130206
0.02906202478194385
0.0240155075180869
0.07101515391660079
0.048059163027627125
0.026681474719438922
0.047353389177477695
0.07118830414878866
0.05635516181251807
0.04573475896530741
0.04107983735845024
0.04973202940425704
0.06063906056504149
0.12239279813918322
0.14451002455572326
0.15317560761090507
0.13569159464601357
0.10764001579657269
0.1405400190638589
0.1271478251420518
0.09054215701719685
0.052116330026143215
0.04594462656614869
0.14761916603765785
0.11193611299053448
0.05354078148523745
0.060854656774997705
0.10566618206044882
0.14381709231328818
0.12426405602463748
0.11971563336358505
0.13628025875773622
0.15509142176426885
0.11980200843706001
0.10857578469761657
0.09960323659892233
0.10242946360878796
0.11420169153880684
0.1283921260388196
0.11447033518171365
0.08450677813212819
0.058864954330667886
0.05865436095734458
0.1479505071964172
0.12147085510927237
0.07147291874379497
0.06561258374632101
0.09051789091888607
0.17201430171983423
0.15995227687842367
0.14877316892864828
0.1549709205780535
0.1715250860466132
0.16946503188499326
0.16103375774897125
0.15320277002618451
0.15641582878606028
0.16802599034203233
0.14983640166424494
0.15525869184267235
0.1369766991712586
0.11462192486646874
0.11121317109809187
7.575246014389347e-06
2.0726518610270235e-05
8.428250230189454e-06
2.1686566191232782e-05
2.9059513072571168e-05
2.6971718137438333e-05
1.392773753073583e-05
1.8283474559699996e-05
8.974431662167575e-05
0.0001300072842395405
2.7505929370835076e-05
3.433712685413315e-05
8.314311764991797e-05
5.181195983504928e-05
4.7515294463980544e-05
1.9132374121139883e-05
1.8775320588247676e-05
1.0516764228015171e-05
4.2344732357028625e-05
4.28401880093757e-05
6.307359601663864e-05
1.2237056456393535e-05
4.852744617962175e-05
0.00015369941235235537
0.00021837909348405642
0.01668669392999478
0.018197644982045003
0.030445512835982593
0.03946661367819851
0.035412758759536006
0.015843985036818917
0.018078164005638324
0.032202507467818844
0.045547335624059285
0.042247784737712436
0.018276695497545185
0.018454015610757362
0.035417389915728494
0.04929523598725491
0.0460101462286125
0.018496984278519455
0.017728015001246242
0.029089032621193903
0.038483579863846575
0.03409204900920662
0.01721854683259192
0.010592672667882025
0.008561039930064284
0.018470599385631444
0.01884673495601914
0.056398241314034
0.07607724391815789
0.1246263044561847
0.15579294017026687
0.13384096129178205
0.05559149188972404
0.07995147737912668
0.134582371194683
0.1628908796180068
0.13413229268183502
0.06307026112955784
0.07453808809338805
0.10912029461016916
0.13797056944709307
0.132435741862734
0.06463386474607338
0.055569958221172014
0.07404311973008822
0.10364226075304954
0.0945912764001362
0.06481429726828382
0.057912605846551356
0.03766142122569851
0.027004215505600816
0.022581356093321788
0.0914992493649605
0.13817952320081472
0.21879844445164764
0.25161951556085504
0.20236701261892315
0.08517385863149257
0.121982545016661
0.20092184921592424
0.23739720775907422
0.19146079204969052
0.09469128565523927
0.11124940470424546
0.1834573977526879
0.22089946069217342
0.183980958321555
0.101808803327268
0.0983996701116242
0.09856527337550539
0.10167636727935146
0.08689701708345939
0.1079862995095606
0.10801319690016165
0.1078915953371135
0.10570860855364886
0.09895430449059828
0.09615521087151586
0.15292872631712176
0.23032177679011817
0.24406754448729562
0.1756487836126926
0.0855664045807203
0.12911365278090015
0.21568251151725606
0.2420368918683736
0.1574121011556294
0.08537159713982098
0.10315701694834689
0.12680395029482508
0.14620626822343272
0.11819601027279227
0.09828735009855703
0.10592163929097027
0.10474263969669459
0.09551795612455527
0.0841710219830664
0.11440414326747754
0.11514935535958465
0.1089897774696731
0.09978054946667295
0.09574975776939615
1.67733001579212e-05
4.260729659166094e-05
0.00010928830747109966
0.00018475107224674099
0.00015341817227539198
2.29974358174218e-05
6.7150264411341435e-06
4.189320497822676e-05
4.26814762322748e-05
1.1247911802301567e-05
2.7606049921246688e-05
5.6823031985682614e-06
1.8055307173166198e-05
6.833651797773722e-05
0.00013049743519674331
1.907014216852694e-05
1.5220433029625424e-05
0.00015900927443602758
0.00031335961158251665
0.0003035365245744034
4.160425988155998e-05
3.492473051113261e-05
0.00015664690408620776
0.00022306759360503215
0.00015112906218614112
0.01375265800961683
0.01015504149634166
0.013884753231585846
0.016606556395692963
0.00814745877345558
0.012421555652216962
0.0024527512591963787
0.03138232424765547
0.04791799627203594
0.037547647568039494
0.008228860978766758
0.011190248902501697
0.04347033554203464
0.05930023903562772
0.046606791397503025
0.007648311344276071
0.012130653282871487
0.03560621783396101
0.04725169717988478
0.03348486890990797
0.009494021432777017
0.016879711767572497
0.03289300223092753
0.038677977141249015
0.02485408379081081
0.04549613665921896
0.015571643652527776
0.07342669270183938
0.11716562558440026
0.09576297320363476
0.053811757370417976
0.01981217179633471
0.13202466561031567
0.21067295116614115
0.17735220941179972
0.043419890870072766
0.03394133364089773
0.12337717263161195
0.18273704225665158
0.13460816955211946
0.03430935352451167
0.0632528663682101
0.12107805402113052
0.14460118230546634
0.10035466558320656
0.026730429339728207
0.09241737660124466
0.18427904143655033
0.20890186523775056
0.13324369817106924
0.07208983524949425
0.03961243664329223
0.2081097396015107
0.31197955125102517
0.2509321738195141
0.09664143597975226
0.04889853919213512
0.1928559186798677
0.28826564731446885
0.22669713603418462
0.0934300283620514
0.09906463698244146
0.1741824963994129
0.21472077915898716
0.14347138023677727
0.07576036534369292
0.14623134497575022
0.27047293226560876
0.30449873606029215
0.19664782820522647
0.04768943474726007
0.15938820231878756
0.3252740401080886
0.3669426931758521
0.23743109340058804
0.07596148362976428
0.07426462916917585
0.24709972022692273
0.3500008789400636
0.2714242534045975
0.09991152833923021
0.11809912088172801
0.23870895127995542
0.28867740556536725
0.18025233731836007
0.11921770544349264
0.16492292122480562
0.2783295331827424
0.3052634361981621
0.1877453268437198
0.11291372185704933
0.1819183887671686
0.31382120094462085
0.34613149664069226
0.23111617953241292
0.07548816721726603
0.132119954212308
0.29245988953060353
0.3471299261755593
0.21565479134792187
2.8211486459406433e-05
1.3727750366911932e-05
6.698259631813226e-05
0.0001368329339853464
0.00013821512520818577
2.914836803107054e-05
2.1628958951563336e-06
1.704081846398015e-05
1.7265079888773004e-05
4.7592318986318006e-05
2.658132688826578e-05
7.928251022251709e-05
0.0001351576215961782
0.0002068238380679803
0.00028712172375380883
8.105813140561363e-05
0.00011701676254475383
0.0004211937195102125
0.000617835511594618
0.0004577757439769742
5.0178390099110566e-05
0.00010885635664033238
0.0001266769804462681
6.131861166366896e-05
5.803765308527595e-05
0.0206267049008126
0.03897707960924488
0.06557879994012991
0.07046100944935059
0.04504559156930201
0.02306042950986613
0.06119528813741995
0.12193337480833943
0.13591866303908623
0.08412870182979426
0.029458401533855507
0.0781087247913904
0.13519884532572102
0.14580418978962215
0.10540304792349495
0.03055030472276091
0.06470553551710388
0.10712932375484746
0.11667604315612091
0.08563133785524206
0.02320607181733664
0.037807429482039724
0.05267731117640964
0.04978839226540132
0.030019286392326556
0.06743093546476656
0.19040512147185765
0.36363131974510154
0.4159286230146026
0.2881567215341073
0.052159723525503174
0.20643873233435517
0.42165573604580603
0.474739907890912
0.3058895406958525
0.08059977113779074
0.205379390605348
0.37474206706946345
0.42351224981393826
0.3125997448779499
0.09236408097690271
0.14652868227298996
0.2098163931700796
0.2282286114704826
0.1852760782183203
0.08664168291023155
0.09040707424954748
0.0864696243935008
0.07577193614092681
0.06722330474644296
0.10741989171338634
0.34404944817003436
0.6708651688849883
0.7729689153845082
0.5571056372067769
0.05693787459040921
0.2796547321608877
0.6073607660632673
0.7085001004695713
0.4771324534851336
0.08443027801795576
0.2067315794427318
0.3832937982247031
0.44859160211649424
0.3454850154558962
0.11971660765379759
0.13907077634045978
0.1530095078328871
0.1514197976117858
0.138132712727357
0.14614443840591065
0.10701934603574507
0.09083790972686884
0.12728651945109304
0.15651313465429212
0.11264802880814821
0.3101777767587908
0.6596684646311219
0.810399944401181
0.6202351668504054
0.07184813169014684
0.1500450090092226
0.3954066656202873
0.5056867069996971
0.3588524746823397
0.026143224884263624
0.045492528155002154
0.09472746398499285
0.12273261476565189
0.09645942826351495
0.0619078631769539
0.0624057104922804
0.08300821890490812
0.10212126288788066
0.10334306376365052
0.12182962088137793
0.0861625273802957
0.2741268222187692
0.3888225645420526
0.32926604195898096
5.231092054335703e-08
1.0587301669382078e-07
7.839470890142604e-08
2.7290501827722494e-08
9.060993218515279e-08
1.2212854247558481e-05
5.2796349503961194e-05
3.389019653101495e-05
1.4238380483607267e-05
5.10350272923858e-06
1.812267006595162e-05
6.776527610597463e-05
0.00010173158539342542
8.166087217620151e-05
2.281765357307795e-05
1.0484914564422814e-05
2.3550628402583865e-05
4.812127502867816e-05
5.000927439884836e-05
2.776730048602832e-05
3.2522020358381775e-06
7.367122644679378e-05
9.122160590044501e-05
3.7244187138194993e-05
4.702222567205071e-05
0.03453026042085045
0.044072952004965756
0.050897026008007454
0.047710152642495035
0.036831751782577436
0.02590133662496061
0.043398818455140216
0.06387967844612893
0.06391312920068547
0.0388962752150251
0.03461917962767679
0.037124901929516146
0.06481897424004587
0.08297855340530148
0.054032581994936976
0.0417661481112451
0.016902865852424006
0.0445288269685748
0.08881175954430268
0.0736223950884512
0.045063974060712636
0.03389263981799129
0.06665631352107852
0.11274347652241423
0.11622687888725008
0.11373949732255699
0.15504263592661532
0.21216203950501658
0.22402098584928262
0.1731857707261906
0.07250039516411808
0.08093214059827722
0.2079905582972321
0.2724618473806262
0.1863662412534074
0.06584513612053548
0.03463775563252859
0.20008563257253656
0.31964293983402375
0.258111385477946
0.09307673375348316
0.06117075056528612
0.20482525558693965
0.33927336275220243
0.2916045976231451
0.12858722505388295
0.1408103905559451
0.2581512671402444
0.3824253856796341
0.37606921516794944
0.18316846911323864
0.20423282935255482
0.3274670905838131
0.38855323347424
0.27507550888261784
0.13723154509509897
0.018440085444491383
0.30961902587925344
0.4694697120178493
0.3632899147886208
0.08529849078799095
0.10899801286911592
0.39154804793246484
0.5762253933171516
0.4775758937499979
0.08826576394586777
0.13162250571026796
0.37995101145987725
0.5678697176682287
0.4879093916469995
0.1558679107070164
0.18998948855284623
0.35533409825145174
0.4960517556838603
0.4797945500982511
0.19244138029481314
0.0657226151216835
0.248918614350033
0.3997945280436547
0.2786373884215479
0.1903709254403491
0.1865509110415207
0.3732782818909342
0.5374837240930129
0.45740156869739346
0.1444932803732849
0.24934094713226154
0.4862112837183722
0.624528302729112
0.5196258801385913
0.0882517577879009
0.16923187930735417
0.35709720782747667
0.4558949856508836
0.36155766062096145
0.10331416250103602
0.12959499348276493
0.20546402987200152
0.26184146771417494
0.24953997641098655
3.2622730878515463e-06
6.731176237027487e-05
0.0001312729854765004
0.00012959165151479096
8.659784740487454e-05
2.4878439976757126e-05
3.844929953756227e-05
3.447951020716108e-05
7.91540092482581e-05
0.00010335133190141485
1.8986866698196177e-05
5.803605798025237e-05
0.00012146769078850617
0.00014623782650668502
7.799126048958413e-05
1.8001026709933645e-05
1.4499489427610154e-05
8.097053378682764e-06
8.729675525626076e-06
1.5174829603224598e-05
2.5026517395984228e-05
2.5423892823183773e-05
7.376136822470837e-06
1.8761976995964364e-05
3.5987506966268044e-05
0.0248074614315927
0.02262590960680463
0.02276481494615069
0.022919871404168055
0.02187123540102852
0.024156584384541147
0.019107694731205768
0.014798843344627386
0.016093930927569708
0.01849054900404054
0.022794291004140915
0.016659253444716256
0.0058383360529939655
0.006131693284816238
0.009455637247627156
0.02305803226589368
0.014262467374784753
0.0012317375287773458
0.003689291633867731
0.00555314279231529
0.024092211705837138
0.01824474594877441
0.007614734071778293
0.005712768896577094
0.007515490022316316
0.08022387715762933
0.06208667483073395
0.03549730455935028
0.040743344784792544
0.06138126892967735
0.07658230305989605
0.05318202419498231
0.010972100558414894
0.02057885797622856
0.034501599557689985
0.07161480498144003
0.05285544220381025
0.02110572701124429
0.02243748008209819
0.027970822578450953
0.06939078534051675
0.05226596237866533
0.021997132655021578
0.021306250233674814
0.031872834334865305
0.07238915943302975
0.05535299907684127
0.027310341483420347
0.028065000067494742
0.04630357308476017
0.1273745713629355
0.09355412739493668
0.03213769250740657
0.027456981728176316
0.06800209241238499
0.12451314221149316
0.09511783818663619
0.03789425726607518
0.026420803728812645
0.031875733301389694
0.11699300792763129
0.09578289648753881
0.05615453059591201
0.03143601522806113
0.027905992654348986
0.11099122287022593
0.08545314893049145
0.040318668688033285
0.02192061269784378
0.056204180243126664
0.11392915638975627
0.09227470707821898
0.07369478177172667
0.0850816666790907
0.10688257738169045
0.13225491886806698
0.10170347093867191
0.051048513788362344
0.04172006746334301
0.05617382422279948
0.1350282050517731
0.11690573334688671
0.06909507559910581
0.025084376598881762
0.02672473187680071
0.1239638440980721
0.1105898466768475
0.07094283867709283
0.020357477578029137
0.04083244879881156
0.11806122859308882
0.09943718155748617
0.06142450395317815
0.04905883943808923
0.08438406363322312
0.11769439945932669
0.09466492388569578
0.08421024520661116
0.10218450495093286
0.1246335714321198
4.6118687307989584e-06
3.5729625279207544e-05
9.066640804102002e-05
0.0001350441202987376
0.0001059312687112206
2.3642090928696066e-05
9.149543635850367e-05
0.00015316729108656336
0.00026305908189642785
0.0002890890196079401
6.501160279582671e-05
7.398375233478552e-05
0.0003322821652911113
0.0004185552749059777
0.0002565234622180954
4.762669064599136e-07
4.1751368042871116e-05
9.669607237643993e-05
0.00014056613899712353
0.00013258640611356587
3.16502675774513e-05
6.815368195170105e-05
0.00015573478963840437
0.0002441516528085685
0.00018480874052032755
0.022409566255516218
0.023569786325320648
0.022983084471140978
0.020056416696436083
0.008649641753277985
0.020279005444459028
0.020993879288141372
0.029294144383499133
0.028921170586260158
0.012016821778144641
0.023714331532354624
0.028837216099835028
0.03960279725814219
0.03982125935739542
0.01940691752637543
0.024738353167385877
0.034367424661386634
0.04545057143781886
0.04160110839632906
0.021424029040418964
0.02557795306940363
0.039636716949869547
0.051438545931432114
0.04834090578656005
0.035330249351904805
0.07457980885975997
0.07496750082460972
0.09035616889809167
0.08825726410735603
0.03976150470849472
0.0665154642788405
0.08775931503847575
0.12783715465095138
0.14234767000661097
0.08572550865221236
0.06868511345159962
0.10821441685335602
0.14578640690034395
0.13285981890223678
0.06960294658477313
0.07399710788518768
0.1262948653038842
0.16860247815047885
0.16009127920939045
0.10700982638946421
0.08170662407405199
0.12916696246079917
0.17422707496599263
0.17340921232762554
0.1280372266371603
0.11812041777141703
0.11707374122057641
0.17060860690305216
0.19807620283636387
0.10679234763538185
0.10609792561202032
0.1655102556818976
0.23357849241677586
0.23022865825771416
0.14099225304282903
0.09575775961051677
0.1895235362333774
0.2747373935133898
0.26035685308743345
0.15107468790499157
0.09567949695952667
0.18585154139430518
0.2738089272885917
0.2687332808455292
0.17301093807285384
0.10824310443974738
0.1778616289095961
0.24102153197912182
0.23701940985986278
0.16869078454433348
0.12356246099646127
0.13518403873011922
0.18583973043370822
0.20455400777397234
0.1214359336261924
0.11288246893653818
0.17679230747638672
0.2482707796954225
0.2667839862816532
0.20844874093277654
0.09772278558565332
0.17821344175009826
0.27258933056009876
0.28165606689029604
0.18793811454142603
0.08775119797127581
0.14859449220382154
0.23014570456801015
0.243550407126103
0.1674917758669051
0.09789741010280098
0.1364410565813315
0.17437473067814932
0.1781448112362466
0.14408895756710305
3.144791222304042e-05
4.70210930293371e-05
4.116565379982656e-05
0.00012508788080954674
0.00013186665362209074
4.628043840324145e-05
4.817880487416089e-05
3.2403736721493775e-05
1.0421000401714566e-05
2.2487049191059293e-05
2.9719144876268152e-05
0.0001017837554847049
0.0001511389643622865
0.00010155355406489075
1.675934550898099e-05
3.413892990096284e-05
0.00010657423460527452
0.00021719095072100794
0.00030705297394071653
0.00025333037520649127
5.5894746791589184e-05
0.00014649120700498938
0.00023500449721142422
0.0002953367865521366
0.00020719586411908645
0.020782188749152067
0.013642323987048587
0.0006860479861892733
0.009125325192399048
0.008637843690334034
0.017442660524130998
0.01901054663047455
0.02327397481864882
0.02296480101433777
0.013857963943052434
0.014104033501797907
0.0241233222242724
0.03938337613191317
0.04119343846400211
0.023798550028975816
0.013459799858772152
0.018442778872317267
0.03061903025664815
0.03337973546318735
0.021229558689538165
0.015453418246017004
0.015211664112203847
0.016636663273671113
0.01385016268283389
0.008605565608343906
0.06922132630981771
0.05506695733339711
0.04272413501234853
0.04803273842947141
0.0331047618612705
0.06415110700462609
0.06801434733826123
0.0968082296918153
0.11862558149255939
0.09696748980041922
0.049124919976851644
0.06228950520172321
0.10500255302598728
0.13039186932922472
0.09924469516838234
0.04467235414331331
0.04404606536899529
0.0648305933892927
0.07828846223384667
0.0561598329487262
0.0466284882061488
0.02367452966129352
0.04307843296679462
0.07347237614574877
0.04579749314885207
0.11219016698029631
0.09213210953637485
0.11795524465968356
0.15239492722439957
0.1282591871421485
0.1170440473203096
0.11080135786540575
0.14569856103522394
0.17480768650218415
0.15198311386696425
0.09711842992108939
0.08022638906194564
0.11163339107319509
0.1346219360784388
0.09634532200391273
0.0833486813477653
0.04285421059199951
0.06864795434760851
0.1113977329196855
0.07294813217577138
0.07725135529448682
0.022320850730617705
0.09096554131568096
0.13751283190244779
0.08690249620311716
0.11823182356170672
0.0844850479851648
0.1154533959899019
0.1801673804704368
0.17085871530448868
0.13615561585755628
0.09022413725151562
0.06138677800797898
0.13043056724076035
0.14109259154758003
0.1304823675554531
0.08290037265223026
0.03304707382971143
0.09458211331322938
0.06101262984938808
0.11380484865283348
0.05840979077054013
0.08243050464157327
0.1345307355503467
0.07688330913954673
0.09359850178100411
0.03842655010935332
0.09836048538151948
0.17212284251916918
0.12700839007230585
3.936499306952324e-05
1.8908168448939353e-05
4.3813513501977067e-05
9.64149976172208e-05
0.00011820606876705282
3.884285082001639e-05
1.4642052928462653e-05
8.077689422730904e-05
0.00012415833366803266
7.782774865206512e-05
3.1105240805301156e-05
1.4040415801065353e-05
3.5851342638068335e-05
5.197596312645931e-05
0.00011420425664284343
8.205161022149308e-05
3.28857474938377e-05
0.00021519264539598016
0.00045719757941124246
0.0004260721625382055
4.350216114039672e-05
6.590205398056095e-05
0.00021311574977255326
0.0002607584378571919
0.00013860614575576224
0.02397383976048746
0.0044477996887253984
0.03537282470605637
0.054551767180988406
0.04167663610245722
0.026966043321121746
0.011595805356554561
0.024736257742419172
0.04338339589376565
0.03516095539538664
0.025026179544225917
0.013112946227197766
0.02674027995227043
0.034903665900581526
0.021362451712349052
0.021070614871280056
0.020710574152504484
0.0453773945686471
0.05940487544611768
0.03911650598214234
0.015233947167676135
0.015136037722465289
0.036669973072921
0.046683240595582876
0.02925985965027049
0.08054418086354354
0.025507221074829504
0.09482164929653568
0.1643650054236688
0.1406559129561497
0.09711254771782415
0.07233486650296289
0.10033112547845897
0.14081140067227377
0.09435446682411415
0.10679731979083353
0.10118133947544741
0.14638553883901112
0.17796805194087859
0.10827968892929492
0.09705502590826791
0.10902898753166465
0.15047102453324873
0.16456862198075894
0.10405027503670691
0.06914792408578703
0.07034206104460682
0.07935288424033747
0.0786710108537727
0.032009607676157646
0.1293692716717488
0.09211641926450263
0.17516463972433766
0.2469811201021709
0.17187831071014809
0.14776728514199278
0.15699187348104668
0.2362644400203198
0.25682661314160427
0.13038193027951708
0.17890039850024522
0.20129558427755018
0.26042413007055354
0.2714194428272379
0.16932664688868354
0.17857296994811458
0.1779431948914121
0.18090030114350622
0.16581010963479648
0.09626050148449626
0.14612158669849037
0.12285709150161188
0.0641330668810327
0.019210307929448986
0.07021475268099685
0.13683667476498718
0.17320707589216028
0.25497959030604816
0.26908866665062586
0.15098596820755683
0.13077489050009117
0.21096673391581802
0.3415135053545872
0.35591214526699727
0.19433067340669127
0.16494498755458267
0.17901387540971597
0.2198651828157335
0.21578354767189764
0.12366585809292922
0.18034245105729102
0.14949079670838955
0.08101213263412627
0.0316195523020927
0.07901492032162435
0.17966012526057767
0.13183521566567485
0.11136726437965383
0.1682695416492619
0.21071215060669132
1.0176250691919997e-06
1.0444692205313853e-06
7.653284429085339e-07
1.9504384225116498e-07
5.339398395481869e-07
1.954554716871313e-05
5.681967744713906e-06
3.076420459123795e-05
3.4331344865911036e-05
2.1196629079455897e-05
1.0117446835960543e-05
2.5223118869311674e-05
3.6282022739531465e-05
3.3632998686111855e-05
2.974112896743633e-05
1.46547074552867e-06
7.0802880626988664e-06
1.9235626260894666e-05
2.6531630183807173e-05
2.5386568041309398e-05
7.193730874226329e-06
2.6211552221482436e-05
0.00013418391452215878
0.00015689171467837145
8.854078751497304e-05
0.042161733028325175
0.0324074348209436
0.023576488908719082
0.027806743296970225
0.0345325802299901
0.03634456464486874
0.03860632708044466
0.0546152239547838
0.07016234356645772
0.07435875504368636
0.02412507813987144
0.01831983130448965
0.0555312897987963
0.09028793670019727
0.08525268889474985
0.023587319889087473
0.007056848628387889
0.06442358546409654
0.1075722657477491
0.0983268855014651
0.03123307812182236
0.007930093735475945
0.0637529301445914
0.09851925791587382
0.08024109196816784
0.13559484712981118
0.11075631828115896
0.15332774286747688
0.22193218470944104
0.24390571327563662
0.15122742260312408
0.12147679765335569
0.1781563797492114
0.28446951251831754
0.32140287723609284
0.1279657174316122
0.05202698870231344
0.13257858617271223
0.27355835217462576
0.2474712240873806
0.09873577473072856
0.12187013653762348
0.2493145246390128
0.33420193335204473
0.24790414705964048
0.07984213266474771
0.1504599076120022
0.29961705724707666
0.3523409504198364
0.22488058872421313
0.21359560681712475
0.18667830615854605
0.31401993153446817
0.47307231345841916
0.5100507556940422
0.26516666986078335
0.16479929313108083
0.21057215656946857
0.4031135557682358
0.4670785630625121
0.25424652304265016
0.1792393298993676
0.214155581116629
0.36999735770611336
0.30298608007435973
0.21530834873679364
0.3003094889189396
0.42412401745347444
0.485652621199024
0.32990127612185954
0.14734604974201526
0.2700738356458337
0.40427519179077376
0.4129786148139521
0.24490667987643677
0.22143844055565193
0.1452526139331366
0.2764975814506225
0.47833967223922863
0.5260493435579077
0.27834817711995463
0.13123617326608222
0.1538046657168848
0.36948690283677527
0.3962583361458236
0.3029770446783658
0.2815330530017136
0.301361850870843
0.33275153579830824
0.1687003395077412
0.291488243628643
0.37350333814353565
0.42265503119941095
0.38617114692469173
0.2640331742090089
0.22109454401105513
0.2856082943564179
0.3080293867132721
0.25207448303583085
0.15245603463546376
1.3820945536231524e-05
6.338427597834754e-05
0.00012236036268881866
0.00010647161410780277
6.898044791042424e-05
6.159578154483964e-05
9.896882833155842e-05
7.350458164451237e-05
6.95569021318619e-05
0.00014042238494636495
6.79826135600774e-05
6.548576745859701e-05
2.804686961786667e-05
9.20926790022197e-06
4.244229387569298e-05
3.784451462968369e-05
3.537053147140093e-05
1.923084458047698e-05
9.351148292534115e-06
1.875516984534849e-05
3.4071445680564936e-05
9.710070555612538e-05
9.898230620680246e-05
4.591720540903244e-05
9.027135353692013e-06
0.04613726746889485
0.03866473427553105
0.05807358947200192
0.08674702029241205
0.09602826395693406
0.05862553524880705
0.04963362352674555
0.04125063539187453
0.05133337029911306
0.0683191621138639
0.06304845680223675
0.060857519743296486
0.04932787823940116
0.039222526371372836
0.04103254561206874
0.06334173125575557
0.06472450176824397
0.06375474599004437
0.06172944230664003
0.05989643614439174
0.049177336727319554
0.04440122405470017
0.03479440085812269
0.03017144544557092
0.03650013223213181
0.14744801343605238
0.12744843505257777
0.14333927451822093
0.17895385298218341
0.19567850082141977
0.16696293753931152
0.16028344901414568
0.13786069493199715
0.1235879752116623
0.13593321835265706
0.1994317732610523
0.21462985952117278
0.21399125946458947
0.20112967580120322
0.18825592736509625
0.21023967013544279
0.19743210837199018
0.17077636665202767
0.15222028186937603
0.16219917284600932
0.19132449265743962
0.15462759958220706
0.11077102605066325
0.12614372738583982
0.16419437007497475
0.23124195562488695
0.21568091610677492
0.1964354466029141
0.19184124552130588
0.20268832865647832
0.21349868088115087
0.24695422466575234
0.2674067757435884
0.25317904849352674
0.216100233841178
0.27267596438943326
0.290011365771072
0.29823491753309667
0.28460559578836364
0.25672182971063345
0.30682788652771675
0.25325655113859696
0.13692267793278823
0.0744200548308412
0.1246222505798763
0.31049419663749
0.2791085741559191
0.32555979791990675
0.41584602730998227
0.43065303212937395
0.23912835447677988
0.2519227609294885
0.2680046770030857
0.2737303343485539
0.263574768273739
0.17169589402733512
0.18124756455611152
0.237373589844578
0.26814103996303246
0.21052196756249394
0.2096572468275502
0.1499828532069436
0.0952679233432402
0.1552331208283066
0.12290058023725968
0.26286944364092146
0.21974072686609955
0.22610833382101433
0.28128489043536364
0.1991584972783008
0.3010851699748821
0.3648212538316475
0.5063580305263494
0.6091604359936057
0.5734290279222201
1.846671874701458e-05
0.000134457076191493
0.00020911214691767693
0.00019872238140734597
0.0001168074927122195
0.00013050108862670395
0.00013979142129913122
0.00017622190318861397
0.00011423494414071624
1.971188810210176e-05
0.0001631296480845126
0.00036714371196318606
0.0003748237579459838
0.00032101714891851044
0.00016380713941126882
2.7834764578688574e-05
0.0002089097102232811
0.00028754777250850023
0.00017634037606568517
0.00012349143417845828
0.00019692570333071287
0.00017615276952585073
7.149746706545597e-05
0.0001860650404509446
0.00014686672224058404
0.06048460595652809
0.061948957031274975
0.06848619350881185
0.0711697517524478
0.0668219544176969
0.05773540038314596
0.05697701532804584
0.06016874178724061
0.06334152893371411
0.05979593962313532
0.05563564417156203
0.05273885838514234
0.04931308695076351
0.05137975533231093
0.051807671857493874
0.059806281607868605
0.05709398647625868
0.0504361887254369
0.04522120214094066
0.04660951076400532
0.06267347550029759
0.06060384859388485
0.05996564991259623
0.060843286148269685
0.060385117161193734
0.19454570250327924
0.18192164169245686
0.18374220186260767
0.20088237692689587
0.21429509616406361
0.1848396522337849
0.156447703987355
0.12906688277547057
0.13515978702043455
0.1411827632429616
0.1718174958358862
0.15292925171897598
0.11119610197199753
0.09093755660085734
0.11697464920160867
0.17930829537806114
0.1704829177694137
0.1593901736500037
0.155015857542657
0.16186202832553792
0.19790381945116275
0.18981306096638142
0.17925527461233726
0.17609954599930303
0.18220185933638586
0.3071381320292652
0.260432165157021
0.20729732059705297
0.21839528334978245
0.26838769826036146
0.30080683980752576
0.252122154189439
0.16773581621076425
0.1519367819099162
0.1920775240672354
0.2725676956675654
0.25761851151579224
0.21263559348052063
0.18841112372151259
0.20789967463728046
0.26415155977214844
0.26702567516064235
0.2603408462352818
0.24399781101390175
0.23247978102282066
0.291239113208445
0.2680430855573921
0.21508297408890376
0.18466056019364202
0.20989413218475153
0.319176926933669
0.24220340264961082
0.11354949810363824
0.1449432906420709
0.24391136698110813
0.3205142044855663
0.28385053133525595
0.20143005485887505
0.16042616509089716
0.20878496289615678
0.2976321797939965
0.29077905632918044
0.2678305807745574
0.24788955634613172
0.25466949145822715
0.27595947997741643
0.24508177589854901
0.18814621504866208
0.1546461780981622
0.18567464762602512
0.287140475349787
0.24183856949954388
0.1512045792329609
0.12565156000725416
0.19114865354382005
4.1494130229004744e-05
0.00010640433639690815
0.0001112682467162469
6.112381245535134e-05
5.8953746110866737e-05
5.615400955667993e-05
6.031840348380236e-05
0.00010808696562756153
0.00016021522990283436
0.00010441252615490922
6.783890714055284e-05
0.0002812473246965349
0.0005402858321474437
0.0005351757878242821
0.00029829889370153596
7.739177677116993e-05
0.0002239019495963079
0.0002634174434257743
0.00030346998883096124
0.0003173882608580319
0.00011306520903592017
0.00019062574665545327
0.00019901398029241997
0.0001527861805677861
0.0001243027886465359
0.04632391550931145
0.04075189310962931
0.028669606220457743
0.021109219959380712
0.029077178758381773
0.04135484650602808
0.038712464837504706
0.038381190608383034
0.03976492419591374
0.04115060966614699
0.044616400499291074
0.03983277814676049
0.030128365880037197
0.023453565184108127
0.02846112167522026
0.046634194458235696
0.0434382679154838
0.038036090397801404
0.028141478136014666
0.017472576207375332
0.048615828704775786
0.051244735797156944
0.05003382166836913
0.04241852075967787
0.03688579091671737
0.15333050631988027
0.1378870876247588
0.11825694085626398
0.11374271767174035
0.12924150706748025
0.1382632144833458
0.12100140906038866
0.09530786414727506
0.08568860425589898
0.1066407698575617
0.13943581724165893
0.13538910834076995
0.10369338097651033
0.05454115952201582
0.05342366353663912
0.1481240722674346
0.16002497953648875
0.14552339795538893
0.10823736191988127
0.08762034998717996
0.15836301738034636
0.17523258460682184
0.17444547021152618
0.15835141654329854
0.1452094355343157
0.24567574117306834
0.23105037700726005
0.2052517607095165
0.19070856237567974
0.2043311277055464
0.22520497676005805
0.2320379279633117
0.19757453608860429
0.14436966810036553
0.13472513004229683
0.2051518453692825
0.240143046533452
0.2335296357799597
0.17194355186792254
0.10772591512169993
0.210752140923482
0.25873605201654126
0.26741603389394575
0.22260083387299448
0.16665787997265327
0.2391169307231195
0.26762644736663643
0.26667169243898137
0.23757406080670448
0.2147969066793301
0.2558859007654311
0.2553636359544222
0.22349474047820003
0.18736011727240118
0.18576018665389732
0.24452547352230158
0.27407303218656065
0.2671236519437021
0.23120281420798483
0.20034204610739487
0.20574524639827801
0.2592769235399588
0.27249216253247716
0.22971914607951333
0.16610614632874934
0.20087984564151817
0.237678642375358
0.23913218296365432
0.19782798377104344
0.14972307742289565
0.226049289478957
0.22688194624169902
0.19950845478584128
0.1738526811434889
0.18354658928764328
9.880433789436521e-05
0.00014793463330859666
0.00014318467460608646
0.00010399711380676711
5.54770405962693e-05
9.62015560325693e-05
0.00016784458077689972
0.00015594662591360349
0.00015854802569728786
0.00017585523359412052
0.00014735962950155807
2.849542536117856e-05
0.00019913211567648445
0.00025988167820702396
0.0001774019356468771
4.665951921471101e-05
2.6394715192962972e-06
7.221484704065478e-05
0.00013995843182633603
0.00012458642621495186
4.7837184357368106e-05
9.41997458074013e-05
0.00010174551892601786
3.970793152621432e-05
9.131547415696059e-05
0.04807171656113011
0.04996308160049157
0.05188407349092466
0.04582985986514003
0.02490898514831448
0.04987666777334214
0.05130234671434693
0.052646617353520005
0.04216677029245096
0.021278126832762135
0.04890728935179681
0.04189407121535088
0.041829028336057276
0.04144212219170035
0.018492964101862543
0.04189624926191788
0.02585031739010281
0.020222903631645375
0.04232785817016955
0.03703784177240898
0.0371290956422817
0.024938469087251308
0.004186813019647289
0.023267159855088045
0.025843596161493936
0.15821451132403813
0.15511453347599655
0.1580046118616485
0.14671374625914907
0.08584825568700617
0.17059654396153606
0.13556868359704005
0.09433772916317197
0.10052731595940585
0.03775813409591446
0.1757931547277489
0.10996287074547738
0.04305641570538708
0.09739586416437726
0.08429757106806159
0.1572672761966505
0.10339136850554734
0.03693325455887852
0.10488117750228924
0.13219699535452448
0.1340862800244084
0.11262233792315507
0.08327891660742064
0.08873501459477996
0.11018052730779881
0.25339806685388855
0.19478703780825493
0.15846225723530066
0.18408831072653584
0.10637551233149134
0.27916055510243815
0.18443845505015677
0.04199095400775002
0.1092548842646207
0.039832094846272016
0.3068726556266815
0.20708705465809749
0.05840395003464504
0.147406970820502
0.18468098492050886
0.2940645691191651
0.24611898730899545
0.1719675350389024
0.17432567553268125
0.2220921387009574
0.25589800853458305
0.2450051164392905
0.22540523596398518
0.21680298896956324
0.22606362445854664
0.2664932375161168
0.16862950640191032
0.03043085010185258
0.12973033084113067
0.03636121413552063
0.283840767362483
0.2035694972396516
0.1265590709565173
0.18927070343900904
0.11248432910648593
0.326017307129426
0.2717075671834287
0.16363940214744166
0.13991018613665368
0.1899455939223223
0.3266347391071564
0.31269569273883274
0.280338089272085
0.2639483184817727
0.2790199260967003
0.3064459037733559
0.3014188069551399
0.30320532004657225
0.31050013978458213
0.3122996615962685
7.007757454450069e-07
5.958398850541849e-07
4.382805607232901e-07
7.289633134989107e-07
1.0242556615063043e-06
2.482756051651132e-05
9.927592328934404e-06
2.2342871366114406e-05
6.285460804835702e-05
6.474600473511931e-05
8.155431199170802e-06
7.0965686066286685e-06
1.6802016297025445e-05
7.446416401088527e-05
0.00011053916855286349
2.381708166523372e-05
4.810487941602324e-05
8.466425632577003e-05
9.996613935343466e-05
8.301427280110396e-05
2.5538648328276507e-05
6.0692429432486025e-05
0.00010588811913708812
0.00012037464015907054
8.416945854249708e-05
0.029272888858415228
0.027141668865206907
0.029096732610016877
0.03264693318414692
0.034394936254821734
0.03241296120383764
0.03418691259212295
0.05305631567041419
0.07086515644338871
0.06953170261337031
0.041078839141414816
0.04139808778482891
0.06959031048532385
0.09783883088161023
0.09837948690971982
0.04180850185548622
0.033183051370910994
0.053870595745239815
0.07992928667612698
0.08073273171867641
0.037107009232919874
0.015937516611573176
0.039611719618754974
0.07053067630243641
0.05661824300219636
0.09697145406695107
0.11305672877811589
0.1647518295161434
0.20129574553426782
0.1788860602288628
0.10237004260361215
0.1510464755514612
0.27250615911286824
0.3456401504016628
0.2896799952049699
0.12689155489824364
0.1447982072381062
0.2487122620274763
0.3216130000187249
0.29649065051485946
0.1377075193122407
0.0950417386246162
0.16865587486368738
0.24968672010243487
0.20085926522777367
0.13966594164673174
0.05777550831482807
0.12559485246708424
0.22473727982037817
0.14729156812438124
0.15421213557375185
0.22894384071585105
0.3768823783261274
0.4519957798815811
0.3765020100404553
0.15086135372486295
0.24048263038728024
0.4394847846468512
0.5426133553510994
0.4451303764017085
0.18041552996458984
0.19743276196461
0.36291639147707855
0.4820242652336517
0.41847162049775877
0.19954472044301685
0.11412140758801176
0.24570003724736328
0.37950024727113285
0.2848751759069129
0.221320616393258
0.13112089771683585
0.15133546998921166
0.2659447019363909
0.15849339478958926
0.16109347685049086
0.2948522876526039
0.4873178157502728
0.5448842819043819
0.40648285869897804
0.13707645564170406
0.24284213244033157
0.4647413921594772
0.5522117317959798
0.3954598355100459
0.15322924848829822
0.19365606503134658
0.37762716060330836
0.48609027518173614
0.3697652750306423
0.173156814718411
0.15722625082545572
0.25298602231399736
0.3365815439478362
0.23049147051790397
0.20654261384076456
0.20763309409880154
0.22221035682823329
0.22017895799909543
0.11874105042006115
8.27299325745136e-06
2.7180998222549216e-06
6.163277708695892e-05
9.223322744619844e-05
8.357359008881971e-05
7.135313104624698e-06
1.0728477176043912e-05
2.986122262987804e-05
4.6479907227892515e-05
0.00011204527581240571
7.819804071493525e-05
4.046410655557903e-05
3.622765481419757e-05
6.879892582274727e-05
0.00010385060318833557
3.54026808249453e-05
2.3090224279332933e-05
3.449552316290221e-05
3.866545239188476e-05
3.475021252078714e-05
5.126470739442325e-05
5.327415080799424e-05
4.596482392201612e-05
2.6787028842099007e-05
3.214053595911647e-05
0.029753533617591078
0.01988223703310737
0.0015574837986512702
0.018491730582957458
0.02013001213050672
0.02573690250613578
0.025905733034074292
0.024979530091534558
0.02366640748436771
0.023830471574234197
0.033057103851868906
0.03221907161922879
0.029848723554759253
0.028731187564051016
0.029433236602304125
0.040165200594212656
0.03778243130253662
0.04462992024648564
0.05476972436143286
0.05551041818510998
0.04219797858147058
0.04734166698379911
0.06229751179742351
0.07471580296102853
0.07787837937103359
0.09828188626515749
0.08910612670721382
0.0739330047512748
0.06767329982472524
0.07897468753700981
0.07002359995440338
0.0562637277326458
0.04216042369465304
0.04754881114135895
0.06549937728652602
0.0752809653722368
0.06304145248731774
0.07744927436524186
0.13031632746964775
0.14188340375412553
0.10095011196761997
0.10214124014817381
0.17583101912701404
0.2547206272394283
0.2645215185615924
0.13046193135194414
0.0896559806433259
0.16770929228029044
0.2761684586444351
0.30003743705453756
0.1575758324163259
0.1299302834290851
0.1222860046396231
0.14420511214816262
0.17157602734631722
0.11933167711821208
0.08195129032584508
0.14365323066905614
0.24465863064095278
0.2806143357926997
0.08283720833045832
0.07815814565505355
0.2218194063781203
0.38306211391648237
0.3957771597656769
0.11587851299360638
0.11358045809933474
0.30752085786892985
0.4896710930729233
0.49411258806103914
0.17264149177104904
0.05704552508929754
0.24994176690706835
0.42765086039220174
0.43860855080994543
0.16340163782600683
0.11810711862149374
0.18036074122319226
0.29585605380522756
0.32927877048168364
0.16844191767112218
0.1534808901652412
0.30975812373881345
0.4900988964367346
0.5248390873790001
0.12709828567569267
0.08318976559826659
0.2798283565621914
0.493221918961515
0.49910369774284824
0.08767043563963496
0.049995638945652454
0.2881606814846396
0.48665875448193285
0.4569837418175589
0.11816153834177975
0.10504564387987496
0.320297174683905
0.44591393172228655
0.36002968106966315
1.3181613014958876e-05
0.00014149498531003897
0.00020595659519840123
0.00013104532682681896
0.00012263537726151219
1.6689462211956273e-05
1.848407367178625e-05
0.00012491391196510596
0.0003029377155606699
0.00026787775267158166
1.3359439370419086e-05
0.00013466537482211636
0.00025999570377926605
0.00014974672429704609
7.38078016587381e-05
4.240984246943586e-06
0.00010961118619481849
0.00016149988911903846
8.706220224071518e-05
0.00018095052955280987
3.259330060107784e-05
7.486121712907085e-05
0.00018623552145842682
0.00042846449074734715
0.0004727203474910611
0.02646501069514607
0.01468224879277446
0.09777724772730367
0.1590365961810806
0.14071538518542975
0.02174595460929527
0.028768311871677128
0.1035196633848041
0.16533371232336008
0.15686660952813983
0.01708780909124446
0.030360949493173178
0.10614127573191229
0.1657480824902852
0.14690006020791824
0.0163268010097492
0.029375805128728588
0.10799023497627688
0.17669541995708876
0.1656206540915558
0.025095592297338196
0.02997816656790854
0.0904398533679177
0.14914014396213854
0.14858163004308877
0.08524719045691942
0.06371918575754147
0.30757228724697594
0.4746173746324308
0.4055938514332466
0.07851376345230686
0.1142825734064773
0.31115381276798926
0.4749823324090254
0.45178108829994423
0.07342786577386315
0.11020902936861866
0.33927159594750206
0.5245135465526694
0.4807411731484365
0.05855431943227838
0.05373362192696017
0.28212880527949835
0.4632070377620171
0.42330177624117205
0.04874347859934271
0.03392818373511729
0.1579991690405983
0.27415297538481426
0.27101567474690397
0.13592003720129509
0.14829472818324077
0.4442256171987494
0.674226881137236
0.5909320904459857
0.13755728056239985
0.21456538951291587
0.5260018735699105
0.7764305185456645
0.730765396317916
0.1247820995041181
0.17991880935183402
0.5574980181014783
0.8443499229144072
0.7517933433084052
0.11899579556307373
0.09861981092551392
0.3297333769624973
0.5418904710017209
0.47514951496815533
0.08382421766906564
0.0787772555204575
0.13448445386256813
0.22413185380272796
0.23961861777334975
0.14177136674998575
0.2643273189165216
0.5775408917359263
0.7656024505388068
0.6318598466877684
0.16465658126032473
0.3064599113142725
0.6710520189396648
0.9144351028482761
0.814965400539262
0.14300658442270897
0.2442059457222602
0.5506143046831146
0.7545760823134299
0.6493710622601471
0.1419209892121505
0.18996022821807998
0.32747744929032235
0.41632978794344877
0.346150361574652
0.12381615458935523
0.16247248632530614
0.26946543375437465
0.34198437334032383
0.3158558261290297
2.5568937954887715e-05
4.5970023217340114e-05
5.4111685529139617e-05
2.7905863411395946e-05
4.0533416570586754e-05
2.1361764019118243e-05
1.31757551759746e-05
7.998070780613005e-05
0.00014055497923970447
9.679588191741701e-05
3.5696816943534426e-05
2.4301381400268464e-05
0.0001210988801549245
0.00029875396845841146
0.00026876857306340864
3.392971934172018e-05
8.882243814863381e-05
0.00011375498424620824
9.968157450684524e-05
0.00025663921325894573
5.3095891738235146e-05
3.859343253712492e-05
0.0002462250890221491
0.00037558328397401534
0.00024115977841600216
0.02243161438649647
0.017591406298891263
0.022489200957579288
0.03086959184476242
0.02650826607765476
0.027978961589257004
0.025042742206153053
0.03738564527929083
0.052382026361774574
0.05081478308032023
0.024365044493515328
0.02288776827435371
0.04295627012019336
0.057736350394109126
0.04685154363372318
0.01884071232373599
0.012333944409033652
0.02745731234354286
0.040647785616862823
0.031142143972394072
0.016551648323708163
0.0035251637644173562
0.02256698996296772
0.03603605439643643
0.028026571921617238
0.0735409848048568
0.08677022817857366
0.14030426836354723
0.17025776223938036
0.12421415158868881
0.09648180326518335
0.09011645681486938
0.1378775917795529
0.1786168957255104
0.1490875203361005
0.09528094736723682
0.0783512587162862
0.09458143015239508
0.11981105959785635
0.0836014401331819
0.08644736818185496
0.04404054568340315
0.06440012651024195
0.10563835613354745
0.061126615729002964
0.06833882136607737
0.018990231068348573
0.10047212290503012
0.1595404678182306
0.10541983353415652
0.11605284637595682
0.14146466061185864
0.24445970938011216
0.2904839618810713
0.19974437920917842
0.14598651939475832
0.12703032461175515
0.1433604849855851
0.16496626455027713
0.11964419465729463
0.1639445654405253
0.09919706994771639
0.06551748190025485
0.1147487955902608
0.04281163122071567
0.165224713812373
0.08322058115084825
0.08770144662582624
0.18710781715578848
0.1364866009310084
0.1359794654665555
0.07516855030814863
0.11975063739035692
0.19417996438325555
0.12391100188316864
0.12006171684636815
0.13114695615833302
0.21399540843794002
0.24372517828303106
0.13389487784716367
0.13563262246429578
0.07209254863783147
0.11794544962003903
0.18406946224001514
0.09420367903127705
0.16740540650708052
0.0824639891815548
0.10547126886422065
0.21564511969761194
0.1815173008507093
0.18449772948549678
0.1046790132859939
0.09464149859647125
0.18397960841581096
0.15077619062732925
0.16328568030278826
0.14762445922994308
0.15720468771950974
0.1684778982344037
0.08602998170623108
4.0878796677928465e-05
0.00014231800930827656
0.00013795774166267978
0.00018417401808828573
0.0002036837030851648
6.503414119679213e-05
0.00013647543009553622
0.00014086269332422725
4.869983725463016e-05
0.00012357446629493893
7.455095737876548e-05
0.0001354000712464592
0.00032033913275415744
0.00046996431722273486
0.00035303209603140795
4.43905004266804e-05
8.377840190012174e-05
9.707571722739042e-05
0.00018611443490149183
0.00022848742252750526
1.2711393480788726e-05
2.7740921064437033e-05
7.030867870319768e-05
0.0001130414245097183
9.397758070306941e-05
0.021410766744190724
0.021655499030960368
0.02141176158051295
0.019624574649318317
0.01781643587527116
0.020934505689631757
0.022499187224750593
0.023786033468935694
0.022442755301653895
0.01996166080653731
0.018349244839187113
0.020649068006000783
0.0212302353224063
0.01933603454526148
0.015755752739371534
0.01655598456601291
0.017232639779774333
0.017331665441256604
0.013835039189026318
0.0067010498667572265
0.018155623177516685
0.014551751639667598
0.008637727848771523
0.0061162543000416
0.0010641495142329118
0.06825791119945211
0.07421668973189088
0.06871112727721827
0.05789049166474286
0.051875070616625704
0.06722037404310607
0.07527073032961247
0.07384675344834113
0.06595485040200517
0.059936602096536465
0.059846621411124776
0.06635397670930282
0.060740405563152335
0.04138742892825941
0.031060172595812438
0.05077505702897324
0.043936365100657813
0.03767725333059935
0.031102901126234046
0.017696058105182492
0.05123692664992035
0.036231631513990566
0.006392805821202315
0.02553128672408499
0.03887909945914434
0.10876408754996279
0.12857375443279828
0.13161981092782288
0.11384331083663889
0.09200791066580355
0.11382037187104624
0.1284294422496219
0.13077314714594815
0.11248233074739611
0.09698908359555039
0.10586791707823008
0.09831141325677527
0.08047577455209336
0.04731667636749952
0.013370367019978534
0.09576479169428968
0.062822320897017
0.014325290092991686
0.04866295476421554
0.07334887657692303
0.087763106665768
0.06343560396808137
0.04878347151234838
0.08054077167041698
0.09850909939809789
0.1132089145492426
0.1397243681106934
0.1481929021044586
0.12823431267259977
0.09940613354745442
0.12039286581523177
0.12147794101419793
0.09998738244060094
0.06878461851731293
0.051426147974244295
0.11858708069281576
0.08928629439885201
0.043272655117377726
0.02836089766633764
0.05048241959809029
0.11174332117932445
0.07856034959081523
0.0462260642820093
0.07855068238282795
0.11281366028758466
0.09977055701116821
0.07672500888357213
0.07864551597954524
0.10529719611148909
0.12854356179714863
3.23609334852281e-07
9.173081972468525e-06
6.480223941803366e-06
9.217582785296853e-06
9.139248505394409e-06
6.080960347801038e-07
5.279886522517016e-05
0.00014353952446478829
0.00016541453581432112
0.00010783718432531387
3.4794057261119863e-07
1.791489928293478e-05
7.560431023084838e-05
0.00012972608194756848
0.00011384336284880119
1.0600180736073426e-05
2.0204800771254988e-05
3.070859409452863e-05
3.571474466615559e-05
2.8323921411755474e-05
6.343268875949641e-06
4.233713319899151e-06
2.218353955429236e-06
4.827503035213357e-07
1.99881667751439e-06
0.00021419757431822293
0.015671409718461114
0.04999783859666877
0.06709151619224778
0.048842865913056956
0.00020723932103592052
0.010716392319777982
0.03523111274893218
0.049483358726221956
0.03850243512409303
0.0009525841103033515
0.0033197982956743857
0.0126090384077366
0.01733063028622254
0.013417087565032956
0.0013032410468969404
0.0014127003080848734
0.001496706299262412
0.001598984703890588
0.0016952343294106967
0.0011969028430530823
0.003423076321339639
0.007881475277465641
0.01018071733157154
0.007964103945675384
0.0006656486032573122
0.04335978025921472
0.13130358719035506
0.1815323346601565
0.14669269919051947
0.0006966724497398987
0.018487618401450398
0.058515956284357615
0.08198685863459014
0.06745858462121254
0.0008719912958927
0.0015618550195860444
0.00421939667744252
0.006120451517122436
0.004944452711416935
0.001012586492374152
0.00896126855750016
0.020349484741237003
0.025500432286933467
0.01982908506663503
0.002752552456952007
0.023655205044940245
0.06011089961426131
0.078410393734236
0.061982766545339414
0.0010478059476846126
0.049782156028587723
0.1605652500780065
0.2200024089669534
0.16872193810734779
0.0014539971367529142
0.010277957028909364
0.03313634970091075
0.04568523741560592
0.03587672059630587
0.0021247538431310884
0.007829276405710978
0.021827243598073715
0.02725661184950563
0.018846873493302153
0.0032003376019950117
0.03526917970230213
0.10202439103066607
0.1326071791084465
0.09905237259622565
0.0008575582758356005
0.05531135554141605
0.15839131466653186
0.20914916687985863
0.15965147224446974
0.0010159538694793592
0.020502456611289237
0.06712009212634187
0.09295806551063635
0.07334547469413603
0.0017386535926879761
0.01245803813549728
0.03242764161988993
0.04053927418343366
0.028468717451720756
0.004542734665276547
0.036560221113369984
0.10381819223015433
0.1326624385658486
0.09700092495659252
0.0030642479609320917
0.059861071242530144
0.17369598961688404
0.2311317741628443
0.17921117161509498
0.003274008604465852
0.06569683153230418
0.18792768147838232
0.255976503196075
0.20412350388378284
3.5779574495435245e-07
2.914682111536246e-05
7.638540501024433e-05
9.173845193773555e-05
9.18103641968839e-05
1.8252244869451774e-06
3.559679912971429e-05
8.515579055137632e-05
0.0001295880362157046
0.00012881361255376775
8.953886542936201e-07
4.053208045341052e-05
0.00015367066783585938
0.00019688983406428596
0.00011909825854889038
2.6269785493513027e-06
4.672184759663929e-05
0.0001110505993281981
0.0001227922065871623
0.00010569360876179335
5.375772328418843e-06
6.398833171211434e-05
0.0001059371712590764
0.00012474708067509096
0.00011126385969140557
2.3718434799000917e-05
0.007408053430793413
0.02260582261285981
0.030222922861141383
0.021904912538181148
0.00022692157979292403
0.007600440915601842
0.02158986672129046
0.026563584255960542
0.01938307746623085
0.0010292660344623096
0.005285916473836662
0.016670836122107797
0.024489994530128505
0.02112760526799438
0.001131437637991172
0.005045096392972264
0.017453745090008584
0.023256821822708808
0.016419300366242544
0.0008959829682334981
0.006820441778230781
0.017633918174918512
0.020673836461757047
0.01475076595815265
0.00011940507492155129
0.021883312551138553
0.06200816810779934
0.08392979929697049
0.06797560464378327
0.0002170715438630464
0.01928878209389035
0.06306795630363053
0.0893616704541204
0.06950937384755766
0.002201693503207469
0.015071795992086991
0.04914834539223167
0.06358902413974198
0.046175110047546014
0.003263387775619436
0.014872331997222224
0.04266295210352612
0.05818968204194943
0.04606143071978174
0.003455006470786414
0.022491005025398896
0.06676674309769201
0.09149539083281387
0.07013699930568831
0.00021521026865528646
0.03327772657165787
0.10193112918405145
0.13584389664061078
0.10100016021445084
0.000672806269075743
0.02256986982543268
0.06594213093210649
0.0873902545070316
0.0690341188067832
0.0019455770156498865
0.018139674225195055
0.05444271960447224
0.07390945702643065
0.05571626418409777
0.0038160436751517664
0.031611053709861565
0.09054895815612111
0.11617849187169013
0.08334367503838619
0.004254343883958536
0.03750809462348877
0.09872384238614662
0.1273785723698952
0.10013436788096673
0.00018441146531813935
0.0217117381951747
0.06551066167161945
0.09065949901905397
0.07259647718762564
0.000678262705171837
0.016327627198257852
0.04784500073524603
0.06241391359495624
0.045501903303612715
0.0017020851072348693
0.02708489369594737
0.07722702767222397
0.09769429595151716
0.07062636465565174
0.0034481656020800616
0.035325218897202824
0.1036779400905008
0.14292648903610022
0.11581332393267571
0.0033360024388457304
0.028849222609666148
0.08673315916627229
0.11596980634281101
0.08775208506921066
1.4328785068737908e-06
3.0924564438820807e-06
4.28840641697879e-06
1.0871561208626198e-05
2.168923722931969e-05
1.204833158047182e-05
1.000241982944877e-05
1.4559996537262033e-05
1.6198421870675854e-05
2.595037521311597e-05
1.3650437396932096e-05
3.2843357422821954e-05
4.206951467000234e-05
3.241248744773096e-05
1.7237814859095125e-05
1.3256825894824587e-05
1.2434176048049938e-05
3.589071298558602e-05
4.77303049499616e-05
6.62352170658034e-05
4.7784786556098115e-06
2.877689340256009e-05
9.298886170382315e-05
0.00018018590553592806
0.0001597046779316733
0.0018351891578586668
0.002144913794642178
0.009628878777973785
0.013236253697653778
0.009626705708289544
0.0013132101523528669
0.003916281869830785
0.006977488556689565
0.007981992076043911
0.006355640811289675
0.0005832952271404974
0.0017514850294709228
0.005442630868475261
0.006677717297877031
0.003975441918835179
0.001090499936034115
0.0059152743229400956
0.014508452871497891
0.017556418558460518
0.012672396352851526
0.0016092736322460548
0.006256519869764441
0.018739622969112427
0.025192853386315134
0.021050979586404395
0.006056110206203983
0.010978446256636807
0.028175812962292945
0.038730799658476804
0.030156704406360455
0.006890262125845883
0.012082038259950837
0.024622990557268038
0.029785362913437564
0.02295912298003641
0.005165962533516565
0.007438114906264399
0.025937226209035307
0.03448730479768231
0.026216491125584558
0.003991609788158886
0.020348752607431995
0.05608586998305865
0.08169956160860693
0.07080921728228187
0.0021478060917778075
0.020487249285564085
0.07172008329078877
0.0985777622536526
0.07393656806769512
0.009732966166695016
0.023097534882953324
0.04851328735646525
0.059369287873190374
0.04604778630970206
0.013450488557703645
0.014249045367074813
0.026379028313777912
0.03866178824038451
0.03347941191503835
0.012728172518738992
0.018567009217802424
0.060381418754726815
0.08820432480099898
0.07095461566181238
0.010952997207372632
0.039178981952138425
0.10167559886234019
0.13407264815500083
0.10803178519695347
0.004215128690438398
0.030404498232060498
0.09740770591430055
0.14041802844590748
0.11579017324178717
0.0102450290364185
0.01684990520537362
0.038328122768797615
0.05426678436783587
0.048352287060531005
0.017013807908185782
0.004140622944398726
0.03310731035228329
0.04576985811506229
0.030785897968794815
0.019108078338807302
0.03937713086120082
0.08448471437559629
0.10699527239117577
0.08594882043922557
0.017365132818442593
0.04629110216507104
0.10501440623900057
0.13977430417511041
0.11653279261554053
0.01019091474882011
0.028480313158700372
0.07717006651368481
0.09969898606637372
0.0747819624775013
4.2871668388e-07
1.507024695786116e-05
8.529057520889438e-05
0.00016553851873397113
0.00013752130772491325
1.2093355238009389e-05
2.199092150968653e-05
5.0772174002220145e-05
5.873835223114059e-05
6.204974382239182e-05
1.5116230606166245e-05
2.769992722691378e-05
4.090070073349212e-05
4.631524921553063e-05
3.6921066054274376e-05
2.191872379874282e-06
1.6983394134014613e-05
7.483633987336911e-06
2.3136603095552797e-05
4.4299455757303544e-05
1.5254119276720242e-05
1.2854128054004714e-05
7.24549576586818e-05
0.00010467157494975262
7.990233032340144e-05
0.0014956643109335643
0.001837561881642009
0.004385358741272893
0.0052129916313542355
0.0036471142712504014
0.0017992506435285892
0.0015350735381853208
0.001188873364249791
0.0014194019711193508
0.001736085633413045
0.0018008400848218125
0.0015288525298055432
0.0010692284122101536
0.0006373674276350598
0.0007012699099184979
0.0017259376816797746
0.0012572756612277125
0.0020619422897107257
0.0026007194786225544
0.0013863277066916181
0.0012565013624313524
4.884785835829362e-05
0.0023818926874138876
0.004038881768364276
0.003145886226446736
0.005086265472154954
0.0028693304205113733
0.003571619556599392
0.007939563908560817
0.00873236844926325
0.006033617362993158
0.0050990276749839115
0.0041908469748519195
0.0038612472166077967
0.0007888750534663275
0.007702203334471118
0.006538813525038501
0.007679058360199243
0.00966341926806244
0.006376148621106347
0.0074431527538853055
0.004593891200810711
0.008050733786946655
0.012376397273617518
0.008400649535727016
0.005960054082160175
0.0010961219049438024
0.008953598305810847
0.014223407352316038
0.012061483592082665
0.008296041906015074
0.004598902791503554
0.004106664763172016
0.007727901454907076
0.006222421740244538
0.008301525214063384
0.009286307396594872
0.01617391933447927
0.018356714492574946
0.009990208411202734
0.01108272173437774
0.010420226405333015
0.016921540151781288
0.02046955727473168
0.013068839915528352
0.012189679274961005
0.005027783270169025
0.01242664566445496
0.020395095545450513
0.013718075109353805
0.011827813842066073
0.006771701521073601
0.013367024331024028
0.024292117902612667
0.02342657662255542
0.008849220162169545
0.008803587198513617
0.014864067638961535
0.017942506528771152
0.01108547122613329
0.00740841249515774
0.009254380298394545
0.020534796988162317
0.02752087668628321
0.01998174274942888
0.00889314064624642
0.005662781792147108
0.016381301423894375
0.0237534480701103
0.016570273822715594
0.01065734714883547
0.0041008642151120584
0.01068959850910703
0.022047340127179613
0.020652498811866565
0.012498761052076264
0.008852509133076376
0.012504494554573142
0.02124652217954228
0.024740379457867587
1.252464766535367e-06
4.826051850545016e-05
0.00024127877553049441
0.0003539482197641786
0.0002114217176024792
1.1267796767508454e-05
0.00018375672048436467
0.00026244564819914815
7.383558124292545e-05
8.172572302788032e-05
2.586905283644476e-06
5.972236612298599e-05
0.0002258405260432145
0.0003296683431494226
0.0002580745927296589
4.758940906040831e-06
7.033098030250539e-05
0.00028954294271304874
0.00042951257671874026
0.00029632238559363646
1.1279415962866883e-05
0.00016554590227202168
0.0003135076805214196
0.00012865775614334088
7.148124530432154e-05
0.0004751708413839006
0.02338443506144504
0.07329994151095395
0.09812271474821549
0.07611222197171424
0.001693321057918643
0.01967342898422891
0.06351495350766702
0.08898464035618414
0.07223202976265351
0.0023011642082842476
0.01579083520990809
0.05381722253926705
0.07530367830350788
0.05973141419077565
0.0023475419068552986
0.024499880903516902
0.07237096064731625
0.09382263248302972
0.07065473963347266
0.0019560548948756875
0.024643836522935118
0.06990450514933226
0.09412334804506109
0.0746448717369876
0.0013275999191010958
0.05861810249634241
0.1931013619656535
0.2785518622364676
0.2295823785284339
0.005943438564896662
0.04274111697614497
0.15362313006608858
0.22243606545753203
0.1796073369493136
0.010448144268375878
0.059258298374857674
0.20088155432934313
0.27304958612956576
0.20859786860735638
0.012529028530631696
0.06378505296146111
0.21193420309223915
0.30933869870539893
0.2562877036254006
0.00638498112858124
0.04161874330902523
0.13766595255781797
0.19751110666397076
0.1598651221190272
0.0019757557731900147
0.07032167300123363
0.2288851756385139
0.31677948386961047
0.24940372892199697
0.0060624070590321434
0.08304976405111461
0.26454019729417444
0.36023729077204014
0.2799565527211434
0.016216174488019215
0.1056894375455957
0.355607052886442
0.4996125136992445
0.39676198666845347
0.01994660367540608
0.07964688482269808
0.27920038622107357
0.38843399183144806
0.30531535622806344
0.01138256301084744
0.027106601161652314
0.10702677277628393
0.1534829434865169
0.12146541869505946
0.002168950412234577
0.06800604423383619
0.21461925250056363
0.2994372366755781
0.23763673958387704
0.001758043858749498
0.11518906287519494
0.36538731807746594
0.5073284903983938
0.39923026866744793
0.013229259525497765
0.1027602918017946
0.3429257279320732
0.47743556863846887
0.38287789166709335
0.016408961548970192
0.03599486869348526
0.1613438358088572
0.23939028656368289
0.19134956834822966
0.013825100338732707
0.03449151477135173
0.12298567943806137
0.17319009522189108
0.13409377496951652
1.3725950761899626e-05
2.9704883203992193e-05
4.445028658331671e-05
3.3036751128091115e-05
9.54201400156109e-06
2.8804970255138003e-05
0.0001487084758905887
0.00016153852704796237
5.474516161792285e-05
4.312982472539061e-06
7.5110861425073625e-06
1.9676401973865028e-05
9.025269551748889e-05
0.00015936754947414866
0.00013055286869666512
3.8183906908337447e-05
5.305716581929225e-05
5.505857674282138e-05
5.4965600610975694e-05
4.9926752794954956e-05
5.9851160692667025e-05
9.37516857326473e-05
0.00013605178986825318
0.00010378957973894319
7.155586039469709e-05
0.04955491176882615
0.0536316500566633
0.08301292345727734
0.09607467083675239
0.05535148303698826
0.039541107085943536
0.01607761965684467
0.04561530013547931
0.0832986479342272
0.07942758927537914
0.0319993065231615
0.017342892599012377
0.07815429892180858
0.13017750497753128
0.11935286865988717
0.0339609775889604
0.021220126188654695
0.08246352275949531
0.14537858414020055
0.14717865415523745
0.04419178519297695
0.02061989974524032
0.050125507251211524
0.1002373811021915
0.11431361618803142
0.1622744267838296
0.09346634725456258
0.12069666889959862
0.1976486313625933
0.1341188649889345
0.1675247567713992
0.07852985816525018
0.18336034642511556
0.3523915891098789
0.3638015802132652
0.13532688606167634
0.08772708906981533
0.2745692463650226
0.45797666450123303
0.4493749101218193
0.11204741219933889
0.05879730046023144
0.2320087802910765
0.389442588861257
0.3761595262470617
0.11750095856012747
0.01529768523412406
0.16782559543915515
0.3034133403828674
0.29566928006970356
0.25761810461305223
0.10047074441023107
0.24828848233077982
0.4680380841044761
0.4108443476772764
0.3175401813070124
0.1982830322218613
0.38673583202195627
0.6576539540577923
0.6748407672735601
0.28419029252796996
0.18340367904867694
0.3841821059566648
0.6281209717514269
0.604673731154719
0.23092300424518222
0.07132756723846972
0.27210222090001374
0.4800542772902536
0.422879969323779
0.1985746419437405
0.05101681444245601
0.3660605572652826
0.5635879187427209
0.4540378631388888
0.26687899652375413
0.19623883390106267
0.45967007636359863
0.6810461399348428
0.54618931087943
0.3548657324489962
0.25612781063081447
0.3694442073310294
0.5797089749422327
0.5635710966398834
0.3661261831148246
0.23436445043051699
0.2124248736203958
0.3682600229268717
0.3168725270673911
0.3289069482167293
0.14537867659957213
0.22955022145617845
0.43083334560848024
0.26355245068118455
0.25659479758467235
0.06125710686852057
0.3954626934538541
0.6181576683802688
0.43516729470846316
2.2053331882761125e-05
8.023081507968292e-05
0.00013768393842108754
0.00011828520888027951
5.7838450944658104e-05
4.808177752393083e-05
7.12957838516116e-05
4.245868265747324e-05
3.1733468837176604e-05
2.5657302856663246e-05
4.727539793955125e-05
0.00011476161068313149
0.00017900305422600526
0.00019802634292416898
0.00010903374617415129
2.3244453199676354e-05
4.179315228588254e-05
9.198986970325398e-05
6.91663813166342e-05
3.5347647757118606e-05
4.852913922878906e-05
0.00010154373860783428
0.000114197810216155
7.711235046364074e-05
6.354639500912624e-05
0.044514416792525276
0.04601899682646486
0.051259562828739634
0.052916913562336326
0.049423698261820005
0.04466109737028276
0.041884132283907374
0.03970938838562642
0.038937881240863406
0.03677020387016677
0.0387397699556523
0.03933772570168468
0.03994142267794905
0.040533662994082474
0.039936488933179116
0.037380184589122574
0.035524826239389136
0.04041948514712626
0.04387463035205867
0.041451172626497335
0.03988655056196924
0.040058152461714604
0.04377470823097215
0.04737259007490088
0.043629431974868634
0.14354113243840813
0.1298490851267797
0.12632409367014438
0.14081009715084292
0.154999547587117
0.14377694732195057
0.13385292058375353
0.13331728690528846
0.14138571851232265
0.14565054526106821
0.13545551509846318
0.12942530668419755
0.1316487582463239
0.14031287630916076
0.14708910087303032
0.12723076516496107
0.10847278934874018
0.10284919538712645
0.1258748201873841
0.14539826690606716
0.12346977247616966
0.11436526040311085
0.1301936490937029
0.15321247490793516
0.15206307378256897
0.2280074185455671
0.21028897473957261
0.2037082218296079
0.21477636640363296
0.2331579591842528
0.23455929150766414
0.22504446213834206
0.23052355642945896
0.24213751838288677
0.24247366901523876
0.22850935451087911
0.19558243224481164
0.18272184637242067
0.21282157346137145
0.24276394383016175
0.22351549758289133
0.1954386237295383
0.20807660165752792
0.24412865118991484
0.2649412952493687
0.2127915926975527
0.20215488738837128
0.24287904946563232
0.2958381395595259
0.2995391478524907
0.23675640545453916
0.21368089032471277
0.19598301573118604
0.20141474579052285
0.22638892488819046
0.24486427277294415
0.19654955953626937
0.16098813968056172
0.1948375177670059
0.244727269986661
0.24181639300142327
0.18527276933478454
0.15467262343885865
0.20017563564366506
0.25813678762333475
0.24683499543997847
0.20148832572874353
0.20656855406536195
0.2661293506966792
0.3140459475845266
0.2396185780207043
0.20422082472296368
0.21582747332966148
0.2640473068742633
0.2945968971764878
1.9322389350634052e-05
3.1726523983738154e-05
5.486563327135077e-05
4.8840625059209815e-05
8.634145267432998e-05
3.519571890478436e-05
0.00010380369140284674
0.0001509822876309033
0.0002181639469464599
0.00027993739232424006
0.00012176143823156489
0.00010740451241660717
0.0002656660602814298
0.00036488675806796596
0.0002745350449947838
7.283746923845381e-06
8.554155301149929e-05
0.00013682473300907186
0.00016038953455416071
0.00013541589889192327
4.742654041804919e-05
9.146071888981146e-05
0.00012106249135460365
0.0001516654571086581
0.00010264588691246959
0.048346344669866
0.05793266518718394
0.060728378221253675
0.05337030963712195
0.03787753840710945
0.04666425208352143
0.05574626351357042
0.06034120042954046
0.0566773647661142
0.049336124209957956
0.0477861834792142
0.054562216336480104
0.05935002107143296
0.04888314659753831
0.027633084470299586
0.045169365974910516
0.04338930258955714
0.04578309111320541
0.041902258853757625
0.015297672502176727
0.04214504652557049
0.04228998661753345
0.035583547578556876
0.022599985329621663
0.0191506332085549
0.15963221074775857
0.20801944044062218
0.2249936501108409
0.1919657178917561
0.14283683777900244
0.1553769537530985
0.1936435296290578
0.21447510974039324
0.1789509326098791
0.12498043086345631
0.16188128498904758
0.1825125823880234
0.19569740432401211
0.1528847639721548
0.04572144525978386
0.1628461502488193
0.1609214524387059
0.13624711415830532
0.08333723378749788
0.05248824612575644
0.14844991411435857
0.15854532562485754
0.1528913527510369
0.13312863951102816
0.12405039900651042
0.25441680909232
0.32082396045539757
0.34557934119982
0.29852546453637147
0.2186492303891434
0.24824387115883645
0.306188941059678
0.32599258921564617
0.2790191568317636
0.17617918265587568
0.25204005116366845
0.28836038583323015
0.2936983682586873
0.22206280828534627
0.09124268416202726
0.26225495779623587
0.30540580732658945
0.3051769280165607
0.24247748128292473
0.1761899655182544
0.2571204463184776
0.30706280740395103
0.31259827428858167
0.27653435329680365
0.23872060206740064
0.26487498561633155
0.32810951961531226
0.3650212677536893
0.3147265573470801
0.2052682404419208
0.2617045170647736
0.33117375368166274
0.3731868318401234
0.3253981111450561
0.22337835656061814
0.25842251659482424
0.3323107702356575
0.360371414954124
0.2952946123686676
0.18630612965113855
0.2674472806135888
0.34348868075977934
0.37799116400129873
0.33686281545844904
0.25813471370935265
0.2743334803212185
0.3630262047867414
0.41107684701156066
0.37807102304954354
0.3041746111409891
7.372317423813915e-05
2.9173093486145708e-05
6.352051801690281e-05
8.003812924273008e-05
9.82967931936386e-05
7.525484690732508e-05
0.00016226611955612595
0.0001252828380453413
0.0001389155322232564
0.00018977380588031426
8.392546880939337e-05
3.126414897471875e-05
0.00012500854438992522
0.00017830586552804146
0.00012067110485403241
3.518864134200317e-05
6.915014731096874e-05
0.00012095143422521201
0.00018067717315919604
0.00018319784086052562
7.542158441979261e-05
0.00015908474472832662
0.0001807889324949726
0.0001766836813830195
0.00019118462501466587
0.052426160859409224
0.056264863811520766
0.056379932663852515
0.05231302969069054
0.04662055822811716
0.05123747932118687
0.061765343743099645
0.07092885629046364
0.0637339889710363
0.04808497203269126
0.0443914188324903
0.05260237491370413
0.068351151387152
0.06286531612282366
0.025803381299388663
0.03568825948720247
0.031869291374837065
0.051465439589630936
0.06373539564312192
0.03585636441498414
0.03475927460994562
0.03091119819126691
0.03514247619927842
0.03805230590865549
0.017973372997150894
0.17323290205986897
0.2000686666945958
0.21990642081261036
0.2042893449044672
0.16654541728318178
0.18331462104724203
0.1825726188321476
0.19301755770297072
0.1876433133989199
0.13419083358212713
0.17430048188251626
0.11868198160919964
0.11919617125402768
0.15154676326134903
0.07220245173060895
0.1481704672823999
0.08772004670962405
0.043582194128392183
0.11263566273576399
0.0996732929319886
0.1270862879436904
0.10730021930519408
0.05080439695407363
0.014394870055440911
0.04513707909184465
0.27866248254165843
0.26980944041438915
0.3030250954646941
0.32964034282036
0.26245438363193596
0.3118791275080818
0.23438666362482025
0.179296844751042
0.21458930375589477
0.12232185528994044
0.32439950194122863
0.20735425501615823
0.024421778979567148
0.14060658547977098
0.11957555790417873
0.29890109050419655
0.2429211122479795
0.14059424831990744
0.12861946495948884
0.18078842135784434
0.2500221409533185
0.23843539677278935
0.21932583158725696
0.21149603124274147
0.22371610092402622
0.29276448974090535
0.1940247780523848
0.15022736926024602
0.23613565042544596
0.17151207153847076
0.32827433108544873
0.21946402205987459
0.023017004071658066
0.13574061189186656
0.0404747745465367
0.3666455951593927
0.30908562783763827
0.18125376432151818
0.13160456695300302
0.17908863543011344
0.35492027968653883
0.3454356416882445
0.3200047714198143
0.3081644383322639
0.3199366421644259
0.31736277394449613
0.32326019807726847
0.3244329124863742
0.3229271395132161
0.32317224817675416
6.263327816977151e-05
4.162068220636262e-05
0.00010717714486448271
0.00021750381482966446
0.0002749639329760534
0.00017762293206008114
2.0008255383395602e-05
0.00010830125843635479
0.00021009882781360277
0.0002650540102230791
0.00015508341914502907
0.00010206048251020389
0.00011596386753862214
0.00022237563742860726
0.00027457828641448337
0.0001445742712353724
3.1282550885051006e-05
3.0041519295355732e-05
8.145724584845234e-05
0.0001414827403436811
0.00018046360177332508
4.751797098573852e-05
5.38525676675285e-05
0.00017967750209755884
0.00021787655887569484
0.05691404371701308
0.03814403940445446
0.032370116548475596
0.04466908896864058
0.01777545271015759
0.05895122816657713
0.05022891305222739
0.043742308261364445
0.047569093533814215
0.03763371764138939
0.06741386147301127
0.06446804872410068
0.07130353881206992
0.07386237987385365
0.06872443288262682
0.06838045302999618
0.06969701993810212
0.07035421107928537
0.07024957818135484
0.07027526513409016
0.0605946812627637
0.0620241305577611
0.0651689802767781
0.0656641451339013
0.06286007665610598
0.19295373595935664
0.19083374448479773
0.19819994581085976
0.1940651111881249
0.12474604171974621
0.18842483394071136
0.20909797781417094
0.22316378259878059
0.20404883242231586
0.15183593408156726
0.2190559091637268
0.2258259256898008
0.2221115990565695
0.21452824689825384
0.21443961411160545
0.23095328475445062
0.226210395494726
0.22396254829686627
0.2263757609071312
0.23292360300512374
0.2295353188988868
0.22354446028055275
0.22515232341822544
0.23833456777741188
0.25655351048719743
0.312568125280998
0.37557334389551283
0.42469114197508095
0.384442506643057
0.26386256852086154
0.2804062950473689
0.32505363440433355
0.34655946493769285
0.31114677950869574
0.24931980290167652
0.30980419703865136
0.30782252552800254
0.3083352046895452
0.3142590761291247
0.3229201263085151
0.34767921355850034
0.3262420636906046
0.3486167872677939
0.3936101584943137
0.41517856848497076
0.37448461050226006
0.33569131600779945
0.3520413757422096
0.4157809649113839
0.4617215216527672
0.3280848551530223
0.41118046849999873
0.4439790703983292
0.3894415248314346
0.29406930778517415
0.28121830278488974
0.2933056557725977
0.27136875966673807
0.23112687679567112
0.2055326866489083
0.26728205703790564
0.23177944830354139
0.23477647715187483
0.27721784729067134
0.31746840036916874
0.3059810383697146
0.23671457367645887
0.27891187388583943
0.3940183870995549
0.4592068486920467
0.359350159682304
0.23341838995876094
0.20419342807332036
0.360279407211788
0.46829353980640837
2.3864010148850978e-05
5.866904864425975e-05
4.439967522508545e-05
1.0256846904082574e-05
8.554687370713851e-07
9.177724580236632e-05
0.0001370520424471219
0.00016821927862628816
0.00010426325856011927
5.5930234845282206e-05
6.581104389455306e-05
5.383976151330311e-05
5.431326546243472e-05
4.0758513733568705e-05
4.080766762434055e-05
5.00457202331971e-05
3.838985581257673e-05
1.53214080274661e-05
1.7993103924644886e-06
8.702351890572017e-06
5.657555737236021e-05
7.891888808156549e-05
7.743582998651007e-05
2.775014349037656e-05
2.1370837651061212e-05
0.14216563151946388
0.09433175538161852
0.010330870594825882
0.0418001835594989
0.049461833987708245
0.13950236253346132
0.11665810128818394
0.06228719095327994
0.05318256908526865
0.09357850084689376
0.12771157351026285
0.11815480877738645
0.10388164967219843
0.0980873487417808
0.10416886911432138
0.12297835693781196
0.12385333328781643
0.11848646734977432
0.11344160269934245
0.11209429558953256
0.11492482480901656
0.13307311432186592
0.1436923484271906
0.1324682846947829
0.10935977564133251
0.4638986257178681
0.3365359405889131
0.09251966879373734
0.11738160933717573
0.2555436446370567
0.48891920795303156
0.44532204526375235
0.3285489525722222
0.23834953594804473
0.3131354367107804
0.4838270184224006
0.4724815857351215
0.4251431737513916
0.39030814830027316
0.40853427568888345
0.45971516980434074
0.4706483751021875
0.4309564744574178
0.37233465434694096
0.36140017940000674
0.40189363830305547
0.44257132411443106
0.42640193743677945
0.3194452965311798
0.2036106302729307
0.7373385038345326
0.6078155033938699
0.3265793078225945
0.12466835405731179
0.3644180519558123
0.778510051539134
0.7778065872342216
0.6545282382987763
0.49306211334498523
0.49440406037612294
0.8097786776222472
0.8251277328886092
0.7457295761940917
0.645250823238723
0.6451282645594939
0.7887868163558165
0.7800272765314965
0.6743961839581062
0.5173513799746383
0.4990307340872989
0.7062795528077422
0.6486267894428976
0.5268917296373515
0.30282180104575435
0.10057449258284597
0.7675730330748669
0.7323870155314627
0.5603343555360328
0.3538375561216279
0.3857664957550127
0.775890106623347
0.8611557396873247
0.8115828046438108
0.6185362958232468
0.45055564941507226
0.8251148473974241
0.8734042961921182
0.7991651534849907
0.6287116206201877
0.5594326414561792
0.836059241912253
0.7718819638029962
0.5856440324707887
0.33194569213747416
0.2658965543978627
0.8099178024084412
0.6226598206952159
0.36606867820484656
0.26423676396945667
0.3222082201858854
6.602394239292121e-05
3.044297274905291e-05
6.861364980257332e-05
5.483135036686466e-05
2.1608930974778936e-06
0.00014508997069384976
0.0002819029316721773
0.00021957894411259586
5.927866665368401e-05
0.00010360538972816322
8.996565321739288e-05
0.0001814738472999613
0.00016110775824365784
4.686523943080783e-05
7.782721261748141e-05
0.00016330036253373045
0.00014288520341217286
7.235446337616115e-05
3.1298440112221926e-05
7.450000534804272e-05
0.00016218891518326905
0.0003317978982416704
0.00026013747172779953
9.155378151294164e-05
5.480337137415683e-05
0.15690801576338453
0.16736807110808696
0.16223472283481763
0.1444534590615639
0.12979093866309668
0.14656721626978556
0.16642956844038334
0.15374055780994597
0.11279621102835213
0.08189982979597515
0.14780419863000355
0.16285345856327216
0.1456537245462889
0.11113637404031122
0.09511789716129307
0.1536961302820186
0.1587818692231688
0.1496926669586469
0.1354572234377713
0.1308960580576859
0.15181796587179
0.16165600212346434
0.1425818086448568
0.10948887058576204
0.10077710297246664
0.504519960324454
0.5232423035210935
0.4839616962203261
0.41193433215801983
0.3857806962461317
0.4911650569363034
0.4886675073741226
0.40790867354148125
0.27710313138696335
0.2360753241167264
0.4643503552256494
0.46918674210557704
0.425167232177894
0.3756471911178235
0.37121617000828766
0.465637293561846
0.45501399991992586
0.4271550954715106
0.411868502223751
0.4289885957014005
0.49215773164695253
0.4524681366740878
0.34391953326065827
0.21900373516605595
0.23423741999666065
0.7972088095709406
0.7679544863996908
0.6447517918417509
0.5180419203100757
0.5141843935317232
0.7980926370489656
0.7761993368173986
0.6620042228184417
0.5367077164380669
0.5244086827151541
0.7620667392051239
0.7716422461027995
0.7500593600601572
0.7221057240410875
0.7160890570740752
0.7277642827837065
0.6921496448522557
0.5880929372835796
0.49961353049511104
0.5351957925702487
0.763096135779783
0.6844909133954747
0.5023408351692492
0.29370186852895175
0.23729834811806078
0.8264402964460479
0.7714966427679921
0.6306944060738231
0.5436985201731003
0.5909066031742132
0.8392869017842264
0.855392268984866
0.845879780780219
0.8068818931001915
0.7699508281635603
0.8307612605743157
0.8242202275504048
0.7827644962414407
0.7447675335229522
0.7530375176611764
0.8002781858315909
0.7408292015563193
0.5841206662602255
0.4841375056597045
0.5210900881369513
0.7896690294669477
0.752791811070421
0.6407019759640195
0.533095213403387
0.46319922868458774
5.1655387444373336e-05
7.133329798571217e-05
3.308203190155377e-05
3.214385925002911e-05
0.00011919726319917459
0.000339561798193112
0.00022548857979799543
0.00010106747537228524
8.670756108410517e-05
0.00017580228996954503
0.0003404464890011125
0.0003278161536884185
0.0002735927836795139
0.0002222833130462387
0.00016256906736836734
0.00014019816240282064
1.9574382492523236e-05
0.0001855141204506217
0.0002565659959329811
0.0001877463376805108
0.0004015592923104631
0.00039950563425567476
0.00021618235593473043
5.9039046285950186e-05
0.00013014641935557531
0.15112264011637622
0.14523450601268906
0.13699089640589673
0.13388849001027214
0.13804698784591424
0.15786020646272453
0.15101348113866758
0.13634419509200876
0.1304984664345536
0.1373405412021087
0.15506549775242162
0.146141228364193
0.12906279810954124
0.12136530590113571
0.12701753054562664
0.1586441529284848
0.13271742288628013
0.09508926074362607
0.07826347964910005
0.09387062358973125
0.15933026848770787
0.1321206625695858
0.07976433654059314
0.049689817958975466
0.06998120458486823
0.4861865625338292
0.46967312113653037
0.45570621428914665
0.4567618822671746
0.4621852179155981
0.4811695917381265
0.4432491157551356
0.4080553017189634
0.4064602095554849
0.4272443675501375
0.48959898702122745
0.41561512124659117
0.3016191863778473
0.2732352643099358
0.3460943694241595
0.5028754534266455
0.38701327732688307
0.18368887499918848
0.09831887979386512
0.21583635695665115
0.5109158753404252
0.38280698297381627
0.14235389526291573
0.023891354612720506
0.14374814479494216
0.7682482014955256
0.7309180892669416
0.6760223596275576
0.6542515444661912
0.6889678362590458
0.7341317628210897
0.6248261186627292
0.5018985896261557
0.5141124610139757
0.5881596354186507
0.7490169967410286
0.5698615120903184
0.27885691361092246
0.25571729518123787
0.4178383803800646
0.7717432219869476
0.5702248663967975
0.20423674372274633
0.03634669008231129
0.21067998119749928
0.7980900219978293
0.6094964036060345
0.23031227123899942
0.04134797199251872
0.16742902342582766
0.7948098604221372
0.6769586279411972
0.4978085552265735
0.4652912944426381
0.6088242022157456
0.7514647183563294
0.5495781014705637
0.18889998758189572
0.2378435194067469
0.42649123090246244
0.7448007569013533
0.5377759909073542
0.19467784856709908
0.192920317621888
0.3266878192342027
0.7566821428829547
0.5872427613240037
0.3131501325190021
0.18932974885372222
0.23491454863747271
0.7972634853724927
0.6462903425181153
0.314548022185773
0.058567247510619716
0.27214542501033223
0.0001461649342103839
0.00029414085494244044
0.00025867974808836046
0.00012889649879531875
8.023095394041009e-05
0.00028718526136898507
0.0002547005600556814
0.00017860641622399363
6.821401414548327e-05
7.645306465815357e-05
0.0004467892904605838
0.0002635054840005548
9.581701854391754e-05
3.513229976319403e-05
7.927103577551942e-05
7.02525861603539e-05
4.442406516044388e-05
4.51695362713352e-05
0.00011239229431394473
0.00013632967923131258
0.00029297362357534037
0.00012678756250436593
5.225930336393513e-05
5.009282117382924e-05
0.00021686278115388833
0.14354308973024996
0.12306902011120675
0.10987291577633118
0.11702836323749848
0.135434349175967
0.13863686008543144
0.12219036605432854
0.10700168081138337
0.10592122136865598
0.1188862383428596
0.1273774058595782
0.12655362500785794
0.11576566649495969
0.10641957530282252
0.10689589589460288
0.11498993815328062
0.10636703392063364
0.09473470642074325
0.08622563954908305
0.08913131190088923
0.12081400987989148
0.10514228830895282
0.09280395307650678
0.09601005594267664
0.11147471987358741
0.4675363606474698
0.41200654909009304
0.3596760027846347
0.3543821367053573
0.40072873929893343
0.45943247485483146
0.4295033308829238
0.39758371449356694
0.3945228161509627
0.4204946146168095
0.4371371133206493
0.39097013978764356
0.3114174266133926
0.27805470969957435
0.3257051636559986
0.3958840586500848
0.32094327991242866
0.2165979963481675
0.2065333401306088
0.3048002317918348
0.3878018103233896
0.3196067631564452
0.2988543002537337
0.36016874098007523
0.4345090044533858
0.7442080637601252
0.6952158918813501
0.6246846962432158
0.6002141255185153
0.6431518334941986
0.7537671165659412
0.6772035057773396
0.5696377881625556
0.5485285001327564
0.640763874605314
0.7328304942978243
0.5947657545073088
0.37615191291299127
0.34820597803948067
0.5415051948789205
0.6956649084105849
0.5536448110411776
0.44030024602846884
0.5126707729950057
0.674327049280165
0.650303436744617
0.5393170640609077
0.5550048162199204
0.684883558281677
0.7928659909341081
0.7757099161894639
0.7158439468010552
0.5814353681539086
0.5070912382849138
0.5902314845376098
0.7976660679563697
0.6702520704371716
0.4239000222908991
0.34284716756520117
0.5339300694907438
0.7888093423330903
0.6280834966540916
0.41422720160558535
0.4335388555898057
0.6461684508221512
0.7835177099493624
0.6682787702747459
0.6261523805123114
0.7068400206528888
0.8256852555765071
0.7377876560659552
0.5956902602766916
0.5014478689498942
0.6000358552905972
0.7469649579056215
0.00033704428988264636
0.00012688440956720007
0.0001116369428233621
0.000246608036451559
0.0003197113766295298
0.00038613587838972496
0.00043243264904935534
0.0002222957293197779
0.00014338064582270478
0.00031801306805295375
0.0003173916129651308
0.00025041925982694435
0.0001679509830564842
0.00013424317996048595
0.0002774000362048299
0.0004156489018946788
0.00022672328378327812
2.2499427867280793e-05
0.00022172045988985754
0.0003832284640861855
0.0003255294830748875
0.00031712518252789435
0.00022029499619163087
6.273800973124216e-05
0.00023135787462165523
0.14688837640506153
0.11115464914130865
0.04450857431830933
0.043242916249854095
0.05134730353707451
0.14438010233374257
0.11323922135097146
0.04818910921506041
0.01818040571015447
0.0475407294979552
0.14827620456227766
0.11390908587961374
0.0552671175097843
0.057025576852417825
0.09654121730897025
0.13546255292213846
0.11483760790785227
0.10583557070245675
0.12199673455789062
0.14858098863505745
0.12944916929004494
0.1103135627392834
0.11959446840850985
0.1483568408099205
0.16479659714140701
0.4902370485825421
0.3734210654138759
0.1361124924101986
0.045166950841829756
0.15543267076577738
0.4989042569071812
0.423043364530387
0.2674257078789007
0.22286574310536175
0.3112040204199252
0.5150001371744855
0.45601764144452084
0.38381590011074945
0.37694387001203805
0.44039591446898096
0.48491147989045297
0.44696886757325627
0.4509758368423806
0.4941347020760722
0.5409963186503235
0.46896566139239154
0.4322691870419996
0.4562288213476563
0.5139771055266208
0.5384530334912321
0.7867037208587774
0.6405672180313391
0.350248616944534
0.2597861222097602
0.4207785683178011
0.8090544916713349
0.7270491174444487
0.6303310502526001
0.6460290888582455
0.7245582373429824
0.8501459347005894
0.792106197408366
0.7600518889873354
0.7865010061684947
0.8384474770176744
0.8343442319560007
0.7943576800464465
0.7945919305039707
0.8372359631844782
0.882892221578409
0.8074006467081128
0.7615454493003797
0.7704048998036812
0.8209363601905966
0.8470295673108627
0.8234114255207083
0.7579180481380534
0.6484061970699619
0.6209602850618096
0.6692752535362971
0.8358492550261688
0.8193623044584893
0.8309725037839026
0.8546655133974964
0.84908741803932
0.8823457905670687
0.8636231545230194
0.852467691237363
0.8654915706039598
0.8959344765250252
0.8961102252149501
0.8637597364540444
0.8330401409640044
0.837027868803411
0.8639774593331305
0.8882458062002131
0.8103577964774981
0.6988647365361473
0.6593302631635437
0.7015004370358633
1.6560798950874294e-06
7.466421044744126e-06
5.814017987994753e-06
2.946083109597239e-06
6.507838333879424e-06
0.00012639170305140545
9.026279029432244e-05
5.8437877512926184e-05
6.593581028363909e-05
0.00010402231778670158
6.210033564444046e-05
8.951309970779e-05
5.9472185094544776e-05
2.5883181985333984e-05
4.519738058713321e-05
7.010427725054178e-05
7.260247665934023e-05
7.451382220925581e-05
7.24356339581742e-05
6.95115177849752e-05
0.00012420713845557617
0.00012795124870946192
9.050020500164816e-05
8.270899270307935e-05
0.00011532509073633928
0.1768794970175504
0.1371798314757096
0.05581805872590295
0.021385324013435115
0.08243075813980157
0.166914126297847
0.14713490256972084
0.09147475220796948
0.03530137582909399
0.06535134501966584
0.1712012029804617
0.16201862789225646
0.12775166182966538
0.09230658121227518
0.09596032062355309
0.15631788555537113
0.15225617462832608
0.14414739755182904
0.13602363892144265
0.13848122255269277
0.15926110191836793
0.15200695120026705
0.14949656604001973
0.15435183132273553
0.16175637791078973
0.5780397652282336
0.4615372384028835
0.21563379207315916
0.08592154194532306
0.225870524251312
0.5677728769054571
0.5354053262815338
0.4296319301877002
0.35804958414532856
0.40227179865198864
0.5573523978693786
0.5447589471420519
0.5198236201553076
0.4951955590524094
0.4791486095499445
0.5276203960834155
0.5180141741321352
0.5041996749973815
0.4991419819815052
0.510023262409581
0.5268912895668826
0.5060929032094328
0.4981695731936214
0.5132595415766259
0.5344676166082709
0.9196120711166941
0.8025474035411876
0.5600528594059481
0.44773712730516113
0.569735243861064
0.921275926200382
0.9039463284117204
0.8623709118111548
0.8402149537247295
0.8593641560500986
0.9168593731125894
0.9096129815906581
0.8893972924995222
0.8661169103328443
0.8554275056095978
0.8823005481921322
0.865811283072645
0.8468631816161969
0.8445432527871946
0.8609187297977549
0.8562450823777005
0.7810688743078169
0.6839131872398219
0.6704895436311608
0.7328882425418971
0.9569830770560451
0.9281931670339116
0.8511123232515027
0.8028130890307673
0.8303185979063797
0.9628031660751667
0.9625899170012401
0.9599134162877291
0.9564306362575935
0.9511089171335423
0.9677459854649002
0.9643179575879968
0.9582640908420649
0.9559185800883592
0.9586982720961865
0.9621204317840167
0.9030110148158718
0.8117258943836331
0.7773537106476103
0.8306034901316335
0.9383701142763805
0.7697606904336467
0.47275613089279134
0.3209593984705455
0.4534366392210232
7.340191931045319e-05
9.35028350729741e-05
0.0001332012311670231
0.00013203244668069943
8.631363270893238e-05
0.00019710510595164296
0.00020316439593433795
0.00014034830240562964
5.144034853368761e-05
3.038104876091151e-05
0.00037036318986968027
0.00042002928152928566
0.00036197342585694636
0.0003143588340651441
0.00031419585602186404
0.00013119288621196685
8.9374998129387e-05
0.00023785998947747496
0.0002450474903163608
0.00013328298379078013
0.00022902727010674017
0.00017795568937028496
0.00010770023090875227
6.350346224100986e-05
7.808810984572681e-05
0.17342598610622567
0.16969209743595864
0.16620408424148522
0.16418727564374305
0.162951209095012
0.1630251798846099
0.16808181358218885
0.16831115579967548
0.1613543593945916
0.15671381815759347
0.15756497602614578
0.15834653960379544
0.16551982056098144
0.16863562196445256
0.1636240550083818
0.17114927925278636
0.1493885310540845
0.118463224370054
0.10768988939241217
0.12599304117988872
0.16429634548367178
0.1351769697827749
0.07431281925974804
0.03670957040362231
0.07338587979074791
0.5728224322817556
0.5564113727308838
0.5193033414235525
0.4903481108341891
0.4952551426792857
0.5559890686658467
0.5545586885359514
0.5186229706665573
0.478619530412139
0.47908266370845515
0.5388190200295245
0.49438990383807163
0.4068345686461389
0.3693276378738586
0.43013833294635373
0.5505774676777603
0.44111037146608323
0.23197540148173187
0.09253912051865593
0.23485176828004656
0.5538672910888304
0.46483807693254847
0.25763935517870284
0.04976076994144932
0.2302423944469012
0.9154591965063394
0.8874350448648832
0.818795745405668
0.7732708492583068
0.7939439596879978
0.9092019464627038
0.8767059446416199
0.7613922733580037
0.6561387197514885
0.6705039979892858
0.8930704387318663
0.7969015425605748
0.5288718841630606
0.3100776211237687
0.4557209139752852
0.8798791837308437
0.7581572910824812
0.44934329206825385
0.13181117677102927
0.23002677882329434
0.8756961816628198
0.8251798703451801
0.6053558830812571
0.3306828583125721
0.387944701637208
0.9561619309698116
0.902543506165027
0.7915355947875519
0.7301863059491026
0.7836849175516498
0.9555761594581123
0.865232024496233
0.596315318013464
0.3013221878949591
0.43496411319837086
0.9468215122778372
0.8440714368086248
0.5074597085956023
0.1352287392315104
0.26001090139424393
0.940217072190781
0.8916316407814296
0.6353051640782672
0.3338367177179006
0.37296290087075146
0.9324598716946241
0.9331529724933397
0.7996678282147397
0.6328949969101949
0.6017437401781524
7.418600826828711e-05
0.00013208434831639502
0.00017013836077000533
0.00015156243424805288
5.127687853094499e-05
0.0001544620434529362
0.0002823449581136538
0.00020810962178939408
0.00012895769013652255
0.0001631401755979823
0.00019763003561973266
0.00024293720288182696
0.000222180248396088
0.00019359263969132435
0.00023112593682846666
0.0001714654088546698
0.0002230055263788032
0.00022041287526647867
0.0002514270777630638
0.00030045987107137464
0.0002461172599206994
0.00028684277795713495
0.0001777187357782166
9.908248922884857e-05
0.00011064077309595403
0.17921238141415902
0.146918239721439
0.08543010216276632
0.03939877773641559
0.08840346018161906
0.17109117872381543
0.1464155882891209
0.0791441641615649
0.039834895056254024
0.08261288563744847
0.17143137202969447
0.15470626294214998
0.09005131293117598
0.022003935377903305
0.0664773256632891
0.1804697532644833
0.16527521564911096
0.1336507000924166
0.11244569974789681
0.1291982416303397
0.17229850198545893
0.17701679847191537
0.15682065497774844
0.13304395403094502
0.1335883395974138
0.5824653703924725
0.4571068294725916
0.21861580601019615
0.034890007338204854
0.2216992714001512
0.576518852277358
0.4631441579792866
0.21307006054988892
0.06439931387421373
0.297342761045312
0.5682123689922072
0.4934796440549408
0.3510712296050407
0.29418554183101175
0.3985723158351774
0.5701016054170627
0.5171277654433374
0.4648639396258448
0.4656834758221815
0.5220287899310846
0.5713725054436675
0.5499022432378435
0.4850278115929814
0.4407515854192934
0.4623255559755831
0.9249348461471926
0.7384751392459293
0.3515395183328644
0.08549816212248157
0.2949949643358827
0.9175596925759383
0.7951330233598057
0.49825978333612797
0.25559637250653294
0.48847586853825703
0.9141901309551312
0.8440924315851973
0.7442053690991468
0.7204468683852246
0.8018318760759088
0.903989034839623
0.8426861697965873
0.7901452197432388
0.8036792848330007
0.8687871186351143
0.9006632615791675
0.8601939137517699
0.7667878174086349
0.7019273777949978
0.7306894468875158
0.9605678678806577
0.806648370649364
0.46973135075177425
0.23478411400569346
0.42128926758144564
0.9446654241446449
0.8866307804454298
0.7475697890985182
0.6546809937337493
0.7121206457264926
0.9424029937266193
0.9062398357035181
0.8651371589924798
0.864505695872311
0.9070211530469084
0.9435910261897834
0.8985223515047692
0.8666222273850435
0.8849419058403167
0.9327157014671577
0.9467179929364559
0.8498353774753346
0.701321708222006
0.6448941287534724
0.7494475705915699
0.00019865149527756263
0.00028620044604315864
0.0002905226232808646
8.556736204772469e-05
0.00023433420347970132
0.0003930478033595219
0.00033000808474894567
0.0002277930333565206
0.0003144091832175229
0.00040644301456843347
0.00024793146152224025
0.00027824927326554187
0.00028462105585111235
0.0002808987750048009
0.00025287604149337294
0.00013882185776727425
7.01196454979087e-05
0.00015278054361825603
0.00018672397471844457
0.00021269331442475182
0.000499713842797693
0.0004394300048197851
5.6606651658674186e-05
0.00030503609009730154
0.00047694946093148266
0.18464795449931368
0.1463405306230856
0.07230144105946883
0.025538448813920603
0.07192542930887763
0.18824290617346578
0.15967563460772413
0.09426898883457985
0.054768372414953165
0.09746522757495965
0.1783472616811919
0.15012887346431142
0.09483817623664133
0.07759048318766809
0.11033114669525466
0.17473299774891482
0.12990432862009985
0.06369910061409217
0.06129570117284539
0.09706343140496111
0.17890210788407954
0.13436364912112764
0.04823521765035057
0.023514952147563575
0.07168197180687104
0.5868478943646511
0.47680065947852956
0.27148009232695247
0.16827678670981447
0.2598950500936778
0.6015986805794137
0.5045878433999649
0.31739784623339046
0.23353208362720262
0.34123082754520223
0.5819039500594462
0.48539059620021097
0.30100550990618663
0.22157357570222888
0.3146101279248723
0.5666570874459608
0.4242264454060542
0.174012877058047
0.08135680778365857
0.16860438255062749
0.5652671087784766
0.4298621551880916
0.17767182653533894
0.06541341838216332
0.129923256111519
0.9220491583763396
0.7857208693063823
0.5080323166016527
0.36154222880829484
0.47398166295595595
0.9399603316787947
0.8032421110850554
0.5338419058012686
0.3901809207004163
0.5104828553631539
0.9325026507579429
0.7663726474510147
0.4168926749221182
0.23484560327396142
0.40093516547386365
0.915568777730188
0.715834105549734
0.30120016400062666
0.06469179752942927
0.24780039633360523
0.9030487525594427
0.7435017750892237
0.4155706496069721
0.24391819925290112
0.3518869073066941
0.9492333161038196
0.8335534777910059
0.566583294471324
0.37131467681592345
0.5016497628055316
0.9524579790898665
0.7878861733825908
0.4670364122435141
0.3254887824402295
0.5016186034508376
0.9657018907736424
0.7685509961756097
0.3623888589554851
0.11849894223143456
0.3796865178382209
0.9608059412577753
0.7792519196736668
0.4022585003384203
0.1450347696291281
0.39517563932131405
0.9496138821354687
0.8264492761138469
0.5930291561374484
0.49619242623834786
0.6177682116238691
0.00012474257193812206
0.000238813063580718
0.00026015713902232556
0.00018870376324019598
0.00022414800666113147
0.00036253614385368396
0.00020653977779601682
0.00014232400842385747
3.4156416281184175e-05
7.446270994033129e-05
0.00043831707220011565
0.0004441174497525546
0.000311252207586924
0.0002087279137933845
0.0003352202737311878
0.00013428803522765612
0.00024274214258716083
0.000258053357408325
0.00021711927234724102
0.00023394184206543552
0.00043381209273678814
0.00021015129141206803
2.814181868226199e-05
0.0001150768041310733
7.120709911868708e-05
0.1845253371570998
0.16223443021053463
0.11665283630893969
0.08612788483314843
0.10822154902883352
0.18550948307057913
0.15962689086541132
0.1271514255263608
0.12045066549215679
0.14223261702929416
0.1797472650416128
0.17090693366711898
0.14138602892313573
0.12018453489911138
0.13200300176559704
0.17803859032896627
0.16228173597078202
0.13364897180736432
0.10914925046995355
0.11684145771899225
0.18140984515771938
0.15706769373960516
0.12120754246244383
0.10738049542794925
0.12891436510225046
0.5910378207364737
0.5401919523924162
0.43146683284326504
0.3687304529191031
0.43331348515060775
0.5813997907380969
0.513435565456555
0.4189894947690872
0.3949214560302186
0.46804864945113295
0.5809159462429829
0.5363143315905488
0.3999371168501532
0.304027581900974
0.38327362891612826
0.5758546265389269
0.5374106652723457
0.4124037013383216
0.26989511260336224
0.2995363884947401
0.57947212424455
0.4969343780576726
0.33528106992362017
0.24288022245260615
0.3513697315506064
0.9312259821151915
0.861667343057455
0.7186028430285951
0.6378129297894642
0.7281157952149302
0.9183512769687505
0.8053926032543127
0.6420521150719085
0.6098764727683976
0.7453737257193949
0.9131083347410937
0.8213103136288786
0.5795329926610708
0.38261794408430694
0.5275426150570603
0.9041014972356297
0.8248696874661853
0.5747966415892435
0.27215349634155567
0.36209486990738954
0.9153953058036537
0.7670486573334601
0.42949699725470436
0.15106124780497704
0.3760805714027748
0.9622564935536729
0.8700418488727659
0.6911991282728994
0.6065812776317642
0.7313453657695204
0.9546957192922135
0.8016449390257987
0.5240479879900599
0.4309941750085731
0.6543738870676382
0.9383212219482092
0.8099038610531952
0.48758527274697805
0.1384532523487222
0.42817056449516283
0.9331802380532709
0.8177032556900979
0.5165630091438598
0.1519992034759754
0.305727358055295
0.947175553854857
0.7806173211426094
0.4022742898139261
0.08375474851575333
0.32521090962649046
3.665537544282567e-05
1.1536393028430504e-05
1.600351074895149e-06
1.0611152648697065e-05
2.9518411664901638e-05
9.700387792288637e-05
6.461002219593318e-05
3.7266573518706666e-05
2.710966671869515e-05
9.340025730574395e-05
4.9776502632579186e-05
8.650818242893313e-05
7.980293549102917e-05
7.89943325814963e-05
8.155587147662505e-05
4.5817345339693824e-05
7.672008108753265e-05
9.270858504064444e-05
0.00010894515649606174
0.00011238666224130405
7.996619281208005e-05
0.00010243582813586998
0.0002019985349612735
0.00023995575801813218
0.00013603908366676564
0.11779857474839557
0.1002882222110209
0.08882531179659015
0.09756340467105173
0.11549244451252483
0.11674734970982249
0.09843226385423433
0.10055561018046777
0.12011348747743378
0.13492827723977474
0.1187837020819188
0.09468542062082114
0.08292372107510385
0.1025754795001079
0.1258483246665715
0.11982022042680936
0.0958523518049092
0.08935592694790853
0.10792467931702607
0.13013964184638852
0.11528095925540384
0.09844304527087934
0.10571025613470846
0.1285109321222591
0.14248152997163627
0.38469050440559627
0.32092515552818224
0.3087047355499074
0.35458906692051323
0.41673669613202824
0.37539115041915366
0.2991692099378714
0.28147720236483104
0.3618663714827032
0.43498433804084086
0.38308872141020106
0.3014427686502437
0.26131596772038546
0.31797909131870544
0.4012218699804474
0.3799986196937021
0.31954775494328996
0.31010779481335266
0.35225076220616813
0.4132181544445667
0.37796809963339345
0.3108325004232357
0.3021069211054921
0.3785115676185737
0.4445431877176917
0.611890909729282
0.498522937285314
0.4851196253822355
0.5897746130115247
0.7028092535397391
0.598470719903291
0.4883541228741817
0.4695742851261782
0.5827470148458107
0.690639844631322
0.5971130801527259
0.48786224079580565
0.45878845631250664
0.5387834385107463
0.6498999598950004
0.5914968527498307
0.47310680153210416
0.4099624767052034
0.49267050069315443
0.6260886007906403
0.5950734985950916
0.4693963701257277
0.3912774114618684
0.5015985162539196
0.635497429105296
0.6358267800666306
0.5336343248483099
0.5397139961695607
0.6578535288757723
0.7627571888100179
0.6238267787194371
0.5336804917331653
0.5617229174366127
0.6775017563891271
0.7554446647713152
0.6192484951595808
0.492162337508049
0.44959034028724915
0.5478997264161709
0.6762334144268454
0.6080386653662442
0.46482591863472916
0.36467903288904696
0.49328037627572285
0.6550906628924389
0.609960987098027
0.5096832787643389
0.473989749439944
0.5693500804564139
0.6587813768358891
5.7728405163940945e-05
3.949718140255455e-05
0.00010397270785519685
0.00015533471057214334
0.00013894898141007507
0.0001772268564477136
0.00011647116561268126
7.373487874893004e-05
0.00010488181566949144
0.00016944689160876828
0.00010274589225295196
0.00018971186066085513
0.00010945358949296392
0.00010370297149098068
0.00017762724431345578
8.792618978282917e-05
5.561053036117939e-05
5.494974152209021e-05
8.263934704894475e-05
0.00013770335540454944
0.0002468177092003795
0.0001853450530593624
4.9791610998189934e-05
4.72349846620623e-05
0.00019116142317972707
0.12234701194879577
0.10314474549003469
0.08977756844299908
0.10155380660974006
0.12068632956946888
0.10893645686506792
0.08540481045754168
0.051012989862069286
0.05495424004593486
0.08070337135713306
0.10790776713917692
0.07035905337530454
0.016115294369501824
0.03945180068403329
0.059114326432042466
0.10115716924496271
0.06465459101286775
0.012724287912759334
0.06840510673198552
0.07831987736519998
0.1045883839161867
0.08059845938995783
0.04993968431659879
0.07301088460313633
0.09433597488794065
0.4061821591040147
0.340872477516664
0.24535579092754725
0.22922407910207088
0.2921949215347379
0.38423343717486547
0.28207948875370026
0.0886489172721029
0.06991116392320731
0.12717997908356607
0.3499083429672153
0.2082168119566861
0.04104891843642984
0.1915322475528912
0.19296124437554985
0.3396314373159786
0.25767432871175816
0.1782785530446472
0.2587950165208229
0.3003371690090911
0.34026333771879425
0.3303933661563363
0.3747760423957474
0.43052446789699345
0.41731565094532547
0.6498693890057335
0.518670616428942
0.26087548425663737
0.12892002368552444
0.24943961656760538
0.6425822640755668
0.45283611813362484
0.0613541629726894
0.1618497007725054
0.05665127316113893
0.5897626527346036
0.4101376303612823
0.11996679578563128
0.26105003805315624
0.3083041634630253
0.5691857538979209
0.5333181078750302
0.5232446264993116
0.5698123920005352
0.5877392622807185
0.5650508873940114
0.5924635627473638
0.7154107505809858
0.8049869057162402
0.7542797855177138
0.6801194150100084
0.4774395680708665
0.08852717227960667
0.137778213339258
0.15698028862222874
0.7119310962933737
0.5204537000375311
0.15753108075156885
0.14067051465544234
0.0737598460984461
0.6716926200972957
0.6023816965976229
0.4542883086322758
0.37847675041015194
0.41422689562369674
0.6339144476767038
0.6819385146330098
0.7427508864008137
0.763048043438946
0.719789508129477
0.6272312331644865
0.709784443917616
0.8276036016094909
0.8478454160229173
0.7303835415428562
6.95251087121643e-05
0.00019917613908900934
0.00023139325530187677
0.00018861316110270715
0.00015833812470297988
0.00015669741465492766
5.466978209540003e-05
5.74169463715646e-05
0.00010415442624897552
0.00010992358515773692
0.00021396826032755387
0.00020627619915990369
0.00020124840913056196
0.00023646419628728518
0.0003242064900273176
1.1053476583541353e-05
8.644485754277275e-05
0.00011449439584890311
0.0002518918264826139
0.0002841187136877966
0.00023250575109979825
8.089545555987185e-05
2.1139351528187932e-05
7.156264904831994e-05
0.00017886313137143898
0.1095298269318242
0.10137053937077747
0.10479140574828584
0.11358925004295822
0.11458495503300642
0.10767816641299215
0.09815559425982337
0.07698032841928205
0.06557041038957759
0.07935796482293733
0.10323005830492855
0.07328793189370243
0.02607513494557398
0.020125583888937145
0.0319022611534329
0.10182827246658879
0.07624271835680056
0.029090548109210978
0.020634721205808487
0.013946235376118395
0.09096090424090214
0.07680203991451183
0.054091697940668475
0.04750272589703844
0.028899802136406992
0.3663061730449743
0.3019059854287273
0.2436052804436789
0.27106654314616413
0.334644989381021
0.37689155497211435
0.29464068973224505
0.1183022990425665
0.07538630550714483
0.19584265970821507
0.38348229994987976
0.3073458514524638
0.13247087885994085
0.04330248511292601
0.055292571937269976
0.3772656741570925
0.32540105710611833
0.207758650176683
0.11798616202369344
0.0830405437600334
0.33834629941534095
0.31026067153863385
0.22107576392778414
0.12255712092168958
0.06155292134632485
0.5888136598623234
0.440352833281211
0.21978841432104934
0.2565684891920923
0.4148683897843063
0.5997218748193865
0.46494827744601197
0.20243041931169609
0.1278484133340935
0.2107284299348739
0.6301431761264518
0.5233577104512364
0.2807277002719976
0.09675518986573545
0.1205659883935803
0.6320236218489773
0.5494565558911039
0.336450231582979
0.15170133448488324
0.21863338128793075
0.59631870857699
0.5188852745980542
0.30767289695589606
0.10526806116181979
0.23557903774342046
0.6179952048440565
0.45046108935008206
0.15112424100135743
0.1897911661207971
0.3259093497785583
0.6118799122836369
0.4858221553668255
0.2720761819543405
0.19588494742861984
0.24837185862912314
0.6358978374706286
0.5276364675892183
0.28137274427024583
0.063878539661515
0.23693541803438412
0.653615186828719
0.5495636667962249
0.3229345519635315
0.20576400304850076
0.37612119064307575
0.6603054212661209
0.5407975393901825
0.2905869287463967
0.16073899278742682
0.38403912078499813
0.0002049454502214678
0.00033336297988686265
0.0003408060289520936
0.0003476496989691057
0.0003539856418089711
0.00011508294378382692
0.0001549477989674578
0.000253713482183687
0.00025480295407082266
9.944798956461025e-05
0.000263964191366024
0.0003067360735498985
0.00023117919280863966
2.682043316062238e-05
0.00013067135909104602
0.00013784867662678687
0.00027500825351939724
0.0002787388201542102
0.00022409528947289317
0.00016874986058162123
0.0001297664328078163
0.00014951142041809255
0.00010723598699650221
0.00017283807138512473
0.00013868526735448877
0.11220565327173601
0.10773543939105866
0.09405729309841657
0.07742332695346076
0.0718257326030154
0.10729356087256867
0.1057559064364471
0.07807849931564147
0.03347372964447786
0.03955325561911135
0.10489415710895547
0.10685689274264046
0.08502082654048504
0.05588185714998504
0.05224182605996216
0.11147108882747236
0.11413554976543742
0.10515082353223368
0.09180935740116966
0.08600725492940169
0.10401223956094155
0.1179939457116285
0.11101859578430977
0.0900570841198632
0.07822448741284108
0.36685990324049156
0.3459247772314459
0.263392372177866
0.1661097200335999
0.17885126459715744
0.36585838319049707
0.35848965223578
0.2815199183796047
0.17004096052873668
0.1745844588788524
0.36306702529612284
0.3680841072474359
0.33222649502425916
0.2920696196014803
0.29346251931013717
0.36072774278617625
0.3673016436970705
0.3374654728182054
0.3053868275351827
0.30467696526190785
0.3516372257449295
0.3771168424035633
0.34543148893099723
0.27413708935552533
0.23672049249322105
0.5845416752516007
0.5685782345402778
0.46483776252081754
0.3335039569617918
0.33387046983494123
0.5854306599280762
0.5913366510073649
0.5205509270136407
0.4345270833333402
0.41770447993882054
0.5900188672608074
0.6008260200335124
0.5637523030100743
0.5201127033348073
0.5137884720481602
0.5820495360042325
0.5954413688780142
0.5492001561112201
0.4909268243128565
0.4864017691476597
0.5730194610942829
0.595165899720924
0.5389959018614613
0.45077678960133777
0.4107134713440175
0.6084372477273714
0.6213391052761931
0.5761272412646448
0.5153008063275665
0.5055714151483717
0.5964922502239998
0.6308332795077378
0.6018856975576891
0.5212311061697381
0.45925594842120043
0.6006454211622158
0.6163163234448066
0.5719692543181302
0.5083728541279751
0.49309191008553926
0.61213237605228
0.6161312010502207
0.5783960227503709
0.5419123947338037
0.5481224456074463
0.6143847802711736
0.6103290384295548
0.5751210081784015
0.528104469803628
0.5100531222272454
0.00029310956289113664
6.910218224965664e-05
0.0002045606024124752
0.00018423564527166782
0.00011795938712677752
0.00030578372443343057
0.00040582669387103276
0.00014694840798076814
0.00014091423796611577
0.0002687334873804293
0.0002997067335181916
0.00026793936084502267
0.00020765323079932252
0.00013326777811998341
0.00012820419288148258
0.000322936616106154
0.00020835388858056608
0.00011882101073931729
0.00011742460704305725
0.00014744130761630314
0.0002085255891207229
0.0003746438477157604
0.00042255553688980266
0.0002729299389666108
0.00011762950483312731
0.12470547538936803
0.10728107916381045
0.08551493600466838
0.08502175077727815
0.10605005328985438
0.14350979692372992
0.14039805120798493
0.12739422933826897
0.12112041902973594
0.12623992475268264
0.143661319722606
0.15022974769816233
0.1468319291996188
0.13873826385220206
0.13302555105630223
0.13978123954858038
0.1502279683523297
0.1602721665069117
0.15967024454926668
0.14793160168070568
0.1230640098872643
0.15277644405912746
0.16898678553333643
0.1495675861958904
0.11486590526611311
0.3930748777651667
0.3813125096402995
0.37670945861857735
0.38181629841138337
0.39131551562619105
0.4306778041053817
0.445754713588841
0.44423057409947675
0.42423957153337527
0.398777279641366
0.44971584588171104
0.4868932575006821
0.5157529316285241
0.5158419444708094
0.48589801053724035
0.4633305980179608
0.4871865665137405
0.5181345559103879
0.5268663514297195
0.5088600307959721
0.4379932316014874
0.4357380202850336
0.4430359882273623
0.41868109255260927
0.3468336556844599
0.6120908348771494
0.6063522153694534
0.5970227542246679
0.5921876346280941
0.5945273171718493
0.6299460974220478
0.6756372520588927
0.7325428726501003
0.7335066427930516
0.6621424074950315
0.6768348026352312
0.7364417053199529
0.8296031307484408
0.8692898402441547
0.8192081305389116
0.7071382703040018
0.6932042186606444
0.6863959000330531
0.6886841819561473
0.6933001080292812
0.7048513397348933
0.588748708553879
0.4594564171797066
0.4306818450627572
0.3648037026975579
0.6285949480162686
0.6148812155506549
0.6229475258460756
0.6491696107257785
0.6662492271882676
0.5858284037883296
0.6097838730167705
0.7410086857768095
0.840177543742274
0.7967598510731243
0.6413589179987498
0.5994506506436187
0.6711489335221277
0.7944644659239369
0.8254460798325391
0.6755831523294459
0.5287406402008742
0.3960968338358556
0.5128066582888782
0.6156615548849305
0.7010583100888101
0.5211132663841956
0.25123966903894007
0.3073944524941761
0.30169984398027927
2.2462476822577125e-07
1.436214571695561e-05
4.303262981755931e-05
7.008714564131961e-05
6.179901251622677e-05
2.5463961144269245e-06
7.776410207542771e-05
0.00015949650388171193
0.00015261890405581703
9.991984598162913e-05
2.0697292227419566e-06
3.7953432503867e-05
8.250482777003232e-05
0.00011136463924544924
0.0001149554656467784
3.486689411675087e-06
9.833418509555403e-06
5.2069262581975544e-05
9.734260434757043e-05
8.477005826238201e-05
2.6308268222364204e-06
4.3168847784835515e-05
0.00012136807327214927
0.0001233815252188499
0.00011902495594702173
5.7751265953299534e-05
0.024195780264813022
0.07325356418501898
0.10221211714616348
0.08126579342090758
0.0007300982281198281
0.023012764632161415
0.07058810829030117
0.09604261099578963
0.0743588167620217
0.0018010219061419335
0.023157075351610566
0.07290300076585335
0.10068581069454657
0.07823569775955397
0.0028257226299814625
0.022807765263034362
0.07354739720486171
0.10374919332343725
0.08297410287072851
0.001993145061831243
0.0193154273967065
0.06279918535068489
0.0866972177000661
0.06781791202287371
0.00021462889062101942
0.08438398390169538
0.2418208657808315
0.31804044322380937
0.2445034827021942
0.0021896234396731307
0.08186167158233636
0.24881243053860255
0.3356497963265789
0.25413393871908535
0.007529362167616125
0.08125514466400183
0.2415861311245921
0.31971551891203237
0.2461008687215716
0.009409893172405235
0.058737550692419406
0.18682228669891432
0.25444726821426333
0.19957942660833958
0.005997702461179313
0.05724489577578642
0.1815297248834961
0.24425077455519
0.1810059215076256
0.0003530862361438281
0.13513475729028515
0.40177897462555806
0.5392122677033591
0.4108848208667878
0.0036450360208763626
0.12574782805390647
0.37818341230931707
0.5126875421896581
0.4008545187106281
0.012774459344117984
0.09917956490490905
0.31443746889378593
0.43387335993235926
0.3436603715413334
0.013925863870989858
0.06998586385351237
0.23352867641573463
0.31601785795457465
0.23446828440115633
0.01144075436920171
0.10416753647649905
0.3032369580894734
0.40295891275002055
0.30853713422127854
0.00043553599544184665
0.1340510509557026
0.3952164281349228
0.5332257524396525
0.41461789208017275
0.004632100655292859
0.10124586213654216
0.3169645169195167
0.4279452555706203
0.3272869128290538
0.011696598523132774
0.059980618688190636
0.1997744329493562
0.2673816378292663
0.19885607767951327
0.014256720948366873
0.0864974456438886
0.25493312110007876
0.3382127715084721
0.25564635285247705
0.012899235796106833
0.1373560688992062
0.40334137650059515
0.5361948607755663
0.4086025257046397
9.52093089230486e-06
3.4945739743323514e-05
6.89136849375189e-05
8.05756568210547e-05
7.208078390638795e-05
2.176806913512228e-05
3.3733872019492794e-06
8.952157080195938e-05
0.00012752412250549336
6.890849892942539e-05
2.0611461589214418e-05
2.9652384848523546e-05
2.457498249174744e-05
2.9675716665170104e-06
1.197423624130444e-05
1.0593782641565506e-05
1.1905536114316076e-05
2.8340166496547028e-05
3.2330500251668225e-05
1.4798733035353122e-05
8.990195101639079e-06
4.851423354284812e-05
9.746411882239335e-05
0.00013834938265496423
8.924570041301126e-05
0.0005078471700504987
0.011527836649279772
0.03656602475242866
0.05109238629344244
0.040263779372271435
0.001162180296041592
0.0038947087962321776
0.014041193211698971
0.019543429577220026
0.015170869816270596
0.0027598867576555976
0.0030386714035784846
0.003987210077792099
0.0044952437758879965
0.0038914295045060494
0.0024853953670487075
0.0090891379222153
0.030688693708893603
0.04161847177314714
0.03086583002659642
0.002724448711101012
0.02896400026412532
0.08084251516905283
0.10786615118867697
0.08521770372816649
0.002002664316574745
0.02754075921877802
0.07891249382020125
0.10597097828797292
0.08373950154581555
0.001918950516779459
0.00846286703826346
0.025216800027169656
0.035008246851801414
0.02772600938947168
0.007877090002372465
0.021195492627568254
0.06646623168109965
0.09169140081809114
0.07331619938296607
0.004874348577877721
0.0693651810929003
0.21236809369633203
0.2880443645976206
0.22790342983738718
0.006034338089030809
0.1101954082373265
0.3266079051421596
0.45009942603415143
0.35889589670978717
0.0031745129263615053
0.03173365165388445
0.09268609931164189
0.12711401837787908
0.10230817087858657
0.004675672364445757
0.036084366039816324
0.09644594262770648
0.12935969294974528
0.10411200880555996
0.013379527327634873
0.07698284310423083
0.24234244930907248
0.32956708482431907
0.2591246683069347
0.007253199639937351
0.14446449517159748
0.4481173682529157
0.6147995769744448
0.4859148145310873
0.005901082096933219
0.1852165591663823
0.54233409914679
0.7297453463707789
0.574974274246479
0.003507956165765167
0.0357775485976732
0.11053394505822621
0.14948063845151655
0.11685468390101231
0.007943169582240698
0.07888680438478302
0.21954521500282004
0.29522768397992616
0.23391344320634552
0.013205257523987806
0.12604337419560263
0.38639506563448867
0.5241944261874502
0.40920083200701945
0.008496337142181825
0.16631557455188195
0.5125408877867546
0.6947323749204058
0.5429667943679722
0.007809601721805307
0.1764327043186149
0.5321500012475484
0.7292374880150411
0.5755418223729492
8.24249261897547e-06
0.00010879374875863145
0.00013675484487890243
0.00011085579948888674
0.00013285628494882044
8.915733431741674e-06
5.5454733980650416e-05
0.00018163608949483493
0.00013690917825816593
8.56923426235591e-05
6.029167363513188e-06
3.681270529654612e-05
9.255165545916226e-05
0.00015211884576551944
0.0001301973254671462
1.479950812884478e-05
6.93173690685044e-06
1.1581444808859684e-05
1.4827894352821269e-05
7.845517192965353e-06
1.8043788066999637e-05
2.111648348676401e-05
5.191818533832189e-05
5.6093245436888586e-05
4.234296349258693e-05
0.0006305911738652817
0.0073581188803828025
0.025082483102019614
0.03544464920517731
0.027549215772171735
0.00014255733083714457
0.003498497729907674
0.011702143664612412
0.016166106488077883
0.01339473807345127
0.0009727286723274695
0.0008778348121297964
0.0014615139887135939
0.002086098525368583
0.002083077297680582
0.0014724734179961205
0.0024208023624589336
0.0032818480266781904
0.00309360023781128
0.0022298543207044867
0.0017648049445306846
0.005003407985143441
0.00921632851386226
0.010758795602545767
0.00877463349750322
0.002120302379566231
0.015491516151583272
0.05033741374363063
0.07048464433439819
0.05836389282265095
0.0006775051808716088
0.002657627270239751
0.010222079235833716
0.016189865759260878
0.013747667269126395
0.0009505725253396775
0.0028960827775454164
0.004970320708849895
0.005035002911871587
0.0031283089323286425
0.0021973740090773853
0.013258256123617517
0.02914423753299689
0.03554472827252532
0.026590436213440965
0.0035524124633727213
0.017265300926278263
0.047700355822343214
0.06315622884483846
0.04745702568348636
0.0031178682280564676
0.00948839142157304
0.03755574857448338
0.058028431314170105
0.05013053171855893
0.002221089287462206
0.0016112916457914326
0.006078844517918952
0.007905512695194496
0.005996161424476389
0.0012390885864944298
0.01349379845191863
0.03494522159478011
0.04358864165661806
0.0313896433113367
0.0024055243526697424
0.029309779743407576
0.07883454478937102
0.10335020626627577
0.07876728741756342
0.0030520027073834203
0.029784026989233076
0.08043940750017152
0.10596168651358295
0.08500174450762384
0.003286618702028626
0.0023963188197645806
0.01183128379611482
0.017386240182479095
0.014015201665850836
0.0038514461320649177
0.013625022862628558
0.039331088767590824
0.05036255035645744
0.035287523092084445
0.002133584409553574
0.02784669078862817
0.07974019783868952
0.10161265349439913
0.0738715940246871
0.0023605670442930237
0.034129738988996024
0.09500007224471081
0.12643157998188317
0.10081215507583557
0.0017435841471374859
0.028409558313234953
0.09295124403938067
0.13088773108931237
0.10368664411417243
1.6970854106439945e-06
2.5578496498510567e-05
5.401749105493948e-05
7.095277209175555e-05
1.974098445042729e-05
3.553044836198732e-06
3.174908165693112e-05
1.012952594135013e-05
0.00016296311547202882
0.00019514288183218717
3.6632114464544507e-06
3.510783203397976e-05
0.000146485914420101
0.0001948224363541684
0.00012041041120148459
3.0994678717076826e-06
4.516925555573773e-05
9.524081188240504e-05
0.00014289683300168341
0.00013705991779615288
2.5902952256387403e-06
2.628832043079255e-05
4.345378579873523e-05
0.00017146512117217205
0.00016445503760606264
0.00024213308607476584
0.008994563358553451
0.027032465509773503
0.03537491342796539
0.025541865453374574
0.0004637550707599986
0.00951814452915866
0.025841099772781217
0.03258162549911082
0.02500795249226053
0.0006770276573284323
0.007664655303483298
0.022945547527323494
0.03212165880762927
0.025838633581349767
0.0004987034646814249
0.006476194527664199
0.020408891735544703
0.026931713372636314
0.019491044597533043
0.0003950092979129606
0.008005581385870656
0.02285806057520269
0.029932588685550154
0.023679604311024612
0.0008377033641890569
0.026453903776742213
0.0747729659701429
0.10164995901329958
0.08091272222804788
0.0023007374732759802
0.0227868970483845
0.07085867625421911
0.09680809427210058
0.07347544151133417
0.002310089350643204
0.01655802336798852
0.05017210004823152
0.06321661307178464
0.0450383127379909
0.0017341498870164166
0.01949611226527543
0.05892888880988207
0.08210583592173155
0.06658370086361336
0.0011052057688605717
0.025903870731937177
0.08191905943808182
0.1136875968380636
0.08764117932897111
0.0015562426300972452
0.03967654343762289
0.11326743167603412
0.1454183811599245
0.10578001553867472
0.004368399539358977
0.02298539159646016
0.0652760165408965
0.08412045644984319
0.06427314047296226
0.005545372667194592
0.021537684750292743
0.07607621729289982
0.10656924190665686
0.08060418851246823
0.005560289748425448
0.03674689822591012
0.1174963467387006
0.1577680025476218
0.12076662579704603
0.0023865087879947973
0.0326758621682482
0.0997215311289369
0.13651904146489338
0.11192601263739602
0.0016839955114243378
0.020514736285514007
0.06400595378798714
0.08957569785199573
0.0705714722613589
0.005126976255183501
0.01690345619748395
0.06152936928462938
0.08294694228629589
0.058566035596189905
0.009188092924340523
0.0301546412393076
0.0969286804532041
0.1293116312603469
0.10098309729191655
0.009250208034779259
0.031055110250346765
0.1098584308897108
0.16037413665164846
0.13251175822173178
0.0042636133192162
0.020863106564685853
0.07427583924222474
0.10441742281215814
0.07934863276619965
2.496522592125347e-06
6.560757512915633e-06
1.4474179180740517e-05
4.6334333562908794e-05
7.415429976563695e-05
1.7244785450623815e-05
1.4489405330958223e-05
7.787435546480323e-06
2.607102202215903e-06
5.478754778175094e-06
1.0306009843165099e-05
3.403811691471269e-05
5.604456820397058e-05
6.026079781065432e-05
4.294537193201683e-05
1.5087324549830693e-05
8.315303291054056e-06
8.40428348587892e-06
5.8796577061133115e-05
8.96714605668035e-05
1.180941566871091e-05
4.382001855783703e-05
0.00021868182363551353
0.0003267805589885069
0.00022481468732996326
0.0004538048237139018
0.00036030161590625215
0.0007631061386770867
0.0010494865718578795
0.0009790162434615347
0.00034815192287996
0.0012592855769917924
0.003491502080105282
0.004707235910597883
0.003675506795153427
0.0005539470789110261
0.005129623668392899
0.017067663133167217
0.024440847773125295
0.01884788397539883
0.0006746792329736677
0.009881349246398278
0.02701060182162087
0.03322919659469042
0.0244490453231344
0.0008291608668141033
0.008180840217246571
0.023288860037447602
0.03260492463612737
0.027814520531813137
0.0014735034690796667
0.003929019617264951
0.008099241882104875
0.010452727906548167
0.008470274682615022
0.0019582168813477904
0.013728519335327606
0.040968029914799343
0.053345678872156334
0.03972956647241063
0.0012242348902888368
0.022980651261844676
0.0659474505503083
0.08725676460836759
0.06957653592214127
0.0012166217462438243
0.025530588993976013
0.07945200763352075
0.11410181619400779
0.09323794419437831
0.00116645893507834
0.028247667579349392
0.0882459186699491
0.11682727489426169
0.08645646764613266
0.0022417930977196186
0.014590256782503877
0.03908395872722386
0.050899838151702265
0.04008016039912216
0.004647435719302138
0.023884514717685938
0.08108035900816003
0.11587864585811511
0.09442286618866766
0.003773752605318504
0.035155017916722965
0.11958198546495452
0.16702022966725835
0.12891421050041718
0.0030390951745330706
0.04388846879424677
0.1240061901246422
0.16274784870919662
0.12750541640678784
0.001213898101250528
0.03478250048075757
0.1059630240141589
0.14981288568479165
0.12220470264470655
0.002371638764795694
0.023797266846311102
0.07660802105258042
0.10785711877193654
0.08581887881648465
0.005746182619133469
0.0330007992007492
0.11308322243905507
0.15355661449585248
0.1174952779522741
0.006162653348139025
0.03758333750630693
0.11500665282252838
0.16074327179550366
0.13169140004820754
0.005333020473716877
0.03801714295959867
0.11510636304008422
0.1601621150389215
0.1274439358907691
0.0012087798305669248
0.02746403535344173
0.08283588574771951
0.10860884255405037
0.08073055734010712
2.1853528667713538e-05
4.72475537273592e-05
4.874258214883408e-05
3.89259078596508e-05
1.8426058705840535e-05
1.8994898864483426e-05
0.00012202029845097646
0.0002342943680871747
0.00018373120864367148
5.2530088012695866e-05
2.3868984881399192e-05
7.8264601684339e-06
1.1858392449348696e-05
6.875163480361585e-06
2.9536689405898273e-06
1.8332614798358903e-05
1.3222307923826153e-05
1.0106192841996433e-05
6.087340552385361e-06
4.757450211051651e-06
5.6315307784103595e-05
5.3591187360069654e-05
3.1189517827420845e-05
2.4369224260957796e-05
3.065537158239971e-05
0.041341138725973385
0.030999954268837348
0.011615470135345023
0.005672811621544484
0.010827228061406317
0.03937621353728151
0.04066200802188545
0.04243345958683608
0.04294936652377888
0.04121431762296356
0.05195521447747296
0.04920053624393603
0.047829360148990675
0.047492858838057754
0.048806724902460935
0.05532769028964909
0.0549661638929638
0.0519320562871998
0.04822023210205359
0.047029343514779616
0.056200794508390835
0.06311219066797813
0.06982489883486688
0.07059496574421352
0.0674551397070431
0.13448284481345602
0.13169895525698605
0.11825878361699514
0.10805057741382466
0.11066874088383077
0.11096350191036324
0.10875997771482916
0.10141903432790764
0.09418159119099974
0.09275665855240674
0.13256324541878847
0.12429684451753305
0.10581322837460712
0.10310005288898426
0.10858369397908813
0.1603264470183038
0.1670390163571909
0.20344537987240627
0.2342025928123265
0.2263258531594741
0.1804333845779589
0.1724611914661828
0.19857044982584157
0.2350492448266605
0.24880491306432487
0.2130342743501754
0.20814187734256162
0.19940316040067807
0.19379875503197336
0.1966018339691018
0.16215788170645956
0.13667153039513397
0.11532775247238926
0.1384364461800527
0.16459510028025487
0.14698618149045714
0.15021968037036318
0.2118257296852833
0.2866166587969682
0.27922291741862737
0.20434552029349135
0.209261267976336
0.3163286281296803
0.4190904623146855
0.42164350624863056
0.26059093105416387
0.17284730886674754
0.17863725044294249
0.28771030809436654
0.3263620694313589
0.2210119032303503
0.1781594320594377
0.1506706308621548
0.1941013455526759
0.24263280904910065
0.19382651131792428
0.1636667781009964
0.2503973004092923
0.37174814975358655
0.4055759749613729
0.13172734715418713
0.11537663309924488
0.26015182723101654
0.414970576036905
0.4230602869024471
0.14122284543912633
0.06209750529399002
0.23372556162723374
0.3940284235022315
0.3997115565953636
0.2083785009562994
0.08669074186530104
0.17271542360466052
0.2897143695557898
0.2554431753526445
1.9073259370795154e-05
1.545934168774326e-05
2.0153538242535464e-05
5.677108307293398e-06
2.0735125538711117e-05
3.670469918289815e-05
0.0001043918358942033
0.00011850703313533986
9.49269932795877e-05
0.00014317603543326267
2.2167609313593693e-05
1.2028463022315307e-05
1.6187520128870444e-05
2.533515280586281e-05
1.953392910913661e-05
3.341405357339331e-05
2.517721529375179e-05
1.1906233199007921e-05
2.3535049599765583e-05
2.339939326626152e-05
3.456269155805424e-05
0.00019158690188826534
0.00023888050116254307
0.00017150473988646755
0.00016448250184722922
0.03373289200013791
0.0386253870151392
0.0999102925681251
0.15863440866908593
0.15917657743150584
0.039844284151997006
0.037700233765204795
0.10091993740921901
0.16709533925538325
0.17128569983305336
0.03503778766158336
0.010529308848319275
0.093654774512919
0.15975890440804713
0.1395081898471853
0.02705245935727522
0.030014539663312197
0.10649917339207642
0.15937366292454294
0.13327646084999206
0.02039785991924464
0.04004700572436719
0.1157243668278609
0.15408408770819346
0.11530143235179784
0.10911893868692203
0.13019272298287704
0.3500069789382165
0.5424215191217174
0.5262076679976807
0.1420797392651302
0.08217728005730017
0.2522812740683375
0.4484913277342298
0.4567908559202206
0.1530800709548881
0.055243497690404285
0.2484548116071485
0.42373247745418585
0.3534277548975899
0.13585522229965435
0.1509748485233138
0.3280097808085254
0.4517998935191058
0.33481049230054855
0.08185701415090622
0.1405127552276635
0.2664705923636283
0.3189165036910756
0.21226228223524699
0.17214130285859436
0.1632532926225222
0.473166777764325
0.7561931188613046
0.7341466372887139
0.20655662664862656
0.018281147209983032
0.39256487620473124
0.6773794886177126
0.6247342397332795
0.248859715084067
0.16160918010673994
0.45474305473706933
0.7035612643454582
0.524783428132199
0.252487140985864
0.2577889207085165
0.38205825023824525
0.49307910128043797
0.3388999274203241
0.17617554498837007
0.1968945544959882
0.20269077690729934
0.1876156984011225
0.08159347368355829
0.17797803449052024
0.109408588455294
0.44679810120384106
0.7041669524689703
0.6185299941606677
0.17310107433094352
0.06743216540990739
0.520529495141066
0.7983981786238091
0.6523649513959912
0.21708151105373202
0.12666371191899528
0.3819553107869563
0.5960833485630088
0.4398955653239044
0.25652787481958
0.20041768787254036
0.07301059900632494
0.09479936392988697
0.020687246476798506
0.23409641198996833
0.194513554250139
0.12813108932629907
0.15459444288324464
0.20618884799591067
3.310478415951797e-05
3.3645203438475925e-05
1.4768298426196076e-05
2.1177325467700954e-05
4.82131281744475e-05
0.00011150146128847346
0.00015074187316828914
5.9763779686704296e-05
6.30283521802009e-05
8.413351602109052e-05
5.0928877279161687e-05
0.00013637925470248702
0.00020830374253523592
0.0002322653989284583
0.00015187130031970992
5.219518794713532e-05
7.314341775991165e-05
0.000149297556939848
5.198831282280191e-05
7.16796709086074e-05
9.767667029261412e-05
0.00012551624389501526
9.850320833206213e-05
0.00032855181099776494
0.00033684422567996976
0.04123006399258196
0.03759633200009242
0.0356069279409371
0.037008608412002805
0.040402163336070725
0.0348371552506376
0.02800507865934289
0.01991121307705263
0.021420232186993966
0.02775380210277516
0.03554706433783185
0.02457684025835478
0.008648078203120284
0.02878692295754456
0.02171780075553661
0.04195951295217908
0.02912652850380096
0.022257828900114043
0.04553707567446021
0.0480574857781184
0.04477113377193078
0.038731990786762295
0.04419687398716549
0.061566763746218174
0.06791067380045619
0.13138716294987818
0.12407089854946864
0.1191503024928583
0.11984746887169383
0.12488941162738038
0.11554382444967645
0.0864745866617439
0.06398530041473047
0.10871820086744406
0.12473303559336268
0.09780421886249167
0.08083053801478243
0.11856984549120618
0.17833078377156455
0.16512247044183767
0.10627920134932599
0.11107472067500752
0.16541656522667175
0.21704257066529123
0.1931002088016888
0.1349107884050935
0.13515702768269286
0.17290233451138035
0.22646056494866973
0.23473979627124486
0.20817950813437566
0.18851607994552796
0.17835424002526265
0.1950910612146284
0.19881928539557195
0.20119906528513612
0.1942516553224516
0.2451856510406769
0.29807244518972814
0.2850372608065579
0.16818150316084243
0.19879268928987195
0.29568271796592205
0.3615181665762353
0.3243158660115171
0.15049879658151152
0.18322517838556562
0.28797770840162695
0.35980643636132287
0.3201956594142051
0.18620548312848922
0.20001473443148243
0.2574424956645244
0.3009902233894212
0.29589080259522654
0.21523945794538074
0.2368326221164638
0.2755122578736347
0.27471731610628597
0.20867959339353306
0.22371637049188992
0.27656186924368736
0.352952744443913
0.3947514280585057
0.35823437462273755
0.20442569979996908
0.27265823697590863
0.37131025486518493
0.4016566443782293
0.3318681200583432
0.17359835736684728
0.21916639698430182
0.28647468330315806
0.29794108528981245
0.2313749919192756
0.17556936685615937
0.19073286568733575
0.20863499811312428
0.2169883997636576
0.21215484713775867
2.7072581105560756e-05
5.2761760480388235e-05
4.2984940744718494e-05
4.412697392773661e-05
7.014194676619916e-05
6.673320660994442e-05
3.280784827963813e-05
0.00016710435521092145
0.00019270005602151056
3.593869593225301e-05
4.208526257309774e-05
8.907226928316561e-06
4.2863843132501485e-05
0.00020869093798114508
0.00026071871933425943
2.0301418338338598e-05
8.155976855660588e-06
6.673800935138213e-05
0.00025003505095018034
0.0003098003088028062
4.686957589583892e-05
6.283181843592631e-06
7.878324117731135e-05
9.61994660716561e-05
2.6736004423266186e-05
0.02849582857899078
0.02692923994506946
0.026686493417762303
0.02833643249778319
0.029922914482614034
0.02557572101833499
0.024653127092302832
0.023347276683277147
0.022032041500478015
0.02176544382226655
0.02204548592996685
0.023106809953390563
0.02335357051279764
0.022279800593104093
0.021607990200324313
0.02265770127224992
0.020632681989386722
0.01878091406096847
0.018573950061435356
0.019203503141645428
0.0272722932510199
0.02058618045532712
0.01085862583997739
0.006682557397117465
0.010370786749311666
0.0910354931844877
0.08509259186992493
0.07967317832249794
0.0774649004521831
0.08184523270964282
0.08801983994679252
0.08622906695786449
0.08483349941662469
0.08330634404290088
0.08196947310698803
0.07478832523642019
0.0765530468708528
0.0701547399950329
0.06127407515021155
0.059147244381205076
0.06669978371647352
0.05897432644023995
0.04512980095337571
0.02765825970412899
0.008025778301057242
0.07482739723598027
0.052130527539668764
0.010094296769038736
0.032719319932346135
0.029384766869342844
0.14396950518351467
0.13924365323509125
0.12508248319989757
0.11658653277612077
0.12088784939987957
0.14458359966458753
0.1464698198852926
0.1380344936662244
0.1305072413854006
0.1317002400156788
0.12957422957676745
0.11818472448209727
0.09222103365100141
0.061946839357850135
0.06818854539060612
0.11422301314632512
0.07225898189358355
0.029267279427739535
0.05659255002024351
0.06597464585695653
0.11208189827055677
0.0707025718126242
0.03819647485463169
0.09932118831706563
0.10995429771206396
0.14907916059213508
0.16235445763383996
0.15392446773442564
0.1294486279477472
0.11413158049713788
0.15684254876737935
0.15921412821302708
0.1364746601316491
0.1058688084782137
0.10720028149666797
0.14544056411639703
0.11315907560106704
0.06055447663394289
0.022698467482687976
0.05803301020400506
0.13277055802751325
0.07493340034609809
0.027522492331056487
0.10669905662922341
0.14773030303480283
0.1258374211035027
0.08475394570031192
0.08443956279301207
0.14055942684034398
0.17234951682883312
0.00011216659999632992
9.583454402430964e-05
0.00018379096948130237
0.00021337475798488404
4.5750573334783235e-05
4.8064942553089105e-05
0.00019370781789332893
0.00026008031708977077
0.00016675197909170976
0.00028978727630824984
0.00018634940991788006
0.00012195815751076464
0.00010335975877920674
0.00032518362505429396
0.0003875859349581313
0.00011218969706802433
0.00010894918377005327
0.00015468828015237002
0.00016324558122942582
0.00013442455936896576
3.990092106692801e-05
4.7330655366254134e-05
3.7171913209189163e-05
4.9641330186624964e-05
8.468721872575727e-05
0.04135419025984596
0.05277042529668476
0.0659520564546849
0.06397623274913927
0.033637685026980925
0.04412926599161681
0.058503285924005624
0.075506101721231
0.07509079283603112
0.05729755247009451
0.03943031988366083
0.04883818440596159
0.052012471584585
0.04440400737862915
0.033825149945247865
0.03294037442597156
0.027497519823341133
0.02224318849716437
0.0217043812283656
0.02564928635197567
0.027153228468441003
0.02109722433736718
0.0259342477764431
0.03724142119241795
0.044001451796410296
0.13497350149174175
0.20353028408293383
0.25794347489579506
0.2380182607884153
0.1528390296850444
0.14722788865208988
0.18864752601990598
0.20658058996716872
0.18851292036181708
0.1585757698055892
0.14677840876247986
0.1467464765381181
0.13208222365130817
0.11238228794439313
0.10481846767914497
0.13293992983714867
0.11504391285221442
0.10831715223156146
0.11837499313896566
0.13948760026840057
0.1074165433193802
0.07690055259057427
0.08053674552473628
0.13481376190916328
0.1632336648509889
0.21542710676439364
0.30448185938286804
0.3626458577641883
0.3347991492505545
0.24960190896329085
0.2448637274250329
0.2650020541149916
0.2689587135229391
0.25686879117673894
0.2475147003032505
0.26282422545817996
0.24158443331161478
0.2189649968924893
0.2178457384617173
0.23720809760780023
0.25804782787135866
0.215297055601844
0.18650788625459594
0.21193476324516222
0.2570949618610857
0.21889890671385193
0.15070470601810104
0.030251011697300587
0.10317179858301284
0.1583807097343674
0.22473059658570863
0.26439519634736486
0.2885207078412799
0.274799665093347
0.2419749216375703
0.2543757801926806
0.24695414005017996
0.24126257713257285
0.24697150330316706
0.26127137403608536
0.29631251624457083
0.25760675835627184
0.22562957445013707
0.23837441805698859
0.2811397197363062
0.29655748226073747
0.2220822948351462
0.08993400826040338
0.1321740141434326
0.21257254421440175
0.26707375348893403
0.22712858020982093
0.11437523032184405
0.07201117810272514
0.019231956589228202
6.395879451743736e-05
7.480052391552614e-05
4.6785912222506795e-05
1.2067719467093744e-05
2.4677384320151502e-06
8.704274622971884e-05
9.416299391652972e-05
7.504128530493991e-05
3.9599709598415134e-05
4.154270483654045e-05
5.674340705551416e-05
9.089392261048187e-05
0.0001372864966147854
0.00015686163386356372
0.00013222445989583868
7.715853435443214e-05
9.986533952978301e-05
8.791817980336536e-05
4.942398139189243e-05
1.956084654101107e-05
0.00010400568050642113
0.00014241587456982673
0.0001584924930044294
0.00011672638064536593
7.552253582719186e-05
0.11975251064810319
0.12479270681636954
0.10901279842090916
0.07532158280569735
0.055251400127447815
0.10751148635918235
0.1319138869091673
0.14057456898162407
0.123578469413019
0.09982857837028572
0.1028833034232277
0.14367836758331404
0.15836402924568913
0.13519178883153354
0.09347575936798519
0.09728018636797732
0.13777542516469782
0.16068613453583006
0.14001731447723645
0.08970793091989852
0.10348580383178063
0.1261200316422285
0.13713253384297927
0.11738105984291755
0.07198957168978902
0.39223109118470795
0.44879903350246303
0.46788381882555696
0.42239259315835676
0.34834754632982834
0.3796687298752193
0.47470874969331445
0.5357265166178599
0.49898187488045015
0.4130284518101021
0.3370059326860921
0.4480992433584502
0.5195098699985062
0.45283208657773477
0.2916099861816269
0.3202958449462638
0.3846956242220589
0.44323810785379014
0.4037047587829845
0.2315453230676602
0.34149938670484076
0.34055471770970364
0.33141074303028034
0.28980595569861206
0.13534618054352365
0.6252506230569285
0.7526061871696295
0.8385104694003469
0.7937365475352907
0.661527054601977
0.6398156836974654
0.7394966374036812
0.7971727403491274
0.7503469086608267
0.6520993515366617
0.5773113929538485
0.622382676076187
0.6738942052109741
0.5967466744826689
0.3488264152688354
0.5240609370750885
0.46532668006502015
0.45731736144422314
0.45669119570030164
0.1789867027711776
0.528386706479557
0.4462344697636205
0.2525572122497045
0.19243536096529734
0.020116089145539667
0.6529131457497371
0.7267377277486318
0.8199038135822084
0.8407519629072606
0.7623620981032412
0.6990933904837363
0.6600955981490119
0.6220449994996159
0.6001883655591511
0.5743119693886433
0.6789617531853167
0.5146899735661667
0.3638038717310347
0.3620055118294069
0.13250747267323953
0.6161907220144817
0.4264532317673235
0.08985128746272088
0.19702806576049817
0.07972424941132453
0.5694466890792743
0.493112286406257
0.3173914565255067
0.22631921006067796
0.30374075103074477
5.561536591729414e-05
0.00012165617424867058
0.000141720929775767
9.165162211251967e-05
2.2413156154956608e-05
0.00015642039739312234
0.00015799238933630972
8.043483538706552e-05
1.757926096581387e-05
1.4003608037799226e-05
0.0001772365990744555
0.0002457456019049004
0.0002595472137274549
0.00020771971758135665
0.0001179273710764062
5.482578649754323e-05
6.834822279021484e-05
0.00011106007088246413
5.2714719908994584e-05
2.3785048040138108e-05
0.00013639906261217908
0.00017796240151126335
0.0001387121890703501
3.072281235463318e-05
2.744606424126255e-05
0.11821062971720739
0.11400834599442854
0.11312087324733149
0.115030724874821
0.11584738248641849
0.12158256250996163
0.12247348030064623
0.11872202577155012
0.11197132267376927
0.11015978442520397
0.13069342715862545
0.11023999302644528
0.07831465506087741
0.06465846976311572
0.08154570982666377
0.1293542928513326
0.09458033968650942
0.03865260378711958
0.04009310757391063
0.044890519439361974
0.11262479379287021
0.08056912258180811
0.00859087139698069
0.03663988228837349
0.01600470983566233
0.39287518612736666
0.39061507052269967
0.37514101081208023
0.35881685954709797
0.3562812278006523
0.39664321254642204
0.3974804189937087
0.37240375623104416
0.3294009628614477
0.29708301999185915
0.4380641605342281
0.37395541252253317
0.2701471400935217
0.1936277438483474
0.18154235335649047
0.4529893597785676
0.33362154610957856
0.10731112337111177
0.08496028539981726
0.043367390123066174
0.42280624927921123
0.3260190708764146
0.1268167699337726
0.13608572190959342
0.24002877635860284
0.6316834430146914
0.6535110568401946
0.6293730556388177
0.5694440146582158
0.5250252278534879
0.606270844691763
0.6080598141551359
0.5751804281661964
0.4736123859538933
0.27634789995423337
0.6665679630313092
0.5302749307910316
0.2979535133490432
0.26475154371058207
0.10348038300563471
0.7108751127061462
0.5235052058195304
0.11717576847357651
0.1854647008877007
0.2689813987140704
0.717574622982525
0.5718640231184523
0.31064488816097025
0.38074028690964895
0.5663121054052728
0.6623508004724306
0.6930437826257151
0.6288513699377417
0.45902092145048456
0.3218664497450519
0.5958279920825769
0.5317925552469172
0.48104467719786137
0.4337203411672213
0.16822071679171305
0.605478787118532
0.44605078617722593
0.18077346151287763
0.33785381265003955
0.2956397943539668
0.6663321912709829
0.4870802976498276
0.1620477076892914
0.387011660362517
0.5534420336888345
0.7388224917462652
0.5845985070794215
0.35672397346080403
0.41786935896442645
0.6443173814663543
0.00011236751614643652
8.44822668588174e-05
6.743216272403374e-05
2.5548144283669322e-05
9.976249351440191e-05
8.886516326813603e-05
0.00017533126130043328
0.00016576514532833415
0.00013704196282873036
0.0001633416507431265
0.00016136478737320821
0.00018151950669140037
0.0001936131518546758
0.00018833338311379245
0.00017252230599670127
0.00012690764404695094
0.00025334733968548803
0.00020072105054125375
0.00011209664313166476
1.9680486696383737e-05
0.0001452351176637694
0.0001745311015106731
0.00010012657998634409
3.929509804416119e-05
3.8073884029211515e-05
0.1332085912605839
0.1321105354880358
0.10994541209939061
0.07713018839015329
0.06762162058371846
0.12091622540470723
0.13496069739440117
0.12733729699363328
0.10302469501221166
0.08930207075963603
0.12552359408587246
0.1282735902957624
0.12133134970748191
0.11564734572099197
0.11864841365705446
0.13778085795260933
0.12654900543521377
0.11487119028871765
0.11464875663698128
0.126521757574633
0.13557382870053186
0.1277642120421995
0.10106070284937924
0.08071290997443586
0.09792920819680731
0.4378020239079219
0.4576240153125798
0.4091540702986623
0.32534753892317037
0.2965308026167023
0.4071027417205413
0.4292483697014814
0.3861421629771253
0.30843141775016536
0.2751643021019089
0.39003406451085393
0.3676761252893047
0.3194322190940628
0.3045185728682213
0.3427769770975714
0.41202056822383276
0.3385184099299208
0.23272152653290698
0.22209238200487016
0.321389621661098
0.43713198081740956
0.36291219480739834
0.197362233820489
0.051763007940909565
0.2291569130356807
0.6983596515860815
0.7096922006834604
0.6272397644991162
0.5202661658985015
0.5138301623182842
0.6687891032308232
0.661361979188073
0.5582399539425891
0.43663080697373136
0.4249878678726338
0.6322916600790061
0.5597617074873896
0.40011152792659455
0.31891669380523746
0.4385308020383406
0.6248976994443557
0.5066754126410561
0.24375176282406252
0.04444843950894163
0.29386368644945715
0.6626909467314049
0.578820193473563
0.38077774018831023
0.12819855004826905
0.20715263689235594
0.7269935689788879
0.7004044635806259
0.5998613682192443
0.5218209478509026
0.5630280074419296
0.7319938810129856
0.6712628103354487
0.49867551734701643
0.33566034540226586
0.3986778195336924
0.70021780462208
0.6070191053455393
0.35497397799650243
0.10828664145763449
0.262402335305168
0.6675288635985362
0.6211805444066756
0.4288262780089942
0.22193950734363532
0.07728309314296991
0.6599903737361761
0.690576216425639
0.6001013675208442
0.3869930443061033
0.2079040326254487
0.00018160403892036515
0.00011968654603868301
7.016961852408431e-05
7.367274135811846e-05
0.00017273205840788238
0.00021361491921980026
0.00016688731846971396
4.709835433940188e-05
8.089333653218471e-05
0.00020217479674171455
0.00010681539098036955
9.29445183802477e-05
6.742781395453641e-05
8.203998536650556e-05
0.00011976406904912864
0.0002216879366996027
9.66730649053449e-05
4.421900588132422e-05
0.00010724544107369799
0.0002243990809949077
0.00022186134527535305
0.00021973200557259291
9.481416681056676e-05
5.173847169580978e-05
0.00021762119814190654
0.12596442482099202
0.11166103237693109
0.09255776550090994
0.08827474028411389
0.10381375196991405
0.12064806672175371
0.11586682770208638
0.10306580706849512
0.09717589050959692
0.10468379667548894
0.11841718327995668
0.10991947562730674
0.10768941371903046
0.11417095556259543
0.12157824382876775
0.12350467123081466
0.10703232486656282
0.10739973832678401
0.1219075522925267
0.1363321543112703
0.12794492675910618
0.1106213250459926
0.08921319138037971
0.09403308657293429
0.11918420056583595
0.40471232373758637
0.3898578669662716
0.38519624891009635
0.39518276568829236
0.4093806401161537
0.3930407861753059
0.3647040524906937
0.3399035337127916
0.35175587023538457
0.3809476227095748
0.36486110346645695
0.34717956839787156
0.3560538168752509
0.3820435002062927
0.40212874231042406
0.36749003186651485
0.33468236612344976
0.3541660469221245
0.40517757012616445
0.42443131361485364
0.38908635552892923
0.3066195008033457
0.19955284642037974
0.21702875526161625
0.30796203100339836
0.6395992048903774
0.6137216412443932
0.5956299007616286
0.6038664871672969
0.6277438174374786
0.6350277931820353
0.6120704299931378
0.5876349785845721
0.5855145410456827
0.6148166154236133
0.5902750996032542
0.5761704516756161
0.6067932053947214
0.6513253487353656
0.6618927183908953
0.5659789141903063
0.48596158728602473
0.4446438892304264
0.4932827603543935
0.5254134314911713
0.5857114194394628
0.41729233922991055
0.15586232904117658
0.1990732594801147
0.3274543135134253
0.6605197248490993
0.6559582984767174
0.6342213196850949
0.6042838724922162
0.5865439373612161
0.672494407481398
0.6883252964843429
0.7141545025718125
0.7283305607234247
0.7214233277387512
0.6555807979613868
0.6332992629191272
0.5993593702650599
0.5779992174802842
0.5793604397633841
0.6178824755979464
0.4998261470924287
0.31435051155416227
0.24650714559080988
0.22170171901311783
0.5964019091903578
0.4433530240101782
0.1229560385625888
0.08995028333705582
0.08897298486028779
0.00010190073474554012
0.00010989804728383768
7.580964706569361e-05
0.0001419415169955664
0.00022288888959638562
0.00024175162329260683
9.278090978348248e-05
6.088957809213106e-05
0.00015762861789685008
0.0002484807651770844
0.00019954883538135501
0.0001844531065289831
0.00013069135538647497
0.00017757933448324522
0.0002526067413293112
0.00010783487888277329
7.467920091700616e-05
8.303217480382029e-05
0.00021794240310523625
0.0002908214877267058
0.0002737845170603827
0.00010974596534830863
3.557113671822227e-05
0.00020827781701940272
0.00024576184211152666
0.12491319124236448
0.09369814230865757
0.035978019250440495
0.016156760736687557
0.039535740860664914
0.12889588017347717
0.09411005878454227
0.05015191564902618
0.0669185899356002
0.06634762209770868
0.1086560210795266
0.10416881448894873
0.11084434547171464
0.1218810514140257
0.09890241006335433
0.09640761762489782
0.09071930195423746
0.09345485014084633
0.09582433772028923
0.08103254750031226
0.1007781710814088
0.08968807980919469
0.06740438088521103
0.058236922372674686
0.07261241842636428
0.3989089113822136
0.3410351902666392
0.24181455640645022
0.16366993189481255
0.07429156618742928
0.42854213227396276
0.39436985824345994
0.3381294735604225
0.2848048937527842
0.22197068936941017
0.3915743181697773
0.40553542783550034
0.38155706895807573
0.3157244845351039
0.2372297541324823
0.3472531793954553
0.33323268833580016
0.2815613610588473
0.20315846656951797
0.15487869121679934
0.3247254993826098
0.2537651773425041
0.137587227037596
0.11217902006756574
0.19731717256026202
0.6297642308257053
0.5974191117627677
0.5288178668773993
0.4179375959690957
0.15459600703038112
0.6958904038692737
0.6416116712937376
0.5027623218553826
0.38968680964740726
0.3360543212772992
0.6818597209700847
0.6475674016954358
0.5000353279457813
0.33014513281855057
0.3291927155595077
0.6367596712671822
0.5424819135383221
0.3284912890280859
0.15644477352113922
0.2823334602645079
0.5707701632469521
0.4065210780982997
0.07945666334245723
0.21889983957677273
0.2984808823070672
0.6518950228269653
0.6506067719739445
0.5918753480838119
0.4322019040843786
0.07518957299971159
0.7117905786731342
0.6314072829700207
0.4136385447438705
0.19045871932523353
0.2928394188651001
0.7426749803546276
0.6170108338012719
0.3319861648729794
0.1385357619712424
0.3833897782438273
0.7332595256177362
0.5586645059244162
0.18045256221680042
0.19076936786552617
0.4589837130599523
0.6658791035184277
0.47773123045941623
0.18476477333408348
0.31967978855500895
0.3432414147630651
6.687995891947466e-05
5.792509762442676e-05
1.7307237661501236e-05
4.862931788910955e-07
2.390734582556762e-05
0.00011119668849653218
0.0001270543249336584
0.00010926136651032027
3.743718402174792e-05
8.807587295985225e-05
8.125776792622855e-05
4.874593112703978e-05
3.3549495694379044e-05
8.050679563141703e-06
5.1946276901844255e-05
8.260547143455632e-05
0.00012414887732953823
9.741346295484655e-05
4.077317376874632e-05
8.519292733828493e-06
7.5747668558258e-05
0.00015581389580482708
0.00019402859455068625
9.831415649742389e-05
4.220928551591266e-05
0.150148732081616
0.11663412240844653
0.04976557846656978
0.011266565226541955
0.04836863127670699
0.1483200450521638
0.12331279259853849
0.08457426883880033
0.07029878724212266
0.09098466593652625
0.14343865930260688
0.13687278175640896
0.11371883430209961
0.09826190601200545
0.10759534419154147
0.145892613522693
0.1320197705956127
0.11080716886900797
0.0921781433862659
0.0945002780085658
0.15153952820642058
0.12196280283553847
0.07236259608208158
0.05156672071634784
0.07720593631853875
0.4901906955253032
0.4156921000364213
0.2518172715091337
0.1533363106248597
0.2658432539118999
0.4728385190300377
0.42033645748717835
0.33279969935764175
0.2972130153649933
0.3512531491282494
0.4645150697133602
0.445238293770072
0.355761243334033
0.2813063853524654
0.3228560839986829
0.4615055635475781
0.43513998308525104
0.3382796622461723
0.21691011551963876
0.20358661999153918
0.4774357807271984
0.39687494427133874
0.22058159817513684
0.06729430360672849
0.14054532477864098
0.781193706016898
0.708327725498885
0.5322524004976164
0.4154550752082761
0.5264994232395261
0.7605560745095369
0.6904848101623612
0.5786859172055537
0.5393238462257538
0.6197975970385026
0.7373831935840042
0.6958548636250912
0.536066192212198
0.36859129237802385
0.4226123736017563
0.7231930848852922
0.6608185937456814
0.4709741458742805
0.22012420036521216
0.18450387961533132
0.7481813741371169
0.6091702323822169
0.28545715362308205
0.07160959643121201
0.17931186238395247
0.8137016219508395
0.7645977979463608
0.6342774704205599
0.5435657415241475
0.6070526839613047
0.8045825089860835
0.7384313321815504
0.5818006381347952
0.4952151843363671
0.5910669515982506
0.7701358898567834
0.7048191323734455
0.48925750061968515
0.21551484173627727
0.30990823823348346
0.7503604464417634
0.6559947466134493
0.43781149486006476
0.2261705674607463
0.2208115316198936
0.7636270271869606
0.609924813830261
0.27115263433765124
0.058796408520816454
0.31526424593503577
0.00012762327442319494
0.00011823804578165001
0.00011064888955364421
9.190921404034868e-05
6.323628765646786e-05
0.0001864479873176162
0.000284898464597817
0.00022567585018359981
8.112241289446088e-05
0.00015775967193184216
6.186751012719776e-05
0.0001172388465306245
0.00019118700423814965
0.00016326455762599935
8.103529648995856e-05
0.00019443393017242036
0.00013898313214566618
0.00011491385855095712
9.235217926383771e-05
4.969592189651642e-05
0.00017840066129959305
0.00025644519763373815
0.00011760150969356347
6.752463467100302e-05
0.0001530997141561944
0.15065966923692203
0.14709871014489737
0.1342288197348974
0.12237021253782392
0.12242176593293137
0.14547028655008923
0.13422715187584708
0.12066936691810888
0.11680783070744366
0.13007365587285902
0.15642837858763253
0.13652467952626235
0.08351021530739297
0.036065721450166434
0.07557606903111543
0.14630907051767003
0.11956072868881588
0.06255933453143553
0.023739349730839104
0.05737379193292083
0.13998904345948396
0.11028153761906012
0.05001238035924653
0.021171160974265014
0.05079477274961361
0.49850551677296956
0.48655959501193874
0.44914204061817836
0.42224401209390044
0.43675867656747724
0.4928996278250813
0.4327626656032079
0.31918468664897937
0.2735493182834677
0.3565660236102701
0.5192286807004676
0.401473706266515
0.1896684743379583
0.010494611289844658
0.21461301641873745
0.5042260496383668
0.390810490202667
0.17165309910128235
0.07357713345214148
0.20143396120484125
0.48866375488887853
0.40271438861057196
0.21874307321622444
0.08237178074976244
0.2133304729482627
0.7971651084444267
0.7511660550158101
0.6571633422064476
0.6128166779641061
0.6700286751373683
0.7864862518669131
0.6277998295532345
0.33084044829457854
0.20548272111496504
0.425676513719706
0.8192306403653853
0.6147966306008238
0.2558548950990669
0.1309753640991293
0.32527197719913636
0.822087653506841
0.6674139446328694
0.34046106337949067
0.05506126848877716
0.3056690580050395
0.8088421620678269
0.7191055759930884
0.5065950833532578
0.3600430733735911
0.4730251442947729
0.8335957356004692
0.7266081584131983
0.5157004016017828
0.4195084894193154
0.5407636165578367
0.8155282836116954
0.6174695625772068
0.20725582252069233
0.05761194703666212
0.1993045963146067
0.8249651283021388
0.6554231137528937
0.32701440375368407
0.10978789540329775
0.19383100875856654
0.8503077736275815
0.7588532800132871
0.5397034246897828
0.3777283330915859
0.4525262572862478
0.8677810991413735
0.7935365941561844
0.6317218143737611
0.5474460341237429
0.6319968479881988
0.0001094970180001388
0.00016167944909438743
0.00013537745017934137
9.496673159374136e-05
0.00011763641597581481
0.0002965816064540501
0.00021047432939427243
6.901103898280596e-05
0.0001097443592943983
0.00026052330687183976
0.0002912754681275589
0.00038851307123611374
0.0003356877368908839
0.00022644245071305052
0.0003071819324732256
0.00020471786862496063
0.0001620310523164893
9.56523774262449e-05
2.6427785465023738e-05
7.938497309787516e-05
0.0003842663156935789
0.00039889305591618644
0.0002069553930504693
0.00011054482205231545
0.00028455604263514454
0.14198736579831622
0.13711305731451323
0.13297735784939174
0.13318021882187847
0.13645274294500426
0.13019766438900818
0.1324303130208525
0.1283051979185122
0.11893252404639076
0.11529427148608667
0.13196731694367966
0.13243022519509456
0.12518864857110232
0.11243186642585248
0.10382730819887902
0.13274647370027948
0.14053548243374464
0.14686954133526725
0.14310442425559966
0.13378001481267468
0.1324874553329978
0.14029400281433277
0.14158618174785692
0.1356109195660079
0.1315392506097746
0.47755453430810135
0.46297456398826126
0.44446046501640474
0.43732474526216747
0.4447949600995238
0.4575133769959009
0.46042435412297295
0.4555084568395514
0.45336557779590625
0.4609098716242002
0.426190152375974
0.4341596152005171
0.4677403526733236
0.48480248349337096
0.4570232645770464
0.42859307247107964
0.4165009641359072
0.4083593825061028
0.4102716082382509
0.4155472763148414
0.4526883489098959
0.44545033045908033
0.42305602949657667
0.4096747541521264
0.424069140976299
0.7682543825910769
0.7493548641895758
0.7396521627235894
0.7512015095760264
0.7684826390614866
0.7648251778092404
0.7587417033829387
0.7653221493598229
0.7786011082037861
0.7905176407647144
0.7235675536112587
0.6850064678985055
0.6467414385853528
0.6443419587827702
0.6570673934057503
0.6889827397775936
0.6398411477985904
0.5425913259603946
0.4963956064536071
0.5400091967991785
0.708957849109597
0.7025881158070283
0.6760826601576906
0.6554163469162346
0.6674197045752506
0.8065754973073958
0.7562740235226469
0.7348441500992416
0.7611277802888825
0.8121813710465503
0.8254347640087156
0.7407018168825016
0.620053964623635
0.5881743313648351
0.6784317592979315
0.8105369446694709
0.7265771478151937
0.5414895029755342
0.4643039660687266
0.5639040002439268
0.7716084487890124
0.7458260435138733
0.6598068452344784
0.5904794575568189
0.6184555387343402
0.7505151087433277
0.7436934495228169
0.6976617205898944
0.6480750850529123
0.6431486675374087
0.0001839960658431795
0.00024820284495653843
6.400861291334147e-05
7.32602709626667e-05
0.00011688160189908658
0.0002904183262412255
0.0002988874100835407
0.0002205826632303583
4.90549410393817e-05
0.00010335850890367096
0.00046163138139298593
0.0003026906231798888
0.00011043076248005422
3.267227700645634e-05
4.936436948237187e-05
0.0002200113897196252
0.0002464571729413328
0.00017696607554397169
0.00016833568201049935
0.0001170617115471747
0.00036685369575285495
0.00017854892710914962
0.0001186470594671356
4.800767877167805e-05
0.00012158390465604268
0.15464914444662686
0.12344425142286297
0.0628222544877087
0.01674215469622967
0.05377294187818803
0.15175578328957226
0.13582820191799852
0.08798286379941263
0.04020311873483526
0.06035724532568968
0.151777381989456
0.153931010916609
0.13381166601918493
0.11393478345494194
0.11830998119318721
0.16104591923900669
0.16345896633119514
0.1581419922621018
0.15160788195144445
0.15043139796839566
0.14789929038139693
0.154010761814435
0.15042403610311264
0.13866612582125
0.13239372203245384
0.5184852830677777
0.46529335484811535
0.30795430877515534
0.1195733507395695
0.1401442715422819
0.5108201691067246
0.5009178026474667
0.39749598909888684
0.26974268460986667
0.28412051124990384
0.5292029852528525
0.5237952942431775
0.48380781147340624
0.4569064939276028
0.47471654437042965
0.541528636925548
0.5159616847384202
0.4735012859982918
0.45648808780919264
0.48063758853761884
0.528979612931104
0.5098787295685866
0.4494885617539158
0.40606922040824944
0.4312419067952787
0.8348471198810488
0.8248207894328398
0.6614299787927166
0.42819437474987304
0.4056381632483857
0.8025320179182275
0.8256705248847579
0.7362555067491098
0.6003796429405668
0.5617969318619919
0.8318851698558007
0.8143640354315552
0.7563497868028585
0.7239704072934084
0.7528767175750237
0.8524226434067459
0.7895096713568115
0.7184538246552434
0.7088594981679156
0.7730303243604266
0.8653083488261835
0.7932909629107927
0.7004530532986546
0.6716490330222691
0.7341574346850831
0.8764864508112039
0.9132626058909783
0.8211278833083184
0.682845685200795
0.6519422279789361
0.822480715130927
0.8351518040362581
0.7455889608445849
0.6213459208992015
0.572071901121363
0.8028791214358624
0.7452582185438205
0.6757023007924409
0.6664878149132147
0.7334497980769653
0.8398295519297239
0.734482977685269
0.6876920835799245
0.7525940308588546
0.8622442165843748
0.8919908465564628
0.734875053647318
0.5774740300372817
0.5844998808325319
0.7525922067107488
0.0004365454078391015
0.0004919467430823674
0.0004252506988123724
0.0002970337118426425
0.00030650888057151825
0.00030407747056288817
0.00043902273919743683
0.00032507852922748553
5.526146244655416e-05
0.0002590835287705717
0.0002991928833644854
0.00024397325028419975
0.00023279524764753702
0.00023250193291899667
0.00022837483537758836
0.0004890284653747639
0.00031608994678224465
8.287000961732335e-05
3.4596436499086203e-05
0.00019171263967340647
0.0002711261486557443
0.00042084766137723024
0.00016067001005981124
7.301911264407713e-05
0.0002660501487058837
0.1602621074831578
0.16878860370368903
0.15544758749111592
0.12750601793910077
0.1130264581004795
0.15116199783148068
0.15663025785746046
0.12991084343091927
0.07494814486101399
0.0383986354140823
0.143389047669129
0.14359670601715502
0.10493024692697417
0.05280157421712317
0.05719632588026615
0.15280103511428392
0.14405412650014734
0.12381976518240782
0.10961958290293827
0.11908145127343085
0.15945401218838415
0.15897607595594143
0.1386663060471418
0.12229020037953965
0.12763140561113767
0.5179147014999601
0.5117088413753503
0.43750352045262625
0.31882525297661213
0.2771182167109592
0.5189561864645719
0.48043897178107176
0.3387422985754797
0.16498389202874306
0.2276115539085486
0.4866894619341495
0.45990286166238226
0.39358007679729357
0.353225815928263
0.38822597608225723
0.46536598967638704
0.4402029806689743
0.4040119468386045
0.394709085364221
0.42271557791764713
0.48577779653166553
0.4889960679574203
0.433676297775205
0.36225134742198867
0.3464873257901338
0.8188876527718209
0.7866493501108026
0.6419357359592217
0.4767807179177983
0.4508463959838979
0.8388288482329448
0.8279848777037777
0.7221382027173188
0.5924982209525187
0.5767805397804867
0.816751385258681
0.8206289307092844
0.7909237178143833
0.7601669707297318
0.7583645027349308
0.769398302417198
0.7760961022648992
0.7247163730812182
0.6634860827898177
0.6570250359193488
0.7437799614277762
0.8059787925703453
0.7851027696795534
0.68348071996375
0.5924320451121367
0.8484959391374671
0.8342174315098682
0.7557094679940134
0.6827087729375312
0.6949943848339208
0.8656372122241435
0.896429500395461
0.9072548581393837
0.8732885578211584
0.813659111264202
0.8749273318717835
0.8905288743342837
0.8771425039838976
0.8442937969585718
0.8225695281715041
0.8609194316281832
0.9007815292659146
0.9069750441168196
0.8867882876379655
0.8629905613460833
0.797433819873234
0.8564813341764224
0.9089544739608191
0.8891390196843875
0.8056481725227223
2.7892574755058373e-05
1.1441952466251673e-05
1.6888209458234067e-07
2.0712120920210393e-05
4.663473968913891e-05
9.334669117080319e-05
5.9549388905318846e-05
4.7686409503070075e-05
3.9510701469194105e-05
6.186462803972457e-05
0.00010672142525986669
8.727747853671995e-05
5.879219854568821e-05
8.009321231355355e-05
0.00010740707174341905
3.337657944080301e-05
7.4690077412282635e-06
8.82925247466812e-06
4.3789046389160034e-05
8.280491414662244e-05
9.240120057838234e-05
9.755866892661627e-06
2.930819598933618e-06
2.992634483825587e-05
0.00012069730308865427
0.0995529351439738
0.07442853589894718
0.06302641906633155
0.0886153640266585
0.10795034247105491
0.10552479135839139
0.08975292771629019
0.08541651588840356
0.1139698862457642
0.14062371951315356
0.09588198315693515
0.08089979707557185
0.09832785488073213
0.13247854963090636
0.1447080626036035
0.08980238685524841
0.06285075873184814
0.07306286141197113
0.1072176480995556
0.11894596337780562
0.09112021261550966
0.053874860385266135
0.017153379149513426
0.0719470486593738
0.09673264330599146
0.32375711280440683
0.30416058546528857
0.35116481840147973
0.42661579930571997
0.4356683902742425
0.3623998375660744
0.33414738362748975
0.36303051129577435
0.4315867250113464
0.4651472413411531
0.3470283598122204
0.30499915204302935
0.3056139736987276
0.35824694699940607
0.38734264287933623
0.31830205562684644
0.21804087501810437
0.14720640251732844
0.2342541022672165
0.2402052755286949
0.30168792329420985
0.17292265193715786
0.07262792991901165
0.21007490059521297
0.18783517908333458
0.5131561828233757
0.5168053702765559
0.6110517343151745
0.6982622990365356
0.6794807261963851
0.5716409488127685
0.5345280628998587
0.5132381231207221
0.5509596166776538
0.612208914245303
0.5862428857933631
0.4840739636045696
0.3426535088635181
0.34692734804581815
0.4073797463067334
0.5572116214993672
0.3734673624470665
0.028986090761671374
0.20274522417457727
0.10363618917102017
0.4942390211319882
0.34041733817554576
0.09757605813947166
0.19833884660293594
0.10070898114483542
0.5335181274384238
0.5712409691029655
0.6359273659283292
0.6519669523209188
0.5869408681649859
0.5552693133236621
0.48990788514281286
0.39625451379673415
0.3736597490077155
0.4305872884033514
0.6093126782418682
0.4475887089646697
0.14801952993634787
0.08926133311373491
0.1026926178976494
0.6253754464402324
0.44588572517045455
0.0725034192214325
0.1695383234531783
0.12359375099615888
0.5630332293164682
0.4629146025932607
0.24008393395257308
0.11178617044825465
0.20525092161063696
4.481547682125176e-05
4.879496970373534e-05
3.0987874504455836e-05
3.365820560315814e-05
4.73383855252009e-05
0.00010982034758522345
7.792126078313837e-05
4.833256007914232e-05
3.3821749983218575e-05
0.00010040704641066302
0.00020620069619277164
0.00015970908854720306
0.00012878800132810433
0.00011449288021865632
0.00010094986371428398
3.672330025661927e-05
0.00011903368820915233
0.00012827299617161188
0.00010004755779323246
9.152313354890773e-05
0.00014581493204789576
4.5577894466685094e-05
1.8845504896290595e-05
7.372360821171356e-05
0.00013920035136496926
0.11303609039427769
0.10470854875570555
0.10045039172193199
0.10422616694247022
0.11060536897818155
0.11180445955547087
0.10637572799114896
0.12536848115686686
0.14714563588894652
0.14393545849532993
0.12263062771958189
0.10433846417843118
0.09859394333061842
0.13440419400437054
0.15214805992345043
0.1325731361682054
0.09672209107924536
0.051526890491721516
0.0650401087780584
0.09223521046082768
0.13662355271997126
0.09605437146971424
0.025714881993502893
0.010190421181713781
0.02856293681115561
0.3659423462608437
0.31715551118418667
0.3304098802209107
0.3953767027562402
0.44466584157914624
0.33469558330840693
0.25683563006859683
0.32659257629277544
0.480713202975555
0.5221989358064716
0.3681533767212748
0.23286130929258284
0.1604317974845779
0.3362556988786492
0.4210005710704196
0.39988509563479063
0.28336221322069316
0.10829295471620287
0.15012458888559302
0.19226776870284398
0.42998771281601755
0.34625219900368387
0.2313238608811731
0.18619804769552797
0.019929506525801038
0.5793264521841711
0.47024144096821374
0.5196227543067998
0.7025524061724573
0.8141185455288575
0.5113530980006264
0.31219502232671714
0.3881626698034994
0.6915329753300808
0.7495855805550727
0.5258448216103213
0.28399418256828435
0.16295551079276133
0.4811803946906907
0.5544371483814722
0.5561279989243412
0.4194359134842294
0.38566763441037155
0.45040887254686596
0.28391907769826324
0.6293002209883797
0.515945536204305
0.40787813219358554
0.3753530416469829
0.08294975372914534
0.6015973086510867
0.3986651227964977
0.36429475318970295
0.6680501950335126
0.8446881462336435
0.5402740845952307
0.2840405249560049
0.1898733688945168
0.5621640108827858
0.612330586165798
0.49938265449720365
0.3662682897115004
0.4365383264396725
0.5930723674166194
0.48345047783602446
0.5119165446309726
0.45578614129735634
0.5177767561521704
0.547344081968508
0.31235261552682503
0.5834536611299014
0.4729340444834673
0.28873416595408413
0.21629775611695568
0.13296441927714195
0.00010041801240672724
0.00015631375846218975
0.00020786147220877503
0.00019234815391125872
0.0001206617567541176
4.8073725028404154e-05
7.149167659787697e-05
7.564272758801672e-05
8.78125169806424e-05
0.0001327369029951843
5.9623473400675955e-05
7.318622496784299e-05
9.901755125967566e-05
0.00017391752986185307
0.0001860307157402461
9.939740612421448e-05
3.555822406633305e-05
4.789925402608687e-05
3.0476871938221665e-05
8.282596107609046e-05
0.00010143084858866171
0.0001714671872259227
5.326816060485532e-05
5.91112720377528e-05
0.00014490363438528355
0.10043398584990648
0.08075441262000677
0.09245396775844111
0.12394418215009277
0.1454541386845369
0.0846701532355264
0.05716813231371456
0.060842384313557395
0.09916203864896961
0.11789769238379233
0.09336102064508467
0.058392367437761855
0.016144919930207818
0.06216576584274462
0.09050683922837324
0.09635018896576547
0.0776563043130997
0.04993545877744027
0.043846247282549086
0.06912767780763314
0.10340359453771307
0.09240701328553402
0.08576140455709352
0.08902813112693958
0.09778390374969748
0.33044682650777313
0.25650219700091387
0.26271824486255524
0.3529911879868374
0.42530707201765894
0.2850579457057835
0.21481588457417836
0.10414416398144702
0.14063435974388883
0.2244680815740977
0.2601432309834309
0.21957892334749285
0.1312703172316252
0.06455555925439142
0.13510494934511647
0.2751547362884317
0.2583654312567505
0.22824625892714365
0.21282761258873556
0.22914948248196276
0.31027687423787637
0.2765605102042842
0.25928327007502494
0.2810101756939687
0.3180692153785915
0.5238479172345198
0.41573374197902413
0.31704152137899816
0.37752910680122603
0.4887413443270411
0.47560254842938343
0.4435231916557481
0.33376439722276213
0.23393969280880586
0.2642357340913087
0.38211196838896383
0.39173915139548715
0.3484449250308034
0.28992673570102556
0.2690928878437736
0.36660784118601586
0.33532858585009584
0.28506393774000766
0.26092018064788985
0.29536812799183676
0.4251700675021695
0.36360772846458117
0.3677698965969063
0.4789719863897198
0.5425179682080836
0.5471773922105557
0.5063894039179089
0.4095178421007414
0.35323665012135635
0.3965357696325148
0.532527150522785
0.5485160597306478
0.5382126454921237
0.5144265263738008
0.5000304254801222
0.4302806358469967
0.4058926626764729
0.35934671889520997
0.33087880180548856
0.3504565117850153
0.3662977838094178
0.3060189491856483
0.29407121020200283
0.3625569310997648
0.41539008723778154
0.3939722161380141
0.38336697464336733
0.544431744131223
0.7224498717804495
0.7154563580851148
0.00010734025054310284
0.00014437527665714066
0.00019011838227467283
0.00011638509602072703
5.213940605894109e-05
0.0002611454832375964
0.00035074434404213327
0.00020051475304615072
3.898552409301035e-05
3.2389135584725824e-05
0.00011191522156778735
0.000144382798874203
8.234386616921808e-05
7.817380227720962e-05
6.321412418009009e-05
0.00011069474874288872
0.00018568437592678079
0.00023850019110878973
0.00020770868076385292
0.00010360369869521364
0.0002103383517369298
0.0002936960454275683
0.0001797585412055115
2.246288191593936e-05
5.8598537496953396e-05
0.09514020694964541
0.10607588468331003
0.1187393254260513
0.11587243958720003
0.0962512932828556
0.09420518799379814
0.09837371799886023
0.10250511930692653
0.09760299467189883
0.07710263327193054
0.08504535172743914
0.0596292969793919
0.06285491536388287
0.07719147593340006
0.030793514817523314
0.06969389911099794
0.03638490157657422
0.04040655830779367
0.09023638183865602
0.08303770644842422
0.06298638101482427
0.05395039678539529
0.06656876553626817
0.09775639195375918
0.09177716603916558
0.3198854266768913
0.31826496886880556
0.3710842229083853
0.4152801867277175
0.37143042619602934
0.34537765109772095
0.2628357935608148
0.2104522707480598
0.2573603706452063
0.20450987211034607
0.3381638526766264
0.21186153021662968
0.06307705375076265
0.20690779533450862
0.15275322345394401
0.2987244802645161
0.27657187925590476
0.2811486502513526
0.33057962607768776
0.32340189248509077
0.2439599338924572
0.26242559344238775
0.32763453415167193
0.37098737865050974
0.336730068635883
0.5170544877825818
0.4053316097664799
0.4032299756749275
0.54304479764872
0.4980901313479216
0.5727465059701703
0.374428643453241
0.056680103133458754
0.30139503040455734
0.16644771515791731
0.6083625932840633
0.504614848420577
0.322096932943378
0.35846798802353314
0.36992588824164657
0.5723962798823004
0.5943171397300663
0.6310016833638024
0.6562644692482791
0.6311538807363339
0.4838864035267103
0.5071984972925612
0.552705111466505
0.5634896814693038
0.5142489210955443
0.5428664011328544
0.30818397633720557
0.15411405518049598
0.449072295459815
0.3955732805952269
0.5852821157926228
0.4374972089038896
0.2834522754592745
0.30876198976567515
0.0642948068422408
0.6585524934526467
0.6455525201603051
0.5606906535028713
0.4850981126048069
0.47527786865214927
0.6509864317883316
0.6793076353193243
0.682811959645699
0.6614228474950519
0.6423155636578611
0.6043255901026567
0.5979244252850516
0.5744459057192636
0.5467606888102118
0.5317873703753746
2.2733536591360962e-05
0.00013054460067009297
0.00016279221113572415
0.00013448152063277074
4.8685825612357776e-05
0.00025736835591231644
0.00020441579693519058
0.0002100193960303945
9.432066811017137e-05
8.762138015642909e-05
0.0003025563134233176
0.000257088568388106
0.00012145892064189329
3.3957772786805156e-05
3.0272965504166787e-05
6.345588132601443e-05
0.00012810171664899987
0.00014962650657723468
0.00013475965245070146
5.568322102174999e-05
0.00031228057682676594
0.00016837603682178992
0.0001111262316049277
1.3991109310786353e-05
6.174651948476532e-05
0.10248477497951768
0.080295147739397
0.04392106387859149
0.028755427633511084
0.010662235504349372
0.09756852334661198
0.086681724904135
0.07269718439467845
0.06555316910946889
0.019052386543988997
0.1069876507526679
0.0991621213177973
0.0677281939561161
0.045639442513463004
0.054776887169660116
0.1187778344520953
0.10716312295554527
0.08202700467991517
0.06994991800104598
0.08487214080422734
0.11139710307166581
0.10367677629546049
0.07594013399475592
0.06349616368960115
0.0839401385541675
0.3466103284315657
0.30955914914805915
0.2595001543588771
0.2111139329459286
0.03605056440026562
0.3101690004980906
0.2740877602152912
0.21042148192150587
0.1464998516954957
0.03843486889819186
0.32612326728857804
0.265800218834846
0.14507615804895735
0.11574044533496412
0.2071145623956456
0.3663458758154767
0.2856021449912595
0.19986696301546295
0.24963933305693162
0.3356327174250021
0.38904259289365284
0.29867171013068383
0.15972116352077206
0.19905157158651865
0.32726531729578523
0.5603482056299471
0.5075031043022641
0.4156159389742923
0.3145071444114332
0.06053293632977357
0.4964394013355535
0.4064629192240464
0.20975552065272376
0.09845393364995794
0.22527618562275534
0.47936844576561305
0.3427880074409259
0.1885010251870431
0.3162884796725594
0.44427543681988946
0.5261838146520501
0.3386540550999866
0.22053427869930306
0.4526044372650214
0.6029885709261924
0.5954008587833227
0.38653426592725587
0.024254915471656213
0.3576733343277998
0.5488965459326989
0.5887417627404099
0.4743156160984494
0.24607796191233336
0.15172069204085162
0.20527806383172076
0.5516635977108627
0.39718133469940325
0.12661106468677993
0.20412983426335404
0.4187128230911049
0.4898145057306765
0.29488902455316096
0.21018532526164652
0.4819625252554878
0.617699748350817
0.49401785902626294
0.25043127100687673
0.1898595343824839
0.5295705808892149
0.6178962216445115
0.5608176204305815
0.35771610173934915
0.2292003463815045
0.4089742354852306
0.4709346054616044
1.3111632653131617e-06
1.0869907191979692e-05
2.8512511733435914e-05
3.88513152892071e-05
3.158339471527035e-05
7.509664657424987e-07
1.5015733263370361e-05
6.542921771126064e-05
0.00010026767873434037
6.825093059703507e-05
2.0387662608681028e-06
1.0114048215344603e-05
3.824601583891986e-05
5.097615220675892e-05
4.461123949397276e-05
9.512579276303583e-06
3.8413482683545e-06
1.8885852357819043e-05
3.446091782348147e-05
3.379132070865202e-05
2.952558188365376e-06
8.134599675893646e-06
9.410955454257158e-06
5.514918560640785e-06
1.6365065045175852e-06
0.00030004347650858834
0.002690691315673549
0.006757801342522511
0.008024498148143879
0.0055339731991527665
0.0006361909870503319
0.002953332713580513
0.007302663756065777
0.0092953832788505
0.007478545275394392
0.0005792514885477739
0.0011702824325810894
0.004878368285080216
0.007424537985577946
0.006091872950752216
0.0009675019830151484
0.0014310863934047305
0.002844736989550471
0.0036844851865371945
0.0032380176685137103
0.0004863706989376403
0.000982191355420061
0.0027034542401277
0.0039904863869186505
0.003526330512384405
0.0009102626047061913
0.008349928602785408
0.02365109395923399
0.0333514944369199
0.0271110362994723
0.0019646185021289864
0.006186451899944767
0.022491730419870754
0.03105677335740833
0.023772141966252075
0.002338114411333278
0.005348771025995367
0.013973181445258085
0.018657968193588528
0.01496380291139907
0.0027349974615782677
0.004578589575995013
0.011683349529006723
0.017588099625981513
0.015804170858655233
0.001717731195813377
0.012304662800976205
0.03553613840370459
0.04527118172755418
0.032982708928458906
0.0015967875300101455
0.015417814646347104
0.0454485451119571
0.058997018178132354
0.044555823905549526
0.00393565204233466
0.007680528740722298
0.03197347079109814
0.046828026482169945
0.03726570526563886
0.006233019650407127
0.012619026292405964
0.02744139811633074
0.03770280741954294
0.03299024244403057
0.006755330278865639
0.010969286356664698
0.0377099819305995
0.04917428967040328
0.03731004851902631
0.004316448569802054
0.022935498907870725
0.07115040108817114
0.10258351621495432
0.08420769666293774
0.001701313527947029
0.015628506679593875
0.05162615564560987
0.07405546596570128
0.05937051393580503
0.0035235984966435997
0.013207680514844184
0.03784256773919195
0.04979244763717257
0.037974395724448405
0.007038030626583305
0.01841981210657292
0.04070035591602461
0.05182450003227748
0.04284050108307816
0.005330026301705389
0.015506887751234566
0.0565929906019963
0.08451237878310014
0.06947000937880571
0.005515520507208459
0.034047608885689584
0.0957421477428514
0.12403566770943407
0.09578971568729518
8.714747675593938e-07
3.381086295147963e-05
0.00010628186113346069
0.00013550372881028738
9.09477173689851e-05
1.0286884510638675e-06
1.707001212949352e-05
6.863385732074413e-05
9.989013290523537e-05
8.618456111397588e-05
1.7395330910952168e-06
8.946131237158004e-06
4.779292887439704e-05
9.498347425092317e-05
0.00011158868013992428
1.747969160860177e-05
4.872381578331582e-07
3.7503975039440826e-05
8.053987064014719e-05
7.860821436730932e-05
5.037216900935637e-06
6.975883850313025e-06
1.0158057755428763e-05
1.5218569804760739e-05
1.4503037359482309e-05
0.001619873120221207
0.004133803400480398
0.013219128011182394
0.019673891904900088
0.016542780389248706
0.0020267001877993136
0.0029246329304807193
0.012060534944622699
0.017687593744669522
0.01388157623928608
0.0025759450584065856
0.0013363751697565065
0.008481960056477576
0.013718790550903633
0.011345411848360683
0.002255981043990051
0.0028147306732125062
0.005010668144858449
0.007187301584353893
0.005832204155922796
0.0010361743457509816
0.0015725655873202028
0.0020903847442061523
0.002031084501981949
0.001439387204183056
0.005357447253040771
0.009331652164322777
0.033966390323325935
0.05224460065851223
0.0477538508814106
0.006592849320883207
0.005834290592467885
0.03087490385344944
0.04965766068782471
0.044397908356171176
0.00802491549970117
0.005502868626107626
0.014139968009566411
0.022556964930839012
0.016758141571455276
0.007901607017291864
0.008859702859570322
0.007884251917397734
0.006483057287081359
0.0058574559641892615
0.006626770603861689
0.006562580608674304
0.0060982221344508996
0.005818148438069365
0.006179085529135022
0.008342097001486548
0.014884452829206894
0.06454147814661151
0.09373575884918987
0.07470720570421799
0.008333620334446963
0.007124769565174692
0.03810537236674181
0.055359012138016465
0.0450370279613076
0.011294545501493121
0.008280301951049375
0.0022164973747270033
0.006330669513877856
0.00456112873867624
0.012848643081715383
0.012194220700419488
0.01290275368970856
0.014400735400237397
0.016080412394300157
0.011446896626970798
0.012653123646857762
0.021473497088004213
0.029274295227053816
0.029095495379171353
0.00877186821028148
0.008869852577819795
0.0451106570963854
0.07033582110395964
0.06034847949440315
0.006747922205294145
0.001074093882428224
0.014218588234837803
0.02412060575701008
0.022808838038379964
0.009318477377305607
0.008360850701148783
0.010833504868529818
0.013925873664267664
0.014286238235050956
0.00984256161366139
0.00994381782740708
0.021925170002503807
0.03631225885786764
0.03650298199278795
0.013160701556604676
0.015010161724312982
0.035520991692378094
0.056169234234490564
0.05655350745772313
3.835338389932342e-06
3.457124534583011e-05
0.00010918609866806177
0.000149903855294186
0.00012296492355921252
7.4790454374527165e-06
4.6029118905022936e-05
9.952001996254744e-05
0.0001659890487850185
0.0001484675318859159
8.356266078013524e-06
3.831125156520275e-05
7.116255039405993e-05
8.166923089327186e-05
5.5873912064858106e-05
7.182785076146769e-06
8.990934062302708e-05
0.0001930914522439457
0.00018092177572129263
8.106579275992846e-05
4.081482797400063e-06
6.121300457330662e-05
0.00014192330197622537
0.0002512921521410222
0.00023099366001218797
0.0017617472398204802
0.031069156260927804
0.10250186138349508
0.1466871804320806
0.1207667045204942
0.0043123325683968525
0.025946657028711698
0.08977999851459342
0.12407152592808501
0.09573190793641262
0.00789995496506931
0.027533175286931524
0.10126326077888524
0.14282748570241485
0.10884302886054655
0.009800580780284245
0.027802544380634092
0.1022845301759417
0.1448312105747945
0.11404949660618609
0.005223305400570107
0.026984719983826712
0.0980527805750854
0.13747361072005915
0.10718146552583384
0.005576417058682067
0.0998758840433815
0.3217849937128143
0.4516177554729334
0.36167442818880435
0.00575263471654961
0.1060824833759099
0.3456260250050809
0.48430946319610846
0.38107332452555176
0.020090831972161653
0.09755705969460611
0.33303112381035055
0.4648230058782028
0.368473985182805
0.028536847684886815
0.06477070485118509
0.2719629206197647
0.3924390038208943
0.3059591719564766
0.025494734874422626
0.09095109973889025
0.30277401442067947
0.4360607110205209
0.35583047359635966
0.008750373678901056
0.1798981340269949
0.558592275730562
0.759552022470815
0.5908605589151348
0.002716654081114662
0.18449532302929797
0.5650709211029689
0.7674249671357517
0.6011450344723281
0.017434543870121316
0.1319014917302292
0.4561118137119859
0.6371562385561714
0.49788726921278903
0.03127730322342631
0.12515817363653023
0.425847116554907
0.5893404456201731
0.45318615866279643
0.0400882501894526
0.18717811392164227
0.5470090445158999
0.7529229877437323
0.6129374610752211
0.009036099129124918
0.18382362769409405
0.5853829818588798
0.805045690874651
0.625484316501875
0.004236900521519152
0.14792267153552166
0.4575120935068409
0.6268623793209271
0.4924965368958875
0.0032941040996344764
0.1258718710609976
0.3890452906830342
0.5246922611291491
0.40076409179340655
0.015097351295835143
0.1773676140624233
0.543627622462572
0.7449164821303617
0.5818916392697705
0.02893540316585223
0.1926549694232805
0.5764248201255171
0.7967324163245172
0.6442014058999312
9.721377690720566e-06
6.1412173135992e-05
9.998392835601018e-05
6.387239708733803e-05
5.319594827119108e-05
1.7747093653553867e-05
3.252794199936866e-05
4.488169468727149e-05
5.481330154866618e-05
3.859541979962872e-05
1.6681655847254467e-05
2.1819374077658957e-05
3.113517217308713e-05
3.59573076554575e-05
3.219493621117693e-05
1.755593855940281e-05
1.5424117379355086e-05
5.627477738954693e-06
1.8682661846525944e-05
3.5241104778881044e-05
2.6851385623234748e-05
1.9939791676871665e-05
7.679346701056947e-05
0.00013199821973160022
0.0001040124432225225
0.003629088535929551
0.00897315328877531
0.02586212678628207
0.03504237883487248
0.026386362665420503
0.0023951048578280793
0.004355650604505527
0.009848850225503511
0.011859809332919875
0.008335418949405832
0.006653906941400193
0.00632479110434372
0.010439386499525324
0.0136692684063427
0.011172092374204632
0.00765563654044388
0.011519083509972886
0.04502779426834601
0.06449290825478908
0.049184280155001224
0.007345358384082892
0.03165380978540681
0.08734604136398819
0.11783601579045738
0.09544353816111614
0.01145756379019557
0.030055520134034078
0.07107877770025217
0.0963553206948242
0.08230575066562845
0.002154679941575263
0.016144727829880655
0.046699063450092594
0.06509896586944236
0.053239343302578596
0.013494674050556888
0.033993459514294846
0.1120590072051181
0.15554910802045
0.1228608417247699
0.01744875593412815
0.07766834790408017
0.2372053166501118
0.3198098826961186
0.24667697161506522
0.019765094722725557
0.12005578910201495
0.320354756012541
0.4294008338411882
0.34158933751976966
0.01822119941893218
0.03479331929837478
0.1066961525489537
0.1505240039360026
0.12525927466159545
0.01228689129608746
0.060641461667678746
0.1562033116614782
0.20726280543965236
0.16457333607897442
0.016698606830152833
0.10289644037925147
0.305055307431114
0.40639033043299816
0.31477124991563327
0.019137990636459004
0.14963737813404407
0.45494415754706796
0.6092441458692316
0.4607495953808614
0.021449552741460143
0.18871370185407724
0.5174339835129297
0.6862647338808067
0.5371507904237764
0.019393665964296425
0.03741280468124412
0.13405496070036033
0.187489517488212
0.1458150577548999
0.023023651698236742
0.12223002751123305
0.2865579379465734
0.36555611280080763
0.2857890384467801
0.021611704284538805
0.14863823893469333
0.41471321945558964
0.5377366874450842
0.4004282434542655
0.01977193177364632
0.15928744423307856
0.47205063638109324
0.6237592506522773
0.4722243519186589
0.01508097078434901
0.15771294994187002
0.44316314816112395
0.5929037265639918
0.46572173685328155
2.8707302821240296e-06
3.3954698613163894e-05
5.549820429776638e-05
0.00014543757742771298
0.00010210309040231342
3.961450256776514e-06
3.34037471656057e-05
9.15469661995758e-05
9.734113284970823e-05
8.010559742707295e-05
6.705916499746714e-06
8.499545308782875e-06
1.267396008157133e-05
1.4373928221472425e-05
1.3652294897883935e-05
1.585767723170504e-05
2.1007315823878752e-05
5.700820448219354e-06
3.181932822676315e-05
5.662068459531998e-05
2.853085884644809e-05
2.1131710467008983e-05
3.126621187530944e-05
4.609855520235449e-05
3.876487480268587e-05
0.0015646376254533773
0.008030471776370306
0.02643150546879993
0.037445711631321994
0.030165041466744556
0.0007393148803263096
0.0014996347799178893
0.008213459727027483
0.012882635376700263
0.011236532552875335
0.000913077517760705
0.0018020036506593191
0.00400507088510406
0.005127691145981677
0.0046168775959067555
0.001697382375428282
0.003026096609699385
0.006079620221163845
0.006998748935362245
0.004473982211752801
0.0022996289414837917
0.006016690727195597
0.011276012252523851
0.012518385453361446
0.009467971151536568
0.005330105657243817
0.010968422100629266
0.03903187262319023
0.06197667801983219
0.058090170877582975
0.004482357053476615
0.005160340232209528
0.0049403090559902
0.006652729643319526
0.005885558347293718
0.002538255848470873
0.003864276809796103
0.008645764175972783
0.008655404459419284
0.0043475857725008655
0.0038929249855846936
0.013449659154981834
0.028211934001768524
0.03506006594567247
0.027771646700481264
0.004542559498598451
0.011110467580692254
0.029674875997229615
0.04182759168682999
0.033633488564897215
0.008542839302413101
0.005142361782000976
0.018331082200020242
0.031256527418731896
0.030255685830942774
0.010297416659672032
0.011053965194590296
0.011082720553448392
0.009776169323099538
0.008867251143519
0.007881332266211
0.007035892010249895
0.02795173373790508
0.03726866445050524
0.026926372509262855
0.008143683981565989
0.026698432109485627
0.06967111736548942
0.09262322088852422
0.0753002321272828
0.004213152241999428
0.01669832045002074
0.059301462126581786
0.08738517199016556
0.07496839947059519
0.0091790705115695
0.008106786330242479
0.0064374041803757255
0.005651470619986733
0.0063030326696993265
0.012465590748812372
0.00777592367810579
0.028002533047491614
0.038511741137609565
0.0252079347654632
0.01087483899345276
0.02132654351867266
0.07235687643922831
0.09962689508491207
0.07955824438641122
0.01238120975853529
0.03184287341225104
0.08562856383848982
0.12735059021812312
0.11640171144003893
0.005913184454075642
0.0159816986345833
0.07385637582213683
0.1181131007566484
0.10397847212389988
3.278321963216559e-06
1.6878029764380844e-05
2.8291622845791806e-05
2.9873262777419497e-05
1.3568147919842715e-05
8.945276158484057e-06
1.8253500655445876e-05
1.6848075942178404e-05
1.1065045261689885e-05
5.687452248031402e-06
1.014530566147331e-05
1.2523772683593346e-05
1.9017303170835412e-05
1.478680534055672e-05
1.7988914405728326e-05
2.7141304199934085e-05
1.2691860958650082e-05
7.519932194452843e-05
0.00010820112913303707
7.56272848522777e-05
2.05025114854912e-05
6.196681353359873e-05
0.00010328621334354742
0.00014237408247559614
9.834580639821044e-05
0.008663194653580744
0.007989203589509514
0.007412917100595233
0.007419720106117776
0.008165171450217746
0.011073298312889715
0.012130567096959274
0.02175906061223541
0.031871080604958066
0.032111027816161486
0.0181995215725028
0.017123461065933425
0.03648940051084369
0.0527505277895801
0.05036685460457343
0.0196766434684133
0.002925468031148859
0.037551214577418834
0.06186364484794976
0.054957262287503035
0.016922000889818295
0.02496559969184686
0.059212773284788786
0.08089072500138055
0.06295191857492148
0.02837858535121203
0.030384531585130752
0.06324046161606993
0.09600403404162648
0.09803937133759606
0.03001046376418343
0.052451871100512804
0.14832408532677194
0.22187493009282627
0.2022377257339203
0.05762550060431893
0.044638940060482434
0.18195513930668522
0.28199065490665765
0.2559902906385776
0.0645761989477605
0.03580380915985148
0.1828672488100405
0.27156118158669984
0.21551073769075424
0.060510159869496975
0.1252815986686005
0.27540941066085783
0.336366678008898
0.2379631312797427
0.043787218385063824
0.07601707766149772
0.22381856982652296
0.3455293311926986
0.32347878355683585
0.037035856472203456
0.09895508311772593
0.33437239731129187
0.5058125999892645
0.4442746896462171
0.07404223575905708
0.08762593144834671
0.350945135717188
0.5113875657309455
0.43630786907654323
0.08675863670399916
0.1073336981802938
0.3512456336405113
0.47925489789588493
0.35214435362523977
0.0946557172471864
0.21129352833332052
0.4205756692487547
0.5111414104786826
0.38169153997718364
0.04476228072903838
0.11697250669025494
0.37690273288441917
0.5476939977474276
0.4693140299907978
0.029614820937968186
0.12486438008041462
0.42473892847072725
0.6058089082546065
0.5012197551205771
0.05461667490746726
0.1098818003022024
0.4046825590743989
0.5672293005832921
0.4524355943359484
0.07495466488687345
0.136264178001537
0.3649432860675783
0.4653889901935945
0.3288729283561521
0.08896209710228846
0.19591180730806135
0.3698736049019744
0.4341913646778961
0.3318983593463699
1.4519194916947684e-05
2.8769160359370024e-05
0.00013065129576329975
0.00014961022315165064
0.00011951234165537359
2.978729642935864e-05
6.910733577361364e-05
0.00023258808038525828
0.0003163642920106467
0.0001675464181411391
1.3431502911423639e-05
6.723260688402446e-05
9.768847127416453e-05
0.00013113955007343229
0.00018919740023296474
3.074363362216465e-05
2.141269531662266e-05
0.00015196661263126342
0.00018586102939657613
0.00012438507711735772
3.031813050144206e-05
0.00010634236466434404
0.0002169261985489485
0.00021647827112733836
9.871090344530191e-05
0.008578961424004711
0.02566909093458799
0.07043290245988837
0.09875394228806209
0.08333476531768598
0.0069586855556336355
0.02639653486435115
0.08482891881563862
0.1247215085632741
0.10311759650137124
0.00965454346955152
0.02698581135432699
0.0775197372213873
0.11267940056206494
0.10020666999102137
0.010128665980474509
0.016126618382484397
0.04273772379074501
0.06136448516454575
0.0546328758578393
0.01121633662976194
0.013590662709969826
0.02279439347129893
0.029561774766920405
0.02447919904287084
0.028706729530637295
0.09904180868060995
0.2707536525274497
0.36501423180828524
0.28845732682387093
0.021850648573005546
0.0926403398644836
0.28964012364238634
0.3972169051817475
0.31531864367974854
0.022854842195135464
0.07164959050539427
0.2034013707587405
0.28063958035572584
0.23288274208912216
0.03330226410879478
0.052271853126659155
0.09848265989713609
0.12505611223368743
0.10622064163270244
0.03987072575259009
0.05851749132544374
0.11657820919122953
0.14809972237840108
0.11741909194714618
0.04622261123560854
0.17679295300411896
0.5043246537366597
0.6725714162767042
0.5118317670723114
0.04143216354557832
0.11668619943568555
0.3848670114255745
0.5327473310176195
0.4035848160784065
0.017650283640043545
0.06805978995810677
0.18045644510469974
0.24665233882734508
0.2049528157719519
0.03405080557714603
0.07201374599175442
0.1722519639364445
0.21946650302966117
0.16579291317666642
0.05495829758394566
0.126720506928963
0.33087176784050454
0.430036070583821
0.3170732994038871
0.04827413209409117
0.19289263583232585
0.5014389646742626
0.643571715907363
0.47658924778866263
0.055699634384187305
0.11975263306891273
0.2766247011044713
0.34719239302213006
0.24342912975178274
0.04429318699243672
0.11817765723230049
0.23838647340724095
0.28398619565669986
0.21083335277867174
0.014232173072329555
0.15631196313972717
0.3791670419608138
0.4743795950547926
0.35196851313227906
0.03011567349703633
0.20402147198256715
0.5193682129089895
0.6524909196826705
0.4662461408365448
8.127412844035947e-06
3.4904288407047345e-05
5.39305955684435e-05
8.409162269445724e-05
6.968630776821495e-05
2.013914653759475e-06
8.069971961718186e-05
0.00019296786830056377
0.00018021433141096572
0.00014902370947270644
1.7861239794254352e-05
1.7645750198885246e-05
6.37802488035196e-05
0.00016366952649114576
0.00016808245478518478
1.0869031228034426e-05
2.6178560282927996e-05
3.8528626129842765e-05
0.00010041374572734221
0.0001315829354565176
4.280551833064652e-05
1.1799570100935915e-05
8.13374307926926e-05
4.435900358235388e-05
6.315543447178583e-05
0.006518143510194702
0.04672126707693024
0.11461516119749499
0.1453638975958963
0.1088700597135458
0.004726209410224416
0.045309572336694554
0.12384407498326164
0.16105888650555017
0.11777180955336354
0.006274915798946245
0.04254976894454492
0.11737829602619886
0.1597046945612064
0.12612041750204214
0.005672309447327104
0.035071804029050274
0.10097048837713248
0.13592036199375954
0.10630227717261119
0.00961590622045032
0.026895162940253903
0.07688487454950933
0.101287142527223
0.07136889817113565
0.021496864296715035
0.16664331078436528
0.4123439294801668
0.511541864660708
0.36846900481864614
0.00967577632807692
0.14944057422732787
0.4014905648787594
0.5204311904677353
0.38850838020419126
0.014482270000326161
0.14375684433693903
0.3726086716784448
0.47838252690682903
0.3669772072962654
0.012780886367085402
0.10288434677186302
0.2512262682452475
0.3179872080384665
0.23860588853994813
0.014625837016772749
0.10162578435029467
0.22348630348780438
0.26219023745162867
0.17503819942181773
0.034039618852335154
0.2511519103544299
0.657335157350777
0.8291581782790963
0.5964237635177826
0.022547256882328157
0.19789401293772327
0.5872049570818125
0.7713783793329997
0.575671953840166
0.0012509928037719971
0.15400204531580164
0.4177149892141699
0.5472072125877849
0.4221998360979078
0.01407894932376016
0.12422114277607571
0.2766620862287314
0.3214633938993244
0.21839624538006291
0.018895000175140415
0.19172727279348054
0.45117812431147136
0.5247988798202321
0.3387892542966413
0.03559713600193511
0.2144233921533268
0.6187713892631538
0.8120461026748049
0.6018024123470989
0.051253381270037854
0.11344121102476211
0.3880362717099175
0.5264269036289267
0.3981861720696289
0.040457995983868754
0.07993830188548519
0.2022370249367436
0.24397380184784032
0.15661517479664064
0.017243896465769067
0.16128958937643734
0.3515661783202638
0.4019891151273773
0.26757866096639954
0.014592357843520337
0.25986525896510293
0.6514278638203991
0.7921766199481879
0.5443816381040424
1.2712253410491516e-05
2.8431669466434924e-05
4.5986456555774255e-05
9.269992947014682e-05
9.580133990399255e-05
7.194025101761701e-06
1.99118494007172e-05
5.6479685142183574e-05
0.00012579720640779602
0.00012691122588287998
2.88823569076869e-06
1.643519255334809e-05
5.0842189960824955e-05
7.936644422837744e-05
7.295710907190616e-05
8.696114425241464e-06
8.369554143129338e-06
1.9151030419582696e-05
3.696841740154252e-05
3.30251102616958e-05
5.474880106857396e-06
6.393351776900671e-06
1.7058747461622292e-05
3.365210888469044e-05
2.953570708404999e-05
0.004034891261272236
0.02713912023619996
0.09248333876056446
0.13838363526743022
0.12009238001133742
0.007534611229469705
0.020011353712223824
0.06473810909406919
0.09865514338418954
0.08877167914996172
0.0061005583245132946
0.005845707926771545
0.016998799708513868
0.028380716754845506
0.026345385117201553
0.006139785632839513
0.0024146870118829456
0.003141154489366725
0.004741930728675206
0.00300438299019427
0.0013794147172633687
0.023343847917606176
0.061574344748238106
0.07610814935082327
0.052944378672749405
0.012760240218301046
0.07828146810310553
0.26289571126910893
0.3828573114239305
0.3254618523900576
0.025768358419400762
0.03831332276268074
0.10034683379537554
0.15282106961012723
0.14676489260473904
0.029238111242024956
0.025002786581177706
0.021596259234804842
0.021994741454246573
0.024314531579316637
0.030634822041428943
0.050117442059791566
0.12071181255976195
0.15037557773247753
0.1068557863646501
0.013546829525429072
0.0975657888770737
0.2933379138441782
0.39086317405935167
0.295754974394343
0.02035165398239623
0.07471804461817272
0.26765328044907616
0.3988022766213823
0.338217187559963
0.03322196586286822
0.030348674533864046
0.043743070435608745
0.06044710726897606
0.06628100491431724
0.05189829975289192
0.06268412617274707
0.10038421912116902
0.11748317986390029
0.0855299004918661
0.059363785279762354
0.11341614890832497
0.3513537391448971
0.4819139325191841
0.36887653611462196
0.03533099487062251
0.14498530125580658
0.5116148999725714
0.7095267512863969
0.5513797742635019
0.02118947028701373
0.0235955670314761
0.07977486740281226
0.11919188685629313
0.1003389019404348
0.018355900672739543
0.029357662931307
0.05181860189312571
0.06065692268622623
0.043385796349516836
0.04845425233562544
0.10740194375295975
0.301505977478742
0.4057307194269711
0.31696736299049344
0.061830656615797716
0.12412732800885677
0.4707963507672574
0.6621651718209973
0.5184836153087009
0.053485246498976464
0.13375870085780828
0.5152668768201286
0.7366507762339255
0.5906424718637875
1.1229596674773812e-05
4.2450283973059235e-05
6.220186700596474e-05
9.535407208551347e-05
0.00010831610480368529
5.617047611299439e-06
2.520210381403667e-05
5.474326914941905e-05
5.88307867442882e-05
3.284875982586413e-05
2.209695620799104e-06
4.5971562720358934e-06
1.1503114379837365e-05
1.877063065473795e-05
1.7464822729590487e-05
1.1357202734119731e-05
1.7052457380763924e-05
4.558876626452503e-05
7.837466597444179e-05
7.741757811335719e-05
1.5691045150964882e-05
3.9143054304716154e-05
0.00014453942297613297
0.00020664320412639114
0.00014865824236018162
0.006022408731059229
0.006283532828936452
0.008063619506764319
0.008177990311044863
0.005345715458071726
0.004600345043893317
0.004136634618694799
0.0038692102323800554
0.003926333242133035
0.004109922617638613
0.002407712470100169
0.004088035593462261
0.010829373272789794
0.015538364868325702
0.013181492558532808
0.0024431066665931674
0.007381587204341571
0.020378024284028223
0.027576468288453827
0.02215465143504799
0.0046363822652667535
0.007785986978651084
0.018374370145082617
0.025862904419330344
0.024182525529723727
0.0194092391195944
0.017381413747661948
0.013404525629205428
0.011033548943514737
0.013018103313305688
0.021017854491454102
0.023863333580795468
0.03640284360994516
0.045546567222641395
0.040272750720016605
0.014772483224588427
0.02396021226611932
0.05636397151065782
0.07646477587646895
0.06413726559000793
0.007510499149568029
0.02114614666199538
0.0687139544025854
0.09782959126227242
0.0776741370409967
0.010317446804823702
0.01880079321406423
0.06474997697614503
0.08871541687481906
0.06806559090595372
0.0307093669331116
0.03862782082672417
0.05466968778774945
0.06003213616121094
0.046537573839207175
0.04054355335847505
0.05251229209816452
0.09406822484176403
0.11990011887199825
0.10124513403295955
0.03492513007592305
0.04020891469772555
0.1088176843897345
0.14487828144434556
0.10479405965982065
0.023102068890580918
0.017207185325604404
0.09891836761953589
0.13845139657754385
0.0998351051865305
0.015066593852612286
0.00974518409291075
0.06407187963618993
0.09683911630027468
0.07529829747076454
0.03206499071637593
0.05800435856032687
0.10271912666676104
0.12027798534733776
0.08665043348500924
0.045471900286223665
0.0624323183742038
0.12137737936607493
0.14718799227907353
0.10938424630554734
0.045698943380887126
0.0342444312145654
0.09905305043464802
0.135475886651366
0.09070363743505087
0.04204704392110049
0.007866823087306934
0.0693999800358646
0.11493857841855021
0.09505222899751209
0.026254551466016345
0.018189180748450173
0.033479833469814216
0.05138372866792802
0.04549406465881294
2.55422946198629e-05
2.2536581078333094e-05
9.874796012214213e-06
1.2568188383473364e-06
1.833053216844515e-06
1.179843833284622e-05
4.374426183394085e-05
6.838858879016349e-05
5.2448053602906344e-05
1.6961595319749e-05
2.3763043515922334e-05
2.5203544932641975e-05
4.7829444513901794e-05
4.0791878536003436e-05
2.2360232014048398e-05
1.4870499121234159e-05
7.825880413670535e-05
8.433621278045474e-05
4.229409857772872e-05
1.710126735431585e-05
2.6308566485646372e-05
7.141166103845829e-05
0.00011461372410732696
0.00010424890730980173
6.104978856425565e-05
0.030222182213237185
0.027261648552399518
0.03050703035616478
0.0344306338892653
0.030225750756692513
0.018248406925499686
0.016869660005203978
0.05663745745908792
0.07588094728329478
0.05590950453934228
0.022395543636236616
0.010856577455229152
0.06435140671321496
0.09214477311446453
0.06621430661908008
0.03266285591893699
0.024199093080115135
0.061773589998993954
0.08915450418179022
0.06393981721106712
0.04192555413044476
0.05679591103838396
0.09131496810125579
0.1123707180487803
0.09832596536874269
0.0990229643115047
0.03922332474664469
0.1636601501075178
0.26236717384537594
0.21947324480741578
0.06465488103643549
0.06764036614687573
0.2767942459168848
0.3939467537323951
0.29316217491639607
0.03788775700633288
0.10856108175936038
0.3081730199930959
0.4112681784773815
0.30575694160927513
0.060969917721054354
0.13602153864232075
0.2957071203676228
0.3607250908927065
0.24920740164699234
0.10018102927395182
0.1790119315460456
0.3072784585602041
0.3643726498538242
0.2985617486006489
0.15863259932645749
0.044308569238635624
0.39603099799739067
0.6012335671149569
0.4620232502749201
0.13096565649002356
0.24029354756511262
0.5485130149254104
0.7119360728752325
0.5345481934506418
0.07274032155391473
0.28223172489193343
0.5901919674017813
0.7013866245057356
0.5063294805593567
0.03936495302747842
0.2147950353382098
0.46131843678944756
0.533097249552046
0.35871083293285017
0.09845854295046375
0.20000303521084545
0.3657902094678319
0.4322776654829648
0.3340355013545096
0.16557825311461258
0.22684323339732157
0.5889628615088414
0.770558790013954
0.5391717528263088
0.16940070384891906
0.3855182575982454
0.7010746459228187
0.8048865989333371
0.5862628407865831
0.11785609584153803
0.3342386294231832
0.6034571490343894
0.6601079345490201
0.45352525830872686
0.062094194404081655
0.14455621984703562
0.30627834281611477
0.339596959502273
0.20249100091157574
0.052680039225015636
0.08338763063007082
0.15265905105367641
0.18689029101528004
0.1281567708017553
9.534279926953977e-06
5.8408371145489336e-05
2.836775260802867e-05
5.1711520152921955e-05
3.2762975216537064e-05
1.6658152686729026e-05
9.026251730973303e-05
0.00014620846134201078
0.0001562494372560116
0.00012043760518568854
4.765287666834082e-06
4.958478110555008e-05
0.00010176442653828463
0.00010570642377870404
7.445335381055762e-05
8.624132612855685e-06
9.516654080088606e-06
4.036539481598589e-05
6.882389556268184e-05
4.8072559704403155e-05
1.2967492528979433e-05
5.81137964428834e-05
6.66384868965279e-05
7.037255843268327e-05
6.188366683810096e-05
0.019758298627041173
0.04499356512373306
0.07639992298763436
0.0800239875850371
0.04996269886382298
0.0204502725338756
0.057125417698497674
0.10919583983228287
0.12509477582510176
0.0894300918334032
0.014641301245154356
0.052756602388228685
0.0982241408381734
0.10447956644870914
0.06964213306523458
0.010545192884488271
0.031501702516268076
0.0572758446469278
0.06060568271817317
0.0375076077472322
0.008816264469597412
0.02114907481001559
0.04508422282089329
0.054777938332251426
0.038031928740378584
0.06624478109443892
0.18854754838180668
0.34089150334749596
0.3772402801753477
0.2543354202125888
0.07790947541495347
0.1911491010919821
0.3564951923862991
0.3978369992184129
0.2785896173364161
0.06616872841333338
0.13772819888006688
0.2452118259958296
0.25927445417452255
0.15269309605789835
0.05398769161881468
0.08590351170917035
0.18310566310256826
0.2212320865993496
0.14601778264505189
0.041254689684185525
0.0996952792324874
0.25585780387769325
0.32988429268075026
0.23847126811137448
0.10716588635876674
0.3231401708972696
0.6080049210200099
0.6688897116542167
0.4488572480013388
0.13554265918630126
0.2432247536583779
0.4349137774859996
0.4862507225649886
0.3326085242040162
0.14326836780700836
0.14931175456386725
0.2883887259118106
0.33397898221751826
0.1892036603127725
0.12735750328829287
0.10978172297258902
0.3522746289133898
0.48080399821122344
0.34917206198394657
0.09589078272169198
0.183646232660209
0.47714199267830687
0.6221870863649315
0.4499427033508879
0.11265574261736415
0.2599713382102574
0.5228748536731745
0.6198304698460292
0.4408416930112321
0.14436438972188576
0.14756223971624544
0.3218935194243389
0.4005433017204562
0.2531207214817696
0.1824372105931604
0.07930015002425238
0.32566176240023104
0.4713618519687323
0.3356574916382621
0.17802821867260346
0.10548673895838205
0.3957507636411248
0.5708792134706209
0.40807105603628463
0.1422613905297422
0.22151079450686156
0.48267728724699405
0.6099376206946352
0.4339628692196191
2.8215035921114492e-05
9.793287454489972e-05
0.0001820661085591466
0.0001102757698197817
7.034788337220424e-05
9.090509124624449e-05
0.00020715231841389193
0.00029453819917066765
0.00032161914014567527
0.00018401595644541247
2.8603934494149828e-05
0.00019247873871672098
0.0002574553635040886
0.00024254766823408996
0.00019288145632533835
5.32230145690532e-05
5.813527212460822e-05
0.00013009099710576042
5.2992260486368e-05
7.958735076181785e-05
4.9448498905426207e-05
0.00013728946583687674
0.00026223138542289914
0.00028689740771278935
0.0001511902435662716
0.02468516992748881
0.03154756343332778
0.06514001748562093
0.0765327959200894
0.04888465073312733
0.029776476308890406
0.01452448784568909
0.04955399158462854
0.08069021231396858
0.059731784995512224
0.04016500768201405
0.01826551387084066
0.028213364141907
0.05621834996557162
0.05485282887212041
0.037115939941623925
0.02715372931557782
0.018953485094708955
0.032520126098857696
0.042161042978240595
0.029380886538006017
0.027075840130851618
0.019890895552934176
0.01240221255878942
0.01320125625145037
0.08253009681554935
0.014423528100548448
0.16945162236923153
0.2624479232284361
0.18211792630341503
0.09682402531527023
0.039341690433743845
0.11020583217055857
0.189328686712335
0.13823215261876282
0.13394331755122546
0.10078644184865047
0.08469156930464297
0.11251077534905038
0.12280163989455463
0.13684473418192772
0.13109938562191514
0.11472838616925178
0.10420716395878575
0.11261553560996841
0.12384756992195572
0.15137981098227157
0.19045913785035928
0.19969434601017372
0.1722293360051373
0.13408448748290408
0.07200357399449064
0.22783539336152925
0.33911727411015397
0.24819720599090125
0.14104777161572155
0.11177260896031323
0.13268839009849084
0.18755008139625992
0.14867659145300216
0.19762234493342756
0.19056985339409813
0.16763729672065908
0.1512144031729707
0.16122452400789522
0.21680407949445535
0.24845976377864712
0.2913931953177277
0.3029438314716683
0.27348225753818006
0.22408269580866594
0.3021241753566881
0.4449505295860551
0.5177963934930933
0.45899598293113786
0.140613555295269
0.17359515771689532
0.2682104270700662
0.3102157250611865
0.21611912874195788
0.11726138744692628
0.12110556360303616
0.12373085738429156
0.11938314488501021
0.10772289334193688
0.15514633214236892
0.16491748842499837
0.19346375977453226
0.21297218136158286
0.2025645744337986
0.18778187205711871
0.24405704862175517
0.40680628236709315
0.5183225942335307
0.4688558841798453
0.22233993258405604
0.27676407026935484
0.5014119380429632
0.6649315952238374
0.6113432181603247
2.2249459607769537e-05
2.122148965652566e-05
9.65267148877226e-05
0.0002624635655729099
0.0002277891876416451
4.373476136803405e-05
9.764802845651182e-05
0.00026301172812525666
0.00034247428672746507
0.000301334294457238
8.541417377698895e-05
3.5218075735305486e-05
1.1563981245422488e-05
5.322301443528021e-05
0.00011111004779030707
9.209680102095297e-05
0.00010909925065071966
6.0476032427771936e-05
4.323215049926058e-05
8.942983792493212e-05
0.0001660635282803619
0.00010957985656737217
6.529383764666449e-05
0.00010740017853085942
0.00011567911319704579
0.02469835217834786
0.03187667063636609
0.06256148736585473
0.07853569638361399
0.05630986858707427
0.01781697736245686
0.010844987524640304
0.046194335737865994
0.06764356427051213
0.048855563590460484
0.015023215842701316
0.008016799006817087
0.015560204976306112
0.02886118860872835
0.02020851108898131
0.022240412486651116
0.021847218095627573
0.020889252335432523
0.021229179415787936
0.022306437590474862
0.02775943467615713
0.02419788438066456
0.017353440300695185
0.01612418184075705
0.023077492838263984
0.08319968136492725
0.08295529277061288
0.19709858760291993
0.2525664323422521
0.1627072596621849
0.07527104554108949
0.023855233412490965
0.08508592152437904
0.1516418039214801
0.1355264277815296
0.049159206562421946
0.032870292328860864
0.03196146486809714
0.05817451871954005
0.06839164756017123
0.05012548604260056
0.03664692364685528
0.026468856718585315
0.03598735188770857
0.04928010781980906
0.07356850378331121
0.06256557432008962
0.0566174415344355
0.042586471713472754
0.006517288363214844
0.1320765305779455
0.07698687450400751
0.2164104447121515
0.3272581995093077
0.24537291431879862
0.1465370880786673
0.09792702927186585
0.05992165670026311
0.13433238848553988
0.17760648124304268
0.11489829209158131
0.09972702724002837
0.09331999191831719
0.10119114110918022
0.11338860547380682
0.08300719929901562
0.10210816987948562
0.10696334157406769
0.08787998817013368
0.04473020419981577
0.08653724980647813
0.15333401302078234
0.22829348068830166
0.21892736961941467
0.11010918296454048
0.13785674296289185
0.07482395424062788
0.08123244043186406
0.17898351618437416
0.17145439902370876
0.17669893426531527
0.15916608857783693
0.13648507131632404
0.13049228069870197
0.15007320166496552
0.1715448350590356
0.1901350986284713
0.1856900383389835
0.1581405581074683
0.13163495144526566
0.14056428520809097
0.23383223418687488
0.3055500001635686
0.2920438033698436
0.21040467444044156
0.09405217039600708
0.22222975717912744
0.3366297637545926
0.319093599687786
0.18536056560541284
8.16326896655736e-05
3.8231140346655e-05
0.0001531783443947056
0.000329256705252183
0.00025908774552043393
1.3788660683230185e-05
8.862790594304472e-06
0.00015158962341453347
0.00024063334619048665
0.00021748522142007052
3.770468475002387e-05
1.0388868915507633e-05
4.480202498567666e-05
0.00010252513668096221
9.989904162408787e-05
4.6710952053627996e-05
9.677920365401123e-05
0.00019296948334452177
0.0002139056356087572
0.0001453571778279279
3.301996128884507e-05
0.00015823072172770235
0.0003328766075323365
0.0004382797270647845
0.0003622026484647143
0.0213134563805022
0.0150993690507927
0.028270443614860225
0.04603708898912518
0.04883897684203773
0.0227016905711685
0.012090623692514242
0.01041819336320374
0.028423249341152396
0.031566950852829206
0.026870272747912264
0.019222512838651108
0.021961603225424217
0.034932985560030924
0.02397958924798087
0.0286560419522973
0.018308194899907114
0.01876780594954973
0.036377331315624414
0.02387261400388235
0.02325706686659156
0.012140970056783575
0.015414869805255854
0.03606909568177506
0.037317402911277345
0.06980252463941819
0.027249042620667675
0.06041639889420518
0.12240935145655223
0.13039872952832413
0.0657577850040537
0.031155363106459395
0.08698863275696372
0.14370330806654394
0.12333181769689908
0.07529162768587808
0.043893798813917535
0.0718761063840157
0.11924771860897944
0.08650432133056354
0.08624689758170923
0.049902234943205434
0.030268883060969077
0.09595465650064101
0.10095583303677282
0.09010927706467456
0.05464805142385197
0.07185979477917372
0.1436686726226987
0.16080101994340631
0.11194552094948032
0.03319182353676462
0.12298655209731688
0.22431554809072496
0.18727216252470022
0.09457457029879554
0.02503116227305726
0.13678123448176185
0.22954154994335946
0.19981240906385
0.10153299600378432
0.03814592107435949
0.09729287686781184
0.19106111868553036
0.16695724118689229
0.11870127151630303
0.08146960554701307
0.1381517634881474
0.2274572186861557
0.21122915252402003
0.14319802974838344
0.11464863218497329
0.1590055776482854
0.251653948134462
0.27982342752701683
0.11719900600619297
0.045012748793099605
0.11637919708897522
0.2104576202088505
0.16939681946684082
0.09411907037086609
0.027104746905704847
0.11254883513009732
0.19315683821826435
0.17689096599912543
0.08755872054856521
0.0692443304234672
0.15120433257475518
0.22841903653368628
0.2134695370271437
0.09288028315552364
0.09272108081802884
0.2047700388340317
0.31098376629973673
0.29914496959028075
0.12529455305003626
0.10919824127145071
0.17551609089629827
0.2550054895670503
0.2662413676211445
2.992500381667887e-05
2.3223342907402757e-05
1.2114729365586962e-05
7.686748280747732e-06
1.0546434682482422e-05
1.0434921778087238e-05
1.3759582754941088e-05
1.9322347342490903e-05
1.9269965413625976e-05
2.0230200704348934e-05
7.3395542339661795e-06
1.54550114255813e-05
3.2535326437357735e-05
3.975384449537291e-05
2.0024373000176773e-05
2.0443280537389865e-05
1.8033644966335244e-05
3.956179878546445e-05
5.8870012995388454e-05
4.688204403374056e-05
2.7886310479079458e-05
4.231703192006717e-06
1.044717798401804e-05
2.9887447821858877e-05
5.57160700259472e-05
0.03593610617630757
0.029273778181329705
0.025171338533934592
0.028732153094612786
0.036272835777231574
0.03184764296586749
0.02672509130180365
0.03963673993518416
0.06075745461166596
0.07004063925475054
0.02030687963873522
0.010654739185623803
0.0453039638328636
0.08217332007146488
0.08272858872188738
0.017443590308667975
0.013511504432108785
0.06897195977251838
0.1124335872560531
0.10422876150718102
0.02906253182287906
0.023869164315043788
0.08731707978148165
0.12313929616335105
0.09837017272440488
0.11647243423250737
0.10099679622421023
0.15646188550371906
0.2312304891423406
0.24764119439879695
0.1431674950616052
0.12419915410346605
0.21425090211101527
0.33217762998006445
0.359947589369789
0.1239590143679784
0.04110505432577283
0.15469983424035919
0.30329191740175276
0.29593609570073226
0.08897186936379843
0.12856110457609407
0.28268801879722666
0.38218820710313417
0.2972736217768831
0.06409495018657102
0.18234288821049266
0.3795689667723498
0.44668142180954673
0.30193131642022797
0.18439966207563124
0.2042682669247107
0.40566438986349246
0.5951394079974931
0.5877009561905392
0.25591091939982585
0.19202925678766614
0.3686630686213014
0.6056747072706797
0.6323673563643435
0.25135584407085854
0.11116112145540298
0.2581556459956983
0.48869651058879415
0.41732379869369485
0.21440256028924456
0.31087820071850236
0.514841873395061
0.6379388637437206
0.4688413244050821
0.1375068431642499
0.350968832937944
0.6159229461485313
0.6780933561675965
0.4561372091354965
0.1906481826755242
0.2546078569259583
0.5517152122749363
0.7664353339083866
0.6812834035802554
0.26507955421028684
0.16172890399419837
0.37757327448050376
0.5946062979320523
0.5456224671465735
0.2941646585622335
0.17613616662189316
0.2754819355710471
0.44757530967595266
0.30262192769531954
0.29738268219996766
0.37971109514289647
0.5294250211541683
0.6038231352958673
0.49508232928367407
0.21720484425585634
0.34167392803718927
0.5185456549350772
0.5701128414558901
0.43666805627838784
2.1845257547837232e-05
6.635153959142658e-05
0.00013451016188652498
0.00013759884678262184
0.00012236057321262097
3.805062310175268e-05
8.015524281525127e-06
3.380145631451003e-05
6.058147569460261e-05
8.878225104510394e-05
6.0934024355190665e-05
6.305261630060151e-06
2.5361456731808427e-05
8.871602325055656e-05
8.970333628759738e-05
4.819328572796835e-05
1.5531160613394862e-05
4.8817001113646234e-05
9.446342166934752e-05
9.567660126629037e-05
4.8557096195617765e-05
1.894728270525967e-05
3.7039631309685643e-06
2.0418970800505817e-05
6.0557153702005425e-05
0.0404352094153047
0.044901698524351684
0.058421667859199986
0.06604281196567031
0.05914114131546334
0.044636755329283184
0.0450571620838402
0.04974725953274822
0.05709896650530648
0.06009755132703865
0.0432056700007727
0.04432186575691462
0.05110692885680847
0.05573441322647873
0.052878635703680336
0.04191189881411817
0.03688520304679701
0.035095351560715395
0.03726221628239162
0.037493946630074486
0.03935854414136678
0.02945292441721162
0.019612144453954154
0.025324459236367246
0.028598856706852017
0.13065300961153883
0.15696014285619
0.19676046172732137
0.21177467968464514
0.17927098742723807
0.1379515195976705
0.15130003303975112
0.1737478997207978
0.18326718781661924
0.17259155303166115
0.1455733198254481
0.14338263850306118
0.13470313701125664
0.12496763972244818
0.12136802972737841
0.15040146844568594
0.1256134120595119
0.0982000850389645
0.08314523930723182
0.05504656651787228
0.14037071521736388
0.12387814380684266
0.11524495672883202
0.12517080428809046
0.09825323102733241
0.20597550876851078
0.2592885407926066
0.30949674834930535
0.30140318668526106
0.24256174463093053
0.20466196002139297
0.21362695837490528
0.21662908308264103
0.2103251172316458
0.20476687166326946
0.22280497185760711
0.19410429669013315
0.14825332326689736
0.1086931931480727
0.08193736999302277
0.2394996883477352
0.2065691727467361
0.17893569278375804
0.15856946664692903
0.0638386487969348
0.23849523706569478
0.24615515424213466
0.2573581414041161
0.2527663254079743
0.20722321315700687
0.21349999399755148
0.26327543690982846
0.2910064658284003
0.26208540193028357
0.1984647906937203
0.20496314316276065
0.21159026149136623
0.1998527685009106
0.16080202550714515
0.10435357263043758
0.21561558429674352
0.2136727520923703
0.21818482743220363
0.1871715187636558
0.05736264636390409
0.23873008148048921
0.2603436873107175
0.27654359019499525
0.23100448466317375
0.10824953111288356
0.24964757827948147
0.3106265960022579
0.34490791190551273
0.32178612741561774
0.26673422057505086
6.376460262273656e-05
0.00010261396700411285
0.00010931302083633139
7.2200661243995e-05
0.00012602776600633702
2.029520578193991e-05
5.1920790762000325e-05
6.341391276342067e-05
6.193646463494193e-05
3.903164454251709e-05
3.263668743898188e-05
5.381580762904264e-05
8.184112225187589e-05
8.699391256843321e-05
6.995071366052662e-05
6.706802608101112e-05
0.00015497849870835218
0.00014417182090793558
8.569374583684528e-05
0.0001165817729316329
4.710455136933958e-05
1.9549832096887753e-05
2.5711528392600573e-05
4.1949382625289926e-05
3.0200393430033444e-05
0.04091771896007351
0.036166522906733924
0.034290000278006896
0.03707858556749916
0.04228427344921884
0.038878134048979385
0.03444706172741526
0.034808190701075686
0.039107911906179196
0.04155737195519867
0.03789034389813547
0.03142572580601169
0.0250640137279319
0.026401219773595726
0.03294364651586142
0.03588425536932074
0.02729963462037631
0.013166752910606738
0.013606336394697773
0.02679671203673804
0.036243638836861006
0.028156432679250165
0.019515994045021967
0.02370591885784915
0.03216123244337943
0.134020346328163
0.1109123577750581
0.10100896247944466
0.11166845030842107
0.12902394689951588
0.1277384001404571
0.09659406042359343
0.07101849920421857
0.085651827635254
0.1173145005364813
0.12605170058289883
0.08714100810552133
0.03418398207641735
0.05759193568227022
0.10419159593304832
0.12166818466349445
0.08223563583664963
0.04883761731533207
0.0720164783579581
0.10884005334797205
0.1201179382292339
0.09792746351437537
0.09139748596690803
0.11110260165522058
0.13080322746263412
0.2144346819071008
0.179817513056159
0.13477824266483646
0.130632167063716
0.17930108554348928
0.21026323708587938
0.16471615442059476
0.08250906772026852
0.09434884350109499
0.1532094306497829
0.20418898222480705
0.14283278585595988
0.0483039447308661
0.08329609757596754
0.15938465259142337
0.2063737289728255
0.15899877909017193
0.11147734394236587
0.1390875084570964
0.19725774955351205
0.2037533153119122
0.17134775979768083
0.16826079673479216
0.19807817055609345
0.22923296958819464
0.22287802037357043
0.17098116145069409
0.07940766388801677
0.07150059864918991
0.13909443140240854
0.22224957864863532
0.16349622577040424
0.048222349419285084
0.05256367840695823
0.1193310805169854
0.21123414015217123
0.1631018232305697
0.08512603887808884
0.08895391815115936
0.1614381028642258
0.2121065944681423
0.1860228573156572
0.17175733599821455
0.18062853828155645
0.2073699888541413
0.21583933253501214
0.1842811547697418
0.15808284749654244
0.17306390035367408
0.20683780148828984
8.676723811640678e-05
0.00015418523752922655
0.00011451333561897507
3.4068131280314784e-05
4.3662500937483344e-05
8.281277270422385e-05
0.00012677125487572225
8.620808591767011e-05
4.159800097583909e-05
3.6583238820168345e-05
1.336474969276456e-05
1.534313587230558e-05
2.944989163641826e-05
3.934903376176152e-05
2.707093849543211e-05
9.843535156972536e-05
7.590278509490267e-05
3.503873586184453e-05
2.283488063838549e-05
5.567895842689742e-05
8.519366204211125e-05
8.869567742044684e-05
7.880655783282018e-05
6.888413066872573e-05
8.766328006605911e-05
0.045980223317348204
0.05187646174905086
0.053799458015915014
0.04576954074338889
0.032828851075307405
0.047516385419730994
0.04691720762729226
0.038655421674067394
0.027470091149880884
0.027836789884701205
0.05070342231698723
0.040922218500516375
0.021688576033455635
0.002047246544071923
0.01982265919285436
0.04609756388897625
0.031052968831790137
0.00694708757576106
0.024862968336470625
0.039156385992155235
0.04076659158155288
0.027269227509777987
0.01536178802576736
0.03560305592432949
0.04425836624943261
0.15171188616372014
0.15512896590006406
0.14295049656974365
0.12176678166715486
0.11289269088158731
0.15990271967910186
0.134788880884533
0.07900783690084895
0.04734315442067116
0.08288096196882389
0.17517266578682167
0.12816958119220445
0.04516392979826062
0.052793961302209876
0.10786292523038964
0.16535049966588486
0.12037159617861243
0.056267849053952275
0.080860506887742
0.12423740419467205
0.14850649096199728
0.10250830429758584
0.041802003276345145
0.07351594612102288
0.10235818417565427
0.24201750693227442
0.21896468959382365
0.16735118952863895
0.12892035083169207
0.1448179647099034
0.2509920847756433
0.19036661678597588
0.08368107262097295
0.09212528593970912
0.13425566939476843
0.28215985787278464
0.21049298545189868
0.08082685213640786
0.10597926487641901
0.17971232859846453
0.2835409985247493
0.21807111998984285
0.09080138156163747
0.09319949784309167
0.1607021916699743
0.26586671249274885
0.21005452298265714
0.08557431835229799
0.043598936133112845
0.08462450541578337
0.2536202496843689
0.19964215261363938
0.096568569060217
0.05232827937057932
0.09957078463710016
0.2539364338225914
0.17857505512898292
0.08958443460017948
0.1244129448721559
0.1091105355431157
0.2808726536671064
0.2099613523953307
0.07301034444151212
0.07005177972974615
0.12442660100807405
0.2973723040814052
0.2342753971094857
0.11567007567863072
0.05630939641917165
0.09554645787670735
0.29862812664977373
0.23458941817274506
0.11971073094444393
0.07691461394779055
0.10957101189070424
9.011760157866459e-05
8.697021733441895e-05
1.7535596022771415e-05
0.00016500780160000014
0.00025668627550295606
0.00016696736802884486
9.941708241010573e-05
1.0772565476254168e-05
1.990289811157169e-05
1.9439158846165745e-05
0.00011081866866333844
9.904217448865819e-05
4.327277952385138e-05
3.0455098662193116e-05
1.613027633262202e-05
0.00015664723305509857
0.0001206156862678236
1.1415739824660227e-05
0.00012714837105483914
0.00010682228989023534
0.0001519866300843847
0.00020865888657814775
0.0001852162649242401
9.471873183318887e-05
9.65686447825333e-06
0.046597535896726036
0.03892889550398154
0.027530373134893135
0.02325030626852324
0.026178069407763075
0.043342450538481424
0.034229815657122686
0.012605067838514915
0.012947451117940087
0.013825501650563994
0.04570107725810793
0.03814576610335841
0.022612258113977195
0.016250592998864197
0.01392079738232271
0.04930234488306421
0.045588557170125804
0.03497705073942673
0.027431510764289253
0.030298658682737695
0.04728652392896822
0.047181384697586835
0.03990314577512308
0.0368560211196095
0.040135928228729835
0.1577073578938783
0.11296712401410791
0.041475792112749224
0.05763764330812313
0.08480959343256794
0.14880974148751172
0.11399105892074525
0.05872484622691308
0.06910042936899281
0.09456058391510938
0.14858490431355909
0.12832947545293838
0.10800310207624046
0.11601144540618273
0.12415717190499179
0.16004809058175604
0.14582673139475602
0.13875400285671124
0.1529133878855405
0.16600322038464357
0.16976661752836758
0.15708264605019484
0.13782926901139297
0.13694934264103722
0.1585918757580656
0.25516846033078916
0.19020727719399952
0.07371852964619346
0.10293757948871501
0.15521906907624888
0.24313953596553461
0.19994832364173687
0.14974936459065313
0.18360862502155295
0.23327827793798198
0.23175198684929466
0.21203778388399727
0.22392481962951777
0.2600507951484211
0.27108913027598563
0.24255834719383532
0.21662531830973328
0.2182636463780727
0.2495650290134322
0.27195653622553195
0.2621026683751815
0.23056122603572107
0.1892247004161464
0.19270343909323234
0.23203235701197641
0.2678735467111261
0.2152712236735887
0.14667465761161502
0.17018731494025152
0.2386485207705838
0.25920317064921117
0.22135100155071274
0.20049937585791344
0.2293516226138213
0.2809579436350074
0.24475047581043943
0.21070003115015284
0.23370857099947326
0.2899842573970472
0.3165152824141932
0.24522701422166399
0.19772002060174365
0.19063666051591033
0.24110742980980013
0.28701301673780116
0.25979245617842756
0.20749177592139795
0.11915734528108779
0.09906551191819915
0.17852573140303282
1.663528707277654e-05
1.0345452621341359e-05
9.518738557265173e-07
3.5651217481999253e-06
1.5505428399809494e-05
2.1274592899222438e-05
9.084483220553858e-06
2.2654561138320567e-05
1.5632373433675227e-05
3.385239734248485e-05
8.986920245868469e-06
3.1477038340735436e-05
5.810217173844879e-05
8.458148335012155e-05
9.058478527022242e-05
2.7475811532081448e-05
4.161341819646403e-05
6.132066237254394e-05
6.163447437056473e-05
4.636102224027329e-05
7.885181983797711e-06
5.933416439164343e-05
0.00014676029164239026
0.00013730810560335128
5.0994395326637826e-05
0.0272875171836095
0.02100024411752275
0.010147219896316461
0.0024354420546726023
0.007455299871968936
0.032758057824631405
0.03587892280122207
0.0497371232607888
0.05787338424769226
0.039811769771688675
0.03708818041880831
0.058642661381336156
0.09359293300233897
0.11017113502192771
0.09312223148657867
0.0364065275810441
0.053303562442174005
0.0932925008516927
0.11339309048806587
0.0937122228676259
0.0249041168063181
0.022729303972431857
0.08584693153460252
0.11744664847984422
0.07997077264979281
0.08982867138109214
0.10682057184238934
0.1740581160757308
0.19458075212872136
0.11109292118417252
0.10670034036327737
0.1900033231712724
0.3109895583949925
0.3321409332191766
0.21310583602509442
0.13027318601901552
0.24366074866020135
0.3816514015793032
0.4112826328212205
0.319432080699644
0.1320141299539122
0.17645126197533464
0.30358060713854396
0.3495206987482615
0.24322267723440955
0.1167147263856509
0.03440730358703625
0.1995008438107457
0.30689488308788937
0.22627656418714553
0.14411097271430584
0.28092244435094055
0.4836966849436854
0.5306318487424393
0.34074950477461646
0.1496054220627754
0.35101961852721136
0.6054401301004414
0.6522127256267276
0.4314674101338003
0.19972550501925915
0.3730253744400155
0.6084262306260962
0.6734759525283187
0.5077814165011862
0.20753329668399983
0.21903557215409067
0.3807547903064743
0.4692605905503979
0.3112117775596181
0.2152769642450598
0.08454910006615828
0.18881750002274336
0.3705676411739071
0.33775343024002913
0.15128727051487215
0.39190456344541935
0.6709743415466548
0.7067053720657706
0.45889883058413783
0.11535739120831165
0.35648423772383225
0.6380696467971151
0.6751912846637669
0.4279057760878168
0.15497093023591363
0.3061104406196893
0.5214163761326442
0.589756384215469
0.42233012132210607
0.1803431611174721
0.17096003428516032
0.23302375530428604
0.32158050492842316
0.23038328545831027
0.2233558040870541
0.16325522431442022
0.059112613346462076
0.17854655475622527
0.2500012801661799
3.9358761601810275e-05
1.314560805971831e-05
2.5104144242546637e-05
6.705595704955522e-05
9.69028041445683e-05
3.2640690740863723e-05
8.039267148791457e-05
0.00011095119224475125
4.557494011780833e-05
6.85295203822582e-05
2.9128841175553572e-05
8.596040171214666e-05
0.00013242826295682371
0.0001777759939989084
0.00018038311915642073
4.822584995778092e-05
3.0294086989531536e-05
3.930826131102941e-05
6.842625567205067e-05
6.497635287433408e-05
3.251761129327307e-05
2.8197257947755035e-05
2.1377915578483596e-05
2.9413427762384004e-05
6.563247839839399e-05
0.04113189156637175
0.025391540157141335
0.027435016591418164
0.04819817936422239
0.03661400015951096
0.036588400679713876
0.03141392503416519
0.018777772805143894
0.008104621801185301
0.012668508211722107
0.04287113374518348
0.04121809818440498
0.03705164215223054
0.03503317075514124
0.03785256148174577
0.046206793274211615
0.040173246705941856
0.03741646867274016
0.04064389356807955
0.046594034394896684
0.04675217017964121
0.041829628056036926
0.04068197803239116
0.0469066751509078
0.056490021566350586
0.133193644746945
0.11013014838944389
0.0700048188312144
0.05167557075184471
0.030012072856362336
0.10781670164587127
0.10042946221671106
0.0745167517803249
0.05456930019718962
0.06989406297338882
0.10956091831992903
0.1004390074085261
0.09783631017026151
0.10471099922990808
0.11508497527010118
0.1257142362943094
0.11195096410584172
0.1303365591965278
0.16639859739133356
0.18401913784177165
0.14721783737986183
0.12251865515009926
0.14405467353840173
0.19500464582874039
0.22282187021082012
0.2120181267447766
0.18483076887574498
0.1170279000012282
0.07079843357948806
0.10491192085957458
0.17534042413598028
0.1626522295726987
0.14709817195165262
0.14237943895972457
0.15560773785893747
0.14911910580478516
0.1364590980155055
0.16635531248472754
0.21258714647793112
0.2287254641468198
0.16370262723501383
0.15670874492788622
0.2327350369800846
0.31108526526441965
0.31492325137568805
0.2127610127297319
0.16111175362830985
0.18561165137297103
0.2720023014849126
0.3201803303009175
0.22111935987510464
0.21331736527143172
0.20952457078303222
0.21690911095790627
0.2240927014358353
0.21006402079301478
0.20610439169163042
0.23417169571874147
0.263456532570891
0.2673666305139578
0.16752543378173793
0.17223474073605807
0.23853542005455075
0.30132322164363284
0.2974378831291662
0.14313261765740629
0.12041061529968207
0.21636239705227453
0.3170965775925852
0.29837567178107244
0.1828035557363436
0.09838495917388634
0.12777621022613575
0.21547030599022185
0.2116286068336418
3.616313165362228e-05
2.392439387294681e-05
3.5498036729204494e-05
0.00010388960974657583
0.00014864981131427894
7.92205665871193e-05
1.6372386765309444e-05
3.444270280975727e-05
9.752535424774024e-05
0.00016943467542311484
5.299186746358732e-05
1.4707100889673735e-05
1.5589551453884936e-05
3.292417125608524e-05
6.339247747490714e-05
8.418937302642952e-05
5.6884015647968035e-05
5.5937701702098724e-06
9.841643721549768e-05
0.00017034434255082409
0.0001215390945547426
3.395038795560966e-05
2.2634901920672354e-05
7.574985123441874e-05
0.00010574360506615798
0.036664016476049735
0.029945756140124766
0.060051261419168896
0.08444129278396513
0.07279662351239083
0.040378909463357954
0.02434629853769626
0.03224640432729968
0.060635671517719106
0.057986728763597215
0.04310765208289303
0.037288546271815416
0.033418912148548266
0.04160352033754587
0.034769518143608444
0.048111970192081965
0.04834254275195279
0.05404171571677321
0.058886403599288824
0.05641595336069438
0.04896496713576
0.051960859945265434
0.06607864636250364
0.08097744834961385
0.08223857541448523
0.11799770255873815
0.08302165779974383
0.13312539344756041
0.19368403407638296
0.1306539264044209
0.10863574083421668
0.09195779507255519
0.08437211576360683
0.10022225289561745
0.08528554273087031
0.12456520884542355
0.13768855564222435
0.15005446250757815
0.15045238546058073
0.13500427054608874
0.13587224806621054
0.1735737734524034
0.2366644477132562
0.25894746710946853
0.20876679253690517
0.1458998633174251
0.20147675083315955
0.30768429158914185
0.3585560648186724
0.3069405364677254
0.185511445139403
0.13279558785833262
0.06929671005047576
0.09263006097547118
0.0260481018797036
0.1479015985498099
0.14771209096858068
0.13613204551999178
0.12787131549162672
0.13240870668514942
0.16881043311519395
0.20336207577779541
0.24568401724631017
0.24764142401077824
0.2039016525640361
0.18741014436089756
0.2720470926745419
0.42105194519121225
0.4665358278579192
0.347160779418133
0.2019803713125227
0.31255179809725053
0.49078783091453115
0.5752205714229834
0.4874731548689924
0.19104551835648528
0.17509876964754997
0.13041486391786303
0.09837659475613644
0.12218059179641474
0.14631416562185695
0.17083589287798429
0.17615783087441494
0.1597665861823304
0.14180418089639213
0.1380922572784163
0.23123647367968056
0.3397335055089889
0.3412307572983042
0.21972122221516507
0.15734348921156233
0.323273440650041
0.5502490452224778
0.5886579077763979
0.3788621527571389
0.17559125278825571
0.3416936470527796
0.5393642403329993
0.5811494418589497
0.4432689701229646
5.805123582236012e-05
0.00013840088032299313
0.00018111595774819686
0.00015238905605099954
8.080672195779762e-05
6.0035010874916e-05
4.077213770327494e-05
1.4379806888945053e-05
3.068330056438171e-05
3.1337754090857014e-05
6.423024329243397e-05
6.432280975288905e-05
4.7291469661530355e-05
2.8594706298791616e-05
1.5062714539015468e-05
2.8393952408886553e-05
2.1134090621739274e-05
1.3892560449876973e-05
4.5018326311533155e-05
5.401525276634279e-05
3.934957053881522e-05
1.2267904564653019e-05
8.492858727290551e-05
7.542505877589819e-05
5.072278462335603e-05
0.034207790205159065
0.0169333049033794
0.05562555310728955
0.09203660849032105
0.08594323034802578
0.03318165736662865
0.026264274973483215
0.011312640720749487
0.011435635992488546
0.0059161203431656465
0.022323268751947286
0.026723703207372992
0.028643096465842018
0.02623274070655865
0.022140885066863042
0.011825211880953125
0.015709120035816822
0.03330884899454962
0.03914736054439254
0.024956797495048245
0.019881951283082885
0.014670311172082524
0.05805719923762742
0.0852800102899828
0.06135349977945495
0.11023533982583128
0.05404822817224933
0.067153246362909
0.1477060193578234
0.1440307435981739
0.11934910370135726
0.127855186087808
0.12337793215198688
0.10810967768699373
0.09646731397630115
0.09418960799611165
0.07374944291434718
0.04603899264633849
0.015609971920087222
0.03577401599675313
0.061555970503780984
0.027256327824995832
0.16999293113193883
0.25380302256815745
0.21913174000262794
0.05047482506921268
0.031098996653653205
0.2081832446364927
0.33740661019020124
0.30178655559055645
0.17613354631168743
0.15495776032266845
0.09777255891488193
0.033904195211485466
0.046314352117370235
0.20937344234538519
0.2041098593016956
0.18480898824815925
0.1700243862539333
0.17867566564368725
0.19006369957199878
0.08907004026223617
0.08024252808017716
0.19494785922978625
0.20794607281726116
0.163092481554555
0.11249861468868863
0.33563753848762823
0.5349139237085789
0.5286933481620466
0.11225345304208698
0.11352155119855138
0.35332324233423323
0.5682159982790163
0.5420500282171122
0.1841815668800235
0.18836393416139796
0.1746249700826127
0.15628434768985563
0.15121166492632143
0.22537720103052852
0.1637495307639962
0.0616922725320897
0.1086183103397465
0.16672150573382322
0.22967926554046972
0.13546997937102484
0.26101751208899304
0.456416185408092
0.48425652943195985
0.2228366670917394
0.20388676188415125
0.4137903987120439
0.6372356445981042
0.6595910671055684
0.16388492543496622
0.14507576406715392
0.3208584695210509
0.5142574061719354
0.5268150181509985
7.932555916964055e-05
0.00016330629217933772
0.0001911994180632961
0.00011504268213209048
2.249238927373673e-05
9.76465600683141e-05
0.00013562135616619506
0.00011493028103277257
4.868619103729834e-05
3.246766536050523e-05
7.059665047575708e-05
8.943552536959098e-05
0.00014814438110025526
0.0001661159662219296
0.0001293474970863844
0.00017429398568522559
0.00021262578137292546
0.0001532458684770682
0.00019752794579388355
0.00018190992665689863
5.7773821379123934e-05
7.052488306774003e-05
0.00011176939299424889
0.00015299412960521658
8.269342661495735e-05
0.0343395406758976
0.01980455175696398
0.024608002655063778
0.04119960184662713
0.03241264978549365
0.03759655964453178
0.024305333817145464
0.0528943110545182
0.08881155871461112
0.08602179945045213
0.055391820720827475
0.03349263401670652
0.06933548994211904
0.12062491987581038
0.12372573534293316
0.055907551757349856
0.023045405039463465
0.058947906615319096
0.11672618649612033
0.11943878074603317
0.047459877818424624
0.023655769573707006
0.06646351564768536
0.11443108909015126
0.08911839234077121
0.1135586015720166
0.05954001388234329
0.15655795767587025
0.26596319618111347
0.2458002435466385
0.11646303443108873
0.09033948519753172
0.2870476388097888
0.4517054172156376
0.40894459595234717
0.1685376768504566
0.07565294970534453
0.2479913575596244
0.4266947757907943
0.4179351766533256
0.1854381847987749
0.05754647688755368
0.20524174598617545
0.3626580216914227
0.2964480136936313
0.1793584068362737
0.14577560586982163
0.23884205452730034
0.33335207873192124
0.22182307843639026
0.18054756736235336
0.14284305838051464
0.4357816490980548
0.6687763746451375
0.5886540590778719
0.15908554503203223
0.12693720658172764
0.5107131081428616
0.777425171741415
0.6553736481642796
0.21152203187169816
0.03084820788543968
0.4120534231897885
0.6710776193895112
0.573431657850692
0.2510147849415919
0.1321150059497595
0.3991897976166361
0.6064748393173206
0.42847903153973516
0.2752065590059057
0.25329724358245786
0.31718814445530963
0.4007446133341742
0.27564698040825836
0.18717514204898664
0.1830428218315323
0.5506264467475606
0.7871859777128127
0.6286589312759677
0.14329025438569878
0.09188658190548082
0.5034332017922282
0.7379557231947594
0.5704256108641289
0.15174531466639649
0.08075175301645804
0.519596518664351
0.7538962423729046
0.5537802436967574
0.20192845025222877
0.12326012804700517
0.36740220291808046
0.5427015544581644
0.38228007863715185
0.250240826933106
0.22320926075676176
0.17598424416654906
0.18135962005008013
0.17973788123669726
2.1244149226010963e-07
3.261026455830879e-05
9.17538293208941e-05
0.000114986747159432
8.905777677720216e-05
3.6112081112574274e-06
1.6074633592452862e-05
6.358710440182609e-05
0.00016763875586881202
0.000208386883611249
4.47495319432035e-06
4.387902965313573e-05
0.00019775246377774216
0.0002989189536426908
0.00022102414396283693
5.730489156539865e-06
3.712790698327641e-05
0.00010788568390792938
0.0001457100541965871
0.00010899197586268519
4.27762965459292e-06
1.7412612375504565e-05
1.2273769590711553e-05
2.9882523962951778e-05
5.724469732540979e-05
5.5382141367652894e-05
0.009926351358267941
0.03060344085648759
0.04280112518270608
0.03354403283959271
0.0005807028950525304
0.009332003016924528
0.03021279416505623
0.039688523873860355
0.02870955979513774
0.0010348101972995232
0.006550107423385342
0.024335230642823953
0.03719570442836378
0.03109240479254372
0.001393284939104317
0.005104260756999832
0.016671697524213526
0.02450245207862535
0.020507528763704635
0.0006211783046709615
0.0015407095437749868
0.0048009125657929
0.007043748009428087
0.006184293467283249
0.00017253707698152722
0.033001360352046344
0.0957411827397814
0.12567260807024325
0.09726331843715103
0.0010172784440239384
0.02923429253024637
0.09636713907733113
0.13759775009784833
0.10998201917996901
0.0037552253337448972
0.021322106357658348
0.06770157501768921
0.09144084731221644
0.07230080392287838
0.003972773845996356
0.0080533648482583
0.020342691836050888
0.028988523918911456
0.026969638409995365
0.0032197001341745073
0.0027364796858482185
0.0010722009582558032
0.000774152105697306
0.0009447714322223384
0.00022887301268107875
0.05229605689015915
0.16343876980650282
0.22507563695765406
0.17415268922344068
0.000903760149512071
0.03939497219960825
0.1248515446750286
0.17125498854772309
0.13676758604445363
0.005153125220193193
0.015242918898855968
0.05530619819154077
0.08386957188862242
0.07371350102237254
0.005221327846587343
0.004248934298697411
0.006236359649042115
0.00890690109921708
0.009744411824570278
0.004926349255945995
0.009961194797405499
0.016819477854645746
0.01866498127282264
0.014228052092569802
0.00024303152474820916
0.04985780571759104
0.1506574096625502
0.20565219960226133
0.16378547332781296
0.0008050663972853341
0.02511000635890345
0.0858536302349495
0.12128964938359273
0.096117044901721
0.0033166361379776757
0.0020050955033319652
0.009460226099349031
0.01499621225074954
0.013338021196063556
0.003223213861310854
0.008068475258776133
0.014517820703889206
0.015800590231692828
0.01167067786956266
0.004758174393448491
0.02233632503203799
0.05727679270813952
0.0740232511516226
0.05633657359045914
3.468679343728874e-07
1.948453761896352e-05
7.632504840429031e-05
7.624863272164552e-05
6.886653326034914e-05
1.096396256304091e-05
1.2527413089916857e-05
8.492652802094406e-05
0.0001836613996843437
0.00016613486221730292
6.835239915254594e-06
4.790096102805313e-05
0.0001854646628507427
0.00023600090071895205
0.00017266679518408235
1.2788099962885786e-05
5.365635733255576e-06
3.3437787828883184e-05
5.213303400314802e-05
0.0001496339992226715
4.147918679608418e-06
6.9843198121667194e-06
6.138678196645221e-05
0.0001490026053658804
0.0001435193394461297
0.0015669068263103074
0.010482948724584674
0.03284655476224874
0.04567146977894119
0.036817447956368723
0.001065597477021363
0.008500023191135537
0.027309161312704933
0.03877012965984482
0.032684067020162424
0.0014723739630174162
0.005432831430438492
0.0215060305759259
0.03224732937837389
0.02671571004625115
0.0025814093364255413
0.006415944814989756
0.026652539030974025
0.0377554200126019
0.028661551397479914
0.003844092678541766
0.007374250766180785
0.028223398557640653
0.03801830507064899
0.029828147483653977
0.005127211872264429
0.03479961575617095
0.10709663810731652
0.15529613407622594
0.1301977715792521
0.003330278566640104
0.0322927873346079
0.10040398758101965
0.13724591589619978
0.10517376853948654
0.0024824218334339107
0.03355062373842118
0.09655273569136466
0.12936131760451794
0.10490377366661081
0.003240626356665065
0.0304885957985469
0.10334822194794016
0.15044109514956996
0.1257578794480058
0.007426284761782701
0.02822959852816167
0.10667837160820436
0.15063914479921406
0.11415554756040945
0.007691011315228977
0.05729897166312967
0.16982556328172574
0.22527583908777535
0.17265595917677964
0.00412618661631628
0.051126626173319596
0.15554701729434123
0.21686423848752034
0.17465542130231707
0.005389281898814396
0.059405317532153674
0.18192839066293687
0.2534279059335454
0.202035884383556
0.0018806212763449674
0.05572618425911765
0.1705565955418448
0.22840991657118187
0.17558392862213046
0.004528796680346351
0.049091143167708975
0.15277985524306978
0.21369304233943823
0.17069974627341414
0.008060331146446156
0.05865648107219278
0.18395162231003742
0.2546518973164205
0.19621564065684705
0.005705098236923559
0.0630439357646194
0.20028229530686886
0.2681077602907188
0.2025734649997205
0.0025610741531707686
0.05893169414433171
0.16954171735504917
0.22911916143968059
0.18479253806972512
0.004351783423079246
0.05277700299110054
0.15559454704097936
0.21254861075733955
0.16472510085545003
0.001883487635959866
0.06907780813483294
0.19881641233914873
0.2552479250227051
0.18529856336751158
4.102161416689065e-06
2.0847614128465044e-05
4.289524421350985e-05
8.279703878354728e-05
0.00011135123263710679
4.220774692974479e-06
2.776600127671617e-05
5.8361926416672094e-05
7.032023427867672e-05
5.39503633759488e-05
5.395250063373808e-06
6.807361163417794e-06
9.007171411037666e-06
1.7176627970189608e-05
2.6054149103532403e-05
4.4276670978576526e-06
4.787900087352655e-06
3.7455137844830066e-06
1.3415882812270848e-05
2.3319258053989887e-05
2.8793818816192943e-06
4.131044250941171e-05
7.748314567215429e-05
6.794728092871369e-05
4.9984962564018897e-05
0.00025414012663047664
0.0014786890379581696
0.004661137129638781
0.005899680996760096
0.004288240914730023
0.00025630805026591644
0.0012417912120923807
0.002711111819551636
0.0036850666572652343
0.003641737111954015
0.00021081009555267964
0.00046847945927818157
0.0011119205925364303
0.0014110295386412037
0.0011032676958758968
0.00016529405103441155
7.341760495779498e-05
0.0003593249805417063
0.00044212915755832623
0.00024897005107303886
0.0001750446209901742
0.0015031939433135183
0.0035577174911889022
0.004523409710145141
0.003797783971415873
0.0009116629317473783
0.0029109692546246753
0.011350361870009519
0.017563010168045106
0.014939375640341463
0.0016525200755415515
0.0022078861133797323
0.005237157877859633
0.007092437498192963
0.006312252561298269
0.0016515328484281984
0.0015767159319502
0.0014893813408879068
0.0014740449363200515
0.0014647995709598945
0.0010902676505888955
0.003964057142107152
0.010000921268452178
0.012667441489100133
0.009179987244535613
0.0001735627847424654
0.009553222463036228
0.024477001150958612
0.029001544092828242
0.02000593106070614
0.0015556295901955175
0.003730899319756751
0.010645461523730318
0.014819121161049043
0.012913178277351264
0.003196773042557956
0.0028917373051140327
0.002674626608887652
0.0029443245020407825
0.0035908916276344276
0.003391479816427529
0.006328578671541738
0.01055734619103782
0.011272566574468495
0.00816197886343693
0.003650685155905053
0.012113628729707086
0.0294366686476726
0.03576727939350439
0.026185442300098116
0.0013321916651896275
0.013260966025836379
0.0417235410523661
0.05806744711597764
0.04382929363423511
0.0015917429436431282
0.0011731259290799225
0.0037226451312473837
0.006367069915318231
0.0062735283709391835
0.0027571441132731994
0.0048236420538877575
0.006923839668832634
0.007170623343596567
0.005357787205578297
0.004247448945023966
0.013308879897849535
0.027472407104867733
0.034401302826318744
0.02740573498509241
0.004399526529766272
0.01670113976455133
0.04512027066900483
0.0591270255743538
0.044398452296457176
0.0030367825824750365
0.01567685582378144
0.0454714596811981
0.056958948663232596
0.04214792658588169
8.453131026175721e-07
2.7384818637060146e-05
0.00021178325502562272
0.00035935232997591927
0.00021383934330882986
6.69871020871661e-06
5.23621560905793e-05
8.073135170170688e-05
0.0001482381683944137
0.0001769509597087312
3.168548842582894e-06
3.597045015110665e-05
8.501821882646975e-05
9.33862423616644e-05
9.338852498467538e-05
6.401383755762342e-06
6.308347014639687e-06
2.3792468667062267e-05
7.296267403109856e-05
6.932319541160537e-05
8.527999254208607e-06
3.689919403749438e-05
4.934234902046476e-05
5.5383762661242544e-05
6.495415591901482e-05
0.00015800069051232423
0.012973322864500054
0.04200720920439947
0.05817492927163897
0.04507943196165333
0.0007599752761803872
0.008662402925524039
0.02685150368823589
0.036355493522670514
0.029479617841534342
0.0009067863886811715
0.002304192649568976
0.008317639638357327
0.013393181833286595
0.01255451161043064
0.0005507087344846664
0.0010844457566707055
0.0014128262464014611
0.0014186292236508002
0.0013122466885607796
0.00042159200764040403
0.003707195531401256
0.008102350960145591
0.009395478655958937
0.006914791634832961
0.0006497271691035143
0.03343126610678479
0.10362149408161685
0.143594746341797
0.11661448089388673
0.003899445378574466
0.012060220710615067
0.042220072852411694
0.06356685502405486
0.05457969342631256
0.003958538168138921
0.0036425523326457775
0.00450812731246809
0.005761806820995058
0.006374324881124258
0.0046337821313032325
0.0099001482660035
0.019526882225611737
0.023569775328555382
0.018323286811354658
0.00238865660139115
0.017165659028359447
0.05128030563566791
0.06781250728741359
0.04988108849441543
0.0008654596463908955
0.032992824054112364
0.1120374902572603
0.15744412273680744
0.12446492802026753
0.004970304058137583
0.0031255747056251936
0.010047627186780555
0.0174368772282119
0.017537608135997217
0.006870518032717861
0.012694357174133567
0.020654195282862903
0.023278507279236388
0.018020977971115525
0.00888913832555408
0.031150803614444965
0.07756288843421545
0.09925429641968515
0.07624213873398074
0.003357768976933561
0.03702191363213206
0.10595756647165436
0.1391154869063986
0.1066173908164402
0.0008664440198296059
0.010231174905105377
0.03623639708560942
0.05230424439815922
0.04235835778353277
0.003933837068893706
0.011558646203004397
0.02222753579188162
0.02525158114028644
0.017527954381906487
0.007740350141087414
0.03262088226030505
0.08024193031013377
0.10092535596867859
0.07681615414576164
0.00971648298724474
0.04285582767781611
0.12615043042009177
0.1703293409934017
0.13527946933223098
0.005892224410289378
0.040895847084798626
0.13594262033106375
0.18604069301915183
0.14211746211990187
9.303347758119704e-06
0.00015130014631667808
0.00040053806885457073
0.0003339744889048332
0.00013681504656748415
2.2158619636169418e-05
6.082141074613138e-05
0.00023479261937899397
0.0004405414594920654
0.00035279037802351913
1.1515078901356424e-05
0.00015788424122609512
0.00019822729001949945
0.00011879177754437362
0.0002021024544424895
4.7220336810856066e-05
0.00016268132168505798
0.0003574119534785597
0.0002816990844636389
0.00016897010454732975
2.2223891165279013e-05
6.42349655312683e-05
0.0002753814692452608
0.0005447803537819129
0.000461556828968991
0.002425789362925009
0.036565794596262295
0.11249528420691582
0.1533432841047272
0.1200056250140182
0.0034676269725430766
0.04317799031639972
0.12498678611335119
0.1590955069748536
0.11391355692606392
0.009683215961009432
0.04446418773452051
0.13583351061886761
0.178953245367617
0.1329916220820943
0.012951349966671718
0.03111987104769052
0.11228268537622914
0.15664390679224038
0.12043649900609987
0.010156671725653429
0.034375920137305706
0.12108867843958825
0.16310969365735387
0.12074951035248406
0.00786110726926731
0.1343614995052379
0.4033534421157937
0.5414793811945977
0.41386724446141404
0.0022467742078970793
0.1437415542081961
0.434707927018426
0.5871735313281685
0.44668749786763123
0.01670267534880521
0.1113325225671242
0.3592166686318384
0.49471143933174383
0.387485075065004
0.027016734858318025
0.09892397968984377
0.34130243426107093
0.4657995056585034
0.3498467598663928
0.032593218739035174
0.12635457366944147
0.4097970610814987
0.5681765754178095
0.44524094511476936
0.012501300806645181
0.22414823133177061
0.6743056396365724
0.9084978382229596
0.7013613596858724
0.0001825413745910523
0.188365036281376
0.5723543514804086
0.773547467276964
0.5964602350048485
0.00922504030736225
0.15954345618281857
0.4970640966990515
0.6705005003142963
0.5083868338255252
0.023680651739477587
0.19752094000193762
0.612892470599674
0.8308142974585165
0.6389211601648292
0.03821235742416526
0.20275884983174064
0.6227975170116629
0.8542553665349232
0.6814623958438826
0.013509746997703874
0.1763771734840805
0.5611777073798886
0.7752428906985022
0.6113784884084303
0.0041585336269919304
0.1433308836348671
0.4370960747363272
0.5881179626668307
0.4502998999081141
0.0024734811044813394
0.19529223124203277
0.5691642015933859
0.7577382391237597
0.5788728629741274
0.00933269681902751
0.2315634054138513
0.6936606510244195
0.940880851696065
0.7349243289695936
0.016050410807004246
0.14315154874066008
0.45523450362948276
0.6250845031767464
0.4920011788573452
4.1650135707741685e-05
0.00013998499938333412
0.00018188207414286615
0.00012722999901794289
4.163273884589535e-05
1.4356355725833287e-05
3.931191664417123e-05
4.155806139874423e-05
2.2708592370488636e-05
5.51858868968089e-06
3.206975466487401e-05
4.583783608738237e-05
4.843881914153939e-05
3.355490562745683e-05
7.3612671533388995e-06
2.2720204758253117e-05
5.4013603725460804e-05
8.292442167270171e-05
8.433288396582397e-05
4.935193766407351e-05
3.543875640977146e-05
2.819243409682325e-05
4.178411666745156e-05
3.676403744202272e-05
6.666085375224005e-05
0.040428216190242554
0.03313866722279829
0.033323611414194314
0.033545660992923367
0.017215759896330476
0.04450308312430925
0.03277355339214928
0.021870458327192335
0.022231953583954266
0.003926378234262317
0.0396195869181853
0.03586045225135186
0.028507317226892207
0.02461620929599404
0.02468703887640457
0.035796789732652205
0.03700984928655972
0.037996676690329016
0.03745775784020061
0.036055808327805416
0.038155304279334404
0.0428321503234481
0.047723898400233646
0.04538956926444749
0.03326687314094134
0.13186977209971568
0.0808839070444295
0.0484156948205281
0.10096998227334379
0.07271261914954157
0.14777930901598446
0.12745344536589417
0.09211057482980943
0.07756768450321093
0.07593488388531053
0.1428674508164864
0.14499452122240572
0.15041065089402908
0.15411858004140624
0.15187704519900636
0.13026689139131908
0.13124870698701926
0.14964343036626407
0.16542641812444128
0.16190006053922434
0.12364777391766557
0.1315887629131973
0.16232339629439888
0.18228298151661868
0.16136598982477926
0.20989489789875046
0.15200474354609717
0.051192801026221306
0.08372769908307157
0.099170394897702
0.23086292802839425
0.2223390283533674
0.22046561037818402
0.22608255901888333
0.22369273942487042
0.2386368575132227
0.2427079755534397
0.27139331103910114
0.30072987611109475
0.30271539337096937
0.23578219933655928
0.23900776628836926
0.2790163562602678
0.32253495756176476
0.3286090509263703
0.21151516357987551
0.22984231240120886
0.3015527686470839
0.35486464922889494
0.32907564525997846
0.21772738316362136
0.18243614541939696
0.14132528987216797
0.15499517327352325
0.1934465885998523
0.22919677331368465
0.22157173014623804
0.2678988523044233
0.32072820129478646
0.3199429753266577
0.2415253730388019
0.22374124262291872
0.2740437138372303
0.34385707123367465
0.36328108562315886
0.25033441927064326
0.236706062780092
0.29268236425052246
0.3636031350760078
0.3856151900191667
0.23654566985428566
0.22467715362767113
0.2913203629872782
0.366133536824006
0.3603507389804238
6.132134886763962e-05
3.4554516303921025e-05
1.6944053316741463e-05
2.0798953047927862e-05
3.620320753944122e-05
2.1083228300714696e-05
1.570649103133938e-05
2.9294464814501092e-05
1.743305479166886e-05
2.10895108553944e-05
4.435240208002456e-05
6.09251754197707e-05
7.08351494274227e-05
4.399524464413997e-05
2.0409497724538312e-05
5.883894894998779e-05
0.0001617715455186207
0.00019670024617067473
0.00011378019349568479
1.7989263940560726e-05
2.624898063197041e-05
1.5228109763118456e-05
9.1175577114292e-05
0.00015170613170419872
0.00010521801137877457
0.05293505540254445
0.04197054284732476
0.02208689799933669
0.010354873838350674
0.025059696412940043
0.05331391095034122
0.05418699971136167
0.050699638672575216
0.04416778212610222
0.041961664798944365
0.04946999445765122
0.052079077322713226
0.04937106774286933
0.045279478102085734
0.04263210612897227
0.04308628351244028
0.04187443927422409
0.036506209467959114
0.029025527124463362
0.027121077885846143
0.04093999699473087
0.03703837831540037
0.035624053602674226
0.03851392160601749
0.043120036872628095
0.17326608293205634
0.16316784532658382
0.12649873868322703
0.09278961296201238
0.10360154174279261
0.18094252546448486
0.17848574003029252
0.16915603861477208
0.16281259430237902
0.1670563571425721
0.17707108005309424
0.1680377335298916
0.13677804625202192
0.11386290236033644
0.12711782316450648
0.1622297154329604
0.13837642517708687
0.11927178843349738
0.12241875207260859
0.14377647008579972
0.14551369523958543
0.12239760555199086
0.11231166765529617
0.12736722753597784
0.15324519685246635
0.27699518759943403
0.2757634737505016
0.24979485234001486
0.22158035918711144
0.2220627025484551
0.29325749698339065
0.2806948011083743
0.2507659788108438
0.2363496317536611
0.25547742422640113
0.2979720836314852
0.2618579420093777
0.22199227431941984
0.21730504262190248
0.24856092005279548
0.29220669947803196
0.26095917023453447
0.2362037526798541
0.23834284877924317
0.27007139225573196
0.26652960446982016
0.2244226247626195
0.158131770737228
0.1577744741362711
0.21572247847775175
0.2884808120508455
0.2730803780943701
0.24042561374016264
0.22353487635621674
0.2410708843714078
0.30592070218969825
0.2705126403625037
0.23708995474268518
0.2449389553975734
0.28779271978225907
0.3213802760960605
0.2838466680950111
0.2555297219229862
0.26985648901409215
0.31353702889295226
0.3222994523001075
0.27372618849022473
0.21918115901697244
0.22141624111683705
0.2737877902986969
0.30172287477049464
0.25738550621888845
0.13719716886038522
0.044333141350893716
0.12993538290703702
5.16417911339165e-05
8.351627709873064e-05
0.0001175778737172206
0.00013017339323298052
9.534747554693995e-05
4.2353378077635204e-05
0.00010823759185742865
0.00019688612228859693
0.00020287967964959062
0.000108143493535239
2.3332516221300576e-05
1.7526062904261245e-05
3.6532461940142464e-05
2.5835236008268205e-05
3.543926651787437e-05
7.477120413670387e-05
5.3612700594174506e-05
8.330024740434497e-05
0.00013996375647848638
0.00017285963019733643
8.403476133722257e-05
5.9712371552492265e-05
6.281341458788851e-05
9.329075119497917e-05
6.716474989140133e-05
0.04955336165193208
0.031091693561903225
0.0011059535782481458
0.024829667596183297
0.03560667544353556
0.05019624305372871
0.03495133233170278
0.01997889888622989
0.04581242720993254
0.05680984455149857
0.05741924818466644
0.0448758401343374
0.040660073230960984
0.05428130486966434
0.06768983051060012
0.0527207154766078
0.04591586741967444
0.053339807701595625
0.06652811892221087
0.07590698415895249
0.0478318434561592
0.03957182537833005
0.03691044798605991
0.046912113560057554
0.054174058882257604
0.16369328578908995
0.11137952001417831
0.0904897742169758
0.16395276274912313
0.16690863323149516
0.17148730417340602
0.1443807194959953
0.1518280606786518
0.20180552846511196
0.21120568782604457
0.19404173711449602
0.17406438593662735
0.20526962516410896
0.2533521025573851
0.2679670722831101
0.19008911412386148
0.17095194297757701
0.1794888246175418
0.21118393426030008
0.23175693820835072
0.1789439941290668
0.16522799621049253
0.14667224667584292
0.14351944744315945
0.1542726052947565
0.26222055320222937
0.21982767482843155
0.23869017159838732
0.31880078374800047
0.3280181964670462
0.26601336463712516
0.26434674773716244
0.3335541357961469
0.40644047201789096
0.39857028202434897
0.3051999217133475
0.29074436174508256
0.3216163261086567
0.36934341512875374
0.39411045470566636
0.31263086164442316
0.2931915394555102
0.27752194932180957
0.28321290597628274
0.30548846179427797
0.31153515292361744
0.31074067787119514
0.2970176734963507
0.28401389945922056
0.28339703478496087
0.27459105926537136
0.31169783863244
0.399540956287459
0.4452413308429821
0.39085258079194574
0.26254010801660643
0.2910281507087259
0.3693982449558533
0.4163653669259826
0.37689847346391037
0.29338187471427296
0.29211326593311593
0.2998878837104593
0.31593513102432114
0.32933654544253604
0.31837839488596
0.31754923440995336
0.3150401875159695
0.3128041060991118
0.3118205767564137
0.3353858669889611
0.3277953633633396
0.325216083456215
0.3268581854995288
0.3298956225590527
4.368235896862603e-05
4.686551636776599e-05
2.6711258854017186e-05
4.5315567085218054e-05
0.00011483410928409952
0.00013331827661320898
5.689660367521337e-05
5.5147979420228594e-05
6.311015810148951e-05
6.955979362035174e-05
6.666365096631447e-05
4.187231990050638e-05
8.881997704146493e-06
4.743613296751223e-05
5.2342432963703716e-05
9.374179655977968e-05
6.067284185806532e-05
2.0767620410996533e-05
0.00012358127961836586
0.00020887192761067175
0.00012214593092589246
0.00014835808384468805
0.00015530698574385508
0.0001191268178868576
8.761369630972162e-05
0.05461140489473073
0.051800268564791745
0.04791945013111744
0.046101687259071614
0.04777544714726374
0.05502191998285788
0.05526603345203114
0.056379992617159674
0.058283865432978595
0.05355622257617464
0.05664371495034743
0.05852937002711309
0.06495540858013228
0.071456547869108
0.0719093398317162
0.05744899610297809
0.062466127824159154
0.07091343445571546
0.07624308889201077
0.07383406352003148
0.053059438456925505
0.055730076276721816
0.06649902502287076
0.07192909467452728
0.055716865731422295
0.18483985434772587
0.18851906498864343
0.1826830846021216
0.16579524818025082
0.14360542986329372
0.18813900412808227
0.21689818768901353
0.24190262212145475
0.2315567952889491
0.1852318249414312
0.19385243904599658
0.22827328428315963
0.26493617683831305
0.2655851797324197
0.2375544946677238
0.19727483494302345
0.21358660564838272
0.22448510983863482
0.21224068585279607
0.18460087079504162
0.19609420946106693
0.19772848491156061
0.1982553516583334
0.18041563496582774
0.135496920114593
0.2977173470765895
0.33887355313781287
0.3607087310282377
0.33116617453432806
0.262679757347835
0.2964416955415768
0.36810880929975837
0.42605287357577887
0.40645821326442383
0.32319299304473514
0.31181928837096046
0.3621543894369386
0.3991062461208967
0.3946538756099503
0.3573248063587594
0.3107022607540881
0.33594225271257766
0.3466750270340556
0.3238848221576213
0.26737169136241495
0.3147438540672225
0.34715987757767747
0.35839887636995255
0.31333428194776086
0.228348621687337
0.31329587062650965
0.4078213583464448
0.44986074292938233
0.394287864110146
0.2964912944479222
0.2949980995736124
0.39102852752442446
0.4471262983790253
0.39059269696478716
0.25886272609292027
0.3106136241016974
0.3793235947025742
0.4056982324860181
0.35121935708593205
0.25993065549344374
0.31169662763672057
0.3752962388870733
0.38286123635188074
0.3186556163602526
0.23676625596877987
0.3200009584694518
0.38645978338247206
0.3991322277770666
0.3332637747614745
0.24384801084525143
0.00011903213830278178
6.649370848218202e-05
3.0269799512843728e-05
0.00014137809237737542
0.0002760723512145541
7.608704472892776e-05
5.2625702220098495e-05
4.9317039158586295e-05
5.729567246069971e-05
6.807185892514385e-05
0.00014670423151577782
0.0001313841772104479
7.39200354549085e-05
6.769900573930983e-05
0.0001600285093906261
9.60367768125111e-05
6.466479266570006e-05
4.6755615344717186e-05
0.00010154072675827304
0.00010792510142686602
9.419215976171436e-05
3.280224228587611e-05
0.0001085928177944665
0.0001568610188966517
0.00021783865863947915
0.052054170946862925
0.04159180548430766
0.02753252778911378
0.027871923515652552
0.038948070532917115
0.044277056733817724
0.04488959866644811
0.04179374070944886
0.037893828616831535
0.0388202462495235
0.0525301532191367
0.04996733352190804
0.04598307966846358
0.04694159109541946
0.050812419693830393
0.06122630955650765
0.055746403050899056
0.06610948266413244
0.0833515038067082
0.0895133587541887
0.0653618571679987
0.0607159808396191
0.0770765582165149
0.10182153141442507
0.11337422164269567
0.17411658970575633
0.15565565877029497
0.13984246405174627
0.1401653497143419
0.15611239747318914
0.13501413683546992
0.1045264264078934
0.06863862380756311
0.08333841890087074
0.128492881250914
0.1309650783051113
0.10230524736936854
0.11763335609505939
0.1943795088191761
0.22493121666421598
0.15874965280399592
0.13958056328064264
0.2266143839642213
0.33813875022213424
0.36950531791823726
0.2007149771964861
0.11934690369236028
0.20291634357433727
0.35015836464699457
0.40376304557647125
0.2807179906904291
0.22401211174314714
0.17253786904904764
0.20081663726932514
0.2652687797514796
0.23740416748824406
0.16099332591310536
0.2006749467369612
0.34255452411570864
0.4152921748687816
0.18139655406178218
0.14405508614604515
0.2959391837593916
0.49577646574587964
0.5391787400027914
0.2007032711797504
0.14217365542073468
0.3600134354231747
0.5949415600576843
0.6243103308755772
0.2732785186475044
0.07712447343965256
0.2732780453927698
0.5150494095207332
0.5575545138686121
0.29300888036271283
0.20531655357665793
0.21490029217513115
0.364189087082379
0.41938504050874753
0.30203713175916935
0.25827173347727256
0.4044329183537272
0.6037825377116566
0.664768232392476
0.2556712881472424
0.19699260706666336
0.36278720631428313
0.5894045647893109
0.6260274781420606
0.20293555203591232
0.051365807003920405
0.25783142414145394
0.5172928110450127
0.5162861753204468
0.21293824159986569
0.12919699024889575
0.32092119815108167
0.48533200278103894
0.4132066054149978
0.00010166228735052273
0.00013795606140801868
0.00011992542768686235
4.4585624249820124e-05
9.877348596720956e-06
9.905149844933215e-05
0.00014397164346262618
0.0001084230300745391
3.703934217118862e-05
3.23023682432371e-05
0.00011219423979818919
8.516924258636842e-05
8.812427005037666e-05
7.138424091038347e-05
4.645301667956986e-05
0.00010669631986699348
0.00019094860691975125
0.0001868705616200796
8.67624780519079e-05
6.004552949062893e-06
9.923363054367012e-05
0.0001500047345631785
0.00013257218957125923
9.119388019496933e-05
2.0008293635915074e-05
0.12224022994512627
0.11995884222359197
0.09841688289834694
0.0602656925676108
0.03440124012742975
0.11913551161981428
0.13717096549025062
0.12991305414353785
0.09766725800949387
0.07410467873086969
0.12688589252155139
0.14554355912832934
0.13943339655579567
0.12019862000417274
0.10893900063884752
0.1319601357405882
0.13740875301486188
0.12887036074778824
0.11331293081708978
0.10648455259341423
0.12568872337812093
0.13374674960330804
0.11768218945444896
0.09346100991637127
0.08984718966445557
0.39896561898835164
0.433855243824166
0.40774362943547093
0.3309072109204374
0.27607381387332697
0.37723483056604556
0.4581292286843383
0.4642133462933649
0.37978862830700927
0.2841373171453842
0.3848913750632488
0.4287097554431988
0.4236135169275691
0.3806727091871876
0.34780658362190275
0.4109104891807292
0.4074734598381252
0.382254746639603
0.36362696516424703
0.37207763513643993
0.42509871865323556
0.41510383103452014
0.36459509238814325
0.3169674025473317
0.3237978972365933
0.6349291420626815
0.7257951955945383
0.7380978510705251
0.6601387233428033
0.5733626508426236
0.5929626624080732
0.689490402306686
0.7023998243037857
0.6021166089896329
0.4700572856846113
0.570764963916757
0.6009808061601518
0.5821611465343729
0.5389484062768343
0.5192332216743639
0.5973798520027618
0.5648487268171724
0.5234913513740024
0.5222912597413156
0.5672835710283587
0.6556280568191354
0.5655792157836713
0.4117886647676919
0.3375282390881558
0.43787228025803776
0.6613654805153961
0.7406381253859088
0.7863086372338962
0.760522549916255
0.6943295176892279
0.6250150312053647
0.6888757473315029
0.7125574810569185
0.6517480159971675
0.5487545150255706
0.5873343476933607
0.5952099761611596
0.5706552533916602
0.5377672405914432
0.5342281808277374
0.5668662660146653
0.4989735960977449
0.3506343397352178
0.2691000715651373
0.35240141067444963
0.6222678265055631
0.5368435446203583
0.3615282874598213
0.18779489055017223
0.20068001041522152
0.0001409434961495683
0.0002146698548839435
0.0002383478558500609
0.00014837994211846473
2.3435062929564563e-05
0.0002336593922492499
0.0001848689966206766
0.0001069475310668416
8.387021455335517e-05
0.00011753369411798706
0.00014125590685074545
0.00021323202749480759
0.00017960479800026936
9.489116703066398e-05
5.3963687423133084e-05
0.00022321541795773542
0.00022387705779341836
0.0001339177058280146
3.9931743017174135e-05
3.216503573554694e-05
0.0002618875134683331
0.00020031168901732933
7.553800178399478e-05
1.956227646235879e-05
3.135065517734519e-05
0.13555765503991082
0.12426898001658723
0.1112799358837383
0.1102162221397555
0.11940006263342716
0.1412726486004865
0.1332249311355843
0.11711391978550807
0.10978560906441519
0.11612864166721247
0.14106199675539488
0.14259851535896673
0.13981191597412257
0.13700914206979645
0.13741637905448287
0.14511966827267955
0.1382887907535226
0.13713640179171607
0.13927641233733531
0.13990983910430793
0.14496588749866787
0.13879825416691766
0.1293893303950866
0.12487973329491743
0.12672647179454702
0.43583688967052125
0.41553302186081414
0.3798493203836967
0.3590606525694448
0.3711892932994514
0.416851895481457
0.4100457332392599
0.40840946928637883
0.41466367654312697
0.4200160635112666
0.4360611581787142
0.4238261004442198
0.4125772922675587
0.4137871069164782
0.4252462825406425
0.45764793784797314
0.4293866379239225
0.39033738415093844
0.37889090021924104
0.39820618430336313
0.46457072096581836
0.4551226092149624
0.445407199590048
0.44233415529478187
0.44503050806117844
0.6876165070255337
0.6765358179043888
0.6642910187697946
0.6616096410325626
0.6694743347701826
0.6322275546842994
0.6007766825029123
0.587500050927765
0.602652960800729
0.6186795450153757
0.6405165107540854
0.5868350995471671
0.5061409105339629
0.47258953290372263
0.5151517437587587
0.682364936670735
0.6714753608137729
0.6279673490625315
0.580644089441708
0.575970276629892
0.718922743377488
0.7215087905868098
0.7166616542406339
0.7105309227075021
0.7094256814465383
0.711479582921771
0.6579953660686543
0.5919518396102076
0.5826589862875245
0.6376080644659868
0.6591345518453875
0.5949498679924164
0.44498718440216234
0.3630869158992408
0.44335086627894865
0.6204155318891353
0.6003729612137291
0.5034107191076604
0.394221742028568
0.39511488750121104
0.6423891319958438
0.6964272027818401
0.6873950915016779
0.6151777035556737
0.5429841572879491
0.7020914368899326
0.7039423143175592
0.6179302501488435
0.5227977041415709
0.5258913451265412
0.00016387198757939885
0.00019449478654522107
9.223026330321197e-05
1.732687670373809e-05
8.515962733899842e-05
6.953443120850522e-05
4.8457117781416375e-05
5.2894519005332755e-05
3.862912860359765e-05
8.54877718461382e-05
0.0001598794684016518
0.00013716703201545398
6.174372506155642e-05
5.515699861850459e-05
6.045950949048179e-05
0.0002150612348208278
0.00021314099663468546
0.00011064061661901417
1.8300998173822404e-05
0.00011785849173009602
0.00017390194767234152
5.224156406520709e-05
2.222927256150675e-05
5.129382252087134e-05
0.00015712899512867985
0.11862337880124799
0.0909808744214282
0.05626262652840317
0.06092554314690654
0.08789449856196922
0.10473554215185178
0.06461558716151757
0.004492084066997544
0.05459136615487906
0.059890445959557004
0.10366382836540575
0.07864270360960109
0.05936808002690469
0.05961044637295349
0.03382573694549289
0.11149864321626508
0.10885746651668979
0.09969935163904234
0.07514450806242821
0.040807496933194375
0.12347571738681865
0.13475887440912135
0.14035658249136046
0.13316677334373844
0.12081217987941884
0.3848859780920535
0.25916834704591896
0.031122006122937956
0.17553138200643295
0.276487276254308
0.34111519185760825
0.2902854688607331
0.23096289762699126
0.2432335584135122
0.12967598277052764
0.3170215018261604
0.36201420853301536
0.38201396091402473
0.30526238921482435
0.09380932497551031
0.3197611522409978
0.40694088411975354
0.43488360165974815
0.3535954832472092
0.228198177164963
0.36510934876139983
0.4233812786022931
0.44283745721712053
0.4068217654308573
0.3576665990197259
0.6092431021393513
0.43705879754995497
0.23794479476496433
0.35225085438750003
0.34410070591884206
0.5672728326604128
0.5975157495475009
0.5794927513751041
0.4840857852080237
0.19707607889797935
0.48925136283234577
0.6662302434418798
0.7429955949993119
0.6084915327016248
0.32856303270098774
0.4528829853257855
0.6044891196849638
0.6559979159187669
0.5476429075368302
0.37805286015618506
0.5056820242372779
0.566211219078193
0.5491119797225091
0.47246386668942036
0.42602641066275954
0.6327524955914975
0.579004443690145
0.4979491145933876
0.4145523121847226
0.1412041061272956
0.6174262031768777
0.7434352419996642
0.7495763368926442
0.6123021812053372
0.41484922630546267
0.527480316668678
0.7106531874966714
0.7783743631180292
0.6506272674087887
0.43577154253819905
0.47205439074427047
0.5560772985184075
0.5442994311982602
0.43502964801394406
0.3327796640786676
0.4911371787189032
0.4898237449490374
0.44320284114784125
0.4082221755748666
0.43324109595990584
0.00023317692541245509
9.4791807535868e-05
4.308847314911609e-06
9.317586927555832e-05
0.00021837289281757786
0.00015181882727051022
0.00010438283582357632
3.372799086892932e-05
7.613051324696578e-05
0.000203320549888602
0.00016680524468664783
0.00010740269634066507
0.00011709125759655846
0.00017374134970573875
0.00012256162559739803
0.00026593767064425687
0.00015777276617446424
3.236584905807881e-05
0.00012068516524037528
0.000256171820270778
7.284308613957417e-05
0.00010998924205458478
9.080021196314898e-05
7.848423634075219e-05
0.00014493643216606563
0.11820032942059579
0.08590583436225852
0.026933594231654197
0.024203985165918755
0.05300952375297283
0.11334853277572711
0.09241773631102634
0.06971748711065771
0.07055910678805
0.025906760032380773
0.10428389631400464
0.0887963724599492
0.06997073781463765
0.05806169035312379
0.03218448166266746
0.09022636378514085
0.06724457918503587
0.025653164465413675
0.02011555268532705
0.05651414858410932
0.09052096611094639
0.06392716537716868
0.0556089041783683
0.08888822378906577
0.1105680156708118
0.3916867300616473
0.2885006807011095
0.16735687715313288
0.19163188002419615
0.09954887006247203
0.40065774532086745
0.32412880160064667
0.16718639446527692
0.13347430376420782
0.03044727953313419
0.37305544850817507
0.3055300218610296
0.15716997615249365
0.01778166528433678
0.14458949600788373
0.33030957756579943
0.25653005807210566
0.16808377035971517
0.22047966492711585
0.3114660099961605
0.3098133893836861
0.22195078911949123
0.23498571056609122
0.3693900687309196
0.4061510755631439
0.6271183898254932
0.4378969088509112
0.20197565107771454
0.3082256845776524
0.12419647505642088
0.6708609264380428
0.5362825315052627
0.22606851224338265
0.1007813930015844
0.2609515283419263
0.6663379119826542
0.5529138859726629
0.348141794931639
0.3228243195661015
0.47953510649053077
0.6090365259873535
0.4861998844386655
0.381597533054347
0.49067673835218306
0.6051171239309882
0.5396793050330474
0.35911005447929895
0.32018265867125295
0.54850458934749
0.5623248230065514
0.6555784666144775
0.4789577782617003
0.14855212743249663
0.19227638996401192
0.19485619110485963
0.7096730646164506
0.6205303967199529
0.4998545388508587
0.5031715962099175
0.5378379560614894
0.7583085628879495
0.6752991077306839
0.5604737495486714
0.5891395367848057
0.693254511662156
0.7222026730455392
0.5876804173183949
0.4733557276598666
0.5571686001553419
0.6167746151628389
0.6410071837060011
0.4342952560907906
0.23181334325075126
0.40452507604651206
0.3008211435051126
0.0001967066659389215
0.00012232085005729605
2.319203468635277e-05
2.3399112270340557e-05
0.00019656673995383764
0.00024456114049064155
0.00010532376322490945
4.253136113867874e-05
2.506082653373588e-05
6.48156936211505e-05
0.00018055823081273648
0.00013129015939749048
6.644957308291724e-05
0.00011276611916066251
9.553170677044235e-05
0.0003489321163147631
0.0001792802048370568
9.539425242852615e-05
0.00015167469364559818
0.00023877962954452683
0.0002568532088217126
0.00016399708761081924
9.947360164169848e-05
8.279993185067572e-05
0.0001302656267349808
0.12048959329615169
0.10700258783124988
0.09626043313618646
0.1007196773528685
0.09793117463011984
0.11697712250443519
0.1201685797851629
0.13234175808658735
0.14325364265169202
0.13362924829417014
0.1330765354124538
0.1295527684339747
0.13640865037317348
0.1453419532507557
0.14891034293012492
0.13358329459138593
0.13376109905555836
0.13467236967035262
0.1367969129576878
0.14043476620347667
0.12380386304041793
0.11729788931013913
0.1066570470344205
0.10244663630423329
0.10563362615391893
0.40477185086015494
0.4428038206013861
0.4838024584107113
0.4848131305054965
0.42964848014244744
0.3793949353617109
0.42159405393881155
0.4719499443159148
0.47610514678820165
0.4243923931491817
0.4161106848993168
0.43324855426715336
0.4550201318741859
0.45960772557085167
0.449868816505183
0.4485026433101989
0.4278738263398868
0.3979289145139109
0.3901286335716254
0.4116949077824291
0.4475498135981234
0.37652741634472375
0.23452280031261166
0.169124144684539
0.25259041148420425
0.6521813699303888
0.7507202733467369
0.8299247658542153
0.8061867754786598
0.6943765554505213
0.5886423932446649
0.6454134571817887
0.680157426920285
0.6437134804184305
0.5594106280259127
0.59861687656365
0.593748778845292
0.5876513917668075
0.5940028885676462
0.6144937206889977
0.670210355167537
0.5701733314834392
0.4479947819568224
0.4414847206294649
0.5378187746293861
0.7233316132628854
0.5116925090948324
0.16353376565252842
0.215093543526059
0.39668989272080807
0.6829949141109936
0.7669067527848586
0.7698130629758037
0.6736882340147523
0.5720504817663727
0.6271096373163103
0.6395067607756558
0.5972446567226755
0.5299827488772039
0.4937732196434161
0.5656370362031106
0.4907272487660092
0.39390338227335814
0.4012403269918057
0.5039009669650905
0.6052685824969191
0.3921251649902487
0.04426151445641083
0.28647066209825917
0.4453738780802318
0.7025552448171278
0.47210605812287537
0.22305263001216877
0.36854084617684096
0.418863333568934
0.00013280883980467347
8.391250372458538e-05
2.4967198909745842e-05
6.863583988845014e-07
5.2219763422396625e-05
0.00011904758473073863
8.10263586430091e-05
1.8584212190239917e-05
1.358874481608804e-05
1.695037416686094e-05
4.249584946185906e-05
7.675958899152026e-05
7.217032949294882e-05
3.698968007760563e-05
3.0369688484112484e-05
0.00012677587301680244
0.00013727752900126133
9.976720951480468e-05
0.00010376632511625482
0.00016250710517066275
5.8582079084802234e-05
0.00011799899698824281
0.0001279388215456784
8.995832278252684e-05
1.9887121082527083e-05
0.15669368536050363
0.12768216524074813
0.07369612684318344
0.04639233545776846
0.07145052767944755
0.15127180217792943
0.14775962598071474
0.12909276260613856
0.11708266985002098
0.12464820216335425
0.15125316661901228
0.14933024374838946
0.14841849949374386
0.14685878104358355
0.14598584875011691
0.14973914027912524
0.15051885451115146
0.14934254132689154
0.1494917830659338
0.15084759516664284
0.14355399640183555
0.15297703754682007
0.16340815564090164
0.16117376206505904
0.14641472565138722
0.5106635228789044
0.47397270568664873
0.3856637261440724
0.32221929422420253
0.35253802002905316
0.503289817534652
0.5090602870285955
0.4936181267814622
0.46811353634024055
0.458272070000195
0.5075029549262907
0.5128026178339418
0.5166073065328679
0.5148004598095489
0.5096194083581972
0.5118826246548729
0.5134687229577535
0.5030825276775336
0.4918110178598237
0.49058485575488986
0.49253158772831396
0.49904753761120724
0.4777822989447742
0.4401242598134588
0.42430254571134624
0.8115740605365783
0.7942529836864893
0.7205481739709584
0.6567113501452357
0.6708132252260451
0.7995012610607704
0.8134961668195175
0.7803967822249694
0.7277201011632858
0.7042476059366813
0.8038890667951272
0.7954341491389486
0.7741514729045936
0.7684052198435175
0.7868625411168904
0.8192398660851075
0.7773774142961737
0.7080330573059451
0.6827759927296185
0.7311566904070718
0.8105362818525954
0.7302607986525652
0.5623948001507469
0.45246062920239194
0.5287406164742694
0.8430944831395581
0.8422751981800543
0.7684815543844485
0.6899582904376244
0.6880785599092492
0.8331376957667506
0.8447120247565676
0.777447265971631
0.6780034037000775
0.6359834710381596
0.820816499801711
0.7750972103000299
0.6830792893695342
0.6469879785665605
0.7136527246368828
0.8263590035286822
0.7202039410795967
0.5104915900913987
0.3990686765191982
0.548526610166011
0.8539131380489828
0.7112435923289725
0.4186939651157727
0.14982443269318735
0.3811026444120645
0.0001303895173990636
0.0001264937891370809
0.00010133493266761247
4.325431685965e-05
1.8160912624298092e-05
0.00011227266846980058
0.00017677713752942492
0.00017969841344635183
0.00012844262165248222
8.478808279993355e-05
9.118489853463683e-05
0.0001229602745091003
0.0001229405814829563
8.307163273695031e-05
6.311934700993645e-05
0.00021444372773025974
0.00022041554564401097
0.00011179590990570201
3.846946406036619e-05
9.160547259011022e-05
0.00022482782541161694
0.00024053454096714278
0.0001638370635451148
4.3916299651104945e-05
6.559255753561844e-05
0.15344145439945583
0.15687119829490462
0.14500928931294216
0.12696343270246874
0.11875275567384819
0.1360245669965984
0.13645762845776824
0.10516681087905853
0.059402197549487015
0.05812106490979779
0.1343845855770617
0.12913065553334674
0.08658968470741943
0.04645503031840994
0.07082906212044843
0.14822020977912295
0.13589027960767625
0.11083370811345783
0.09654308514066709
0.11215548512729966
0.15280241077490261
0.1539452477553971
0.13674625838115725
0.12005597281374691
0.12304508815580509
0.4963310615250392
0.4790157370403899
0.3963080723556036
0.30986096348240816
0.32809176960054975
0.47255282592487063
0.4105977214239469
0.2655725939996573
0.17009336905274874
0.2741961497967439
0.4329573824215325
0.37949386803471175
0.3047705043404797
0.29715015881034734
0.36658012368894816
0.4312552275906633
0.3870815715090716
0.3491009974808437
0.3553675241039102
0.4012990102552736
0.4635895087979498
0.47046756851217064
0.4098957469185855
0.3307348894865274
0.32672434326738803
0.7852059516227283
0.7128068046615716
0.5423175572094411
0.4269463285474303
0.5264446228353645
0.7904896736803804
0.6971667513386136
0.5540812989344776
0.5142292100884209
0.6279872789399858
0.7413890361849057
0.6712232685640718
0.620889066456757
0.6435277763903908
0.7132489871693264
0.6912866819729347
0.6479994145290247
0.5576046639336144
0.5092786193110924
0.5607524270458223
0.7043345289541068
0.751195300303392
0.683257425714055
0.5383072243605475
0.4604714367464649
0.8132557057785798
0.7502594136171322
0.6565377224220218
0.6406343360377365
0.720610006799526
0.8561926008681622
0.8101283134974362
0.7650559126528859
0.7526824984919702
0.78224323554263
0.8386322362569403
0.798673625725891
0.721944891436566
0.6829975589998123
0.7270927525454938
0.7980908543425075
0.809780413415506
0.7419158980886077
0.6570011298385499
0.645212188604461
0.7412241440648217
0.831751152657992
0.8431774496181019
0.7484525456682222
0.6297205962510286
0.00013877259249240126
0.0002423684568451389
0.00030338903701541357
0.0002062388416580905
7.540829841005823e-05
0.0003088891517365872
0.0002600277013387822
9.742146050865924e-05
0.0002045747632220929
0.00025628054635804806
0.00018044558282639256
0.0002807432771006601
0.00034963936701526606
0.0003676845111436889
0.00030467479493734783
0.00021662936058659563
0.00033048228693828335
0.0003674391378186439
0.00017382524983850712
6.0198710293152436e-05
0.0003175944627298292
0.00041401022198525367
0.00034102277702324714
0.00024211272431498757
0.00017434077093159877
0.1456482553423643
0.12928736421755618
0.12935544754284997
0.14802212723052574
0.16601594021548022
0.15733303800601514
0.13874624877949934
0.11897728310535706
0.12816035722840352
0.15217310668279888
0.15282786407857796
0.120953989280915
0.06730505777478295
0.0691642450272625
0.09932941830080044
0.14462901434760456
0.10218361132141392
0.02625699385492137
0.03525160188524106
0.04258254449157
0.13370509748304027
0.12198665053657579
0.09035545807995053
0.058718849968268635
0.012584423103324718
0.4656975311488559
0.45392084592547943
0.47221274202433683
0.5002269769050427
0.5012726635381708
0.5007970883064068
0.4278733733688685
0.29545772979731233
0.2789258235584843
0.3716717291726287
0.5073915131898478
0.3931529788791671
0.15101798574398642
0.06737406674017261
0.1517399810492111
0.5015970823583923
0.38513891597690836
0.16649381199843308
0.10818284695804622
0.12869475166941444
0.4575632391722464
0.415126680565581
0.3155824083758445
0.24642743527317168
0.23221172288725092
0.7330599234889116
0.6954161156620076
0.6762383019569402
0.6928834820081325
0.6929240115666679
0.7550406294113128
0.5925061580391334
0.29268425385653846
0.20827164452540498
0.3624338064145692
0.7901976132382255
0.5975395821289449
0.17787453277514784
0.08371756003481398
0.1229426406355131
0.8141116256947101
0.6731889761982149
0.3666676687222563
0.22138928118174303
0.34787453764821297
0.7705054426104383
0.7142994736731154
0.5694914798256823
0.47247359158335517
0.511034453842917
0.7556005614188193
0.6760216996032141
0.5153461695100762
0.3897561699068793
0.3867981165531187
0.738126113308517
0.5434311486285289
0.13856863892803664
0.1355099479572675
0.07814554526884729
0.7797957946998632
0.6044604986057242
0.2120424730087659
0.05366847025718193
0.21901127148556646
0.8249972726830334
0.7329456117252734
0.5095861864422753
0.34730933363634275
0.4525188274649458
0.8217611691029791
0.761980244877206
0.6360254020435656
0.576242596235305
0.6400310455328373
0.00019211483041652464
0.00038747199202580245
0.00031994503713935976
0.00015256268704211883
0.0001521239261437834
0.00028429507722563404
0.00019444605066428722
0.000227730178663392
0.0002607524261271824
0.00021595517307149216
0.00042742908264751774
0.0005769685803542876
0.0005186886599966671
0.00039393254936740134
0.0003006963667945698
0.00026764800221224227
0.00043120727443714295
0.00031604555966706686
3.510701166882146e-05
0.00022150045316636624
0.0004052139111837678
0.00013401477429022643
0.0001937484617828482
0.00039171870087222375
0.0003883334937173761
0.1520865161610524
0.1458075901171156
0.12965564559680395
0.11650280275686013
0.11748086617567353
0.1546657474210889
0.1523039359048767
0.15244291105057378
0.1525718440610438
0.1506271037363416
0.14345985741287623
0.15171513913680076
0.14821211054189093
0.1379693215973681
0.13416799809662608
0.14473630285319117
0.14727656764326655
0.15173165317439422
0.1489188815668785
0.13482480729068166
0.14790218305957628
0.14859998225846774
0.14704920824296855
0.143281394840131
0.140894915543947
0.49095662763973874
0.5039868791078191
0.4754971326886043
0.4285757719815872
0.40645058280015667
0.4913024448126424
0.4939237711607261
0.47885468748478627
0.46363254808766013
0.46424625612629966
0.47443012403044305
0.5042416460315597
0.4848672388141598
0.43411713641344174
0.4004932962021586
0.46849235255828414
0.48839611129664007
0.4663148396230537
0.40863067647908485
0.35963249322976204
0.4764394400794862
0.472901284976404
0.4221971075704009
0.3553267714338558
0.35325934636900647
0.7763813966246518
0.8084963414537409
0.7716481120589397
0.6956687587294027
0.6511041230988662
0.7855992146075991
0.8000837087674556
0.7694384276486639
0.7329396310208383
0.7329538447341657
0.7731226519090806
0.7826311786308845
0.7167809519648449
0.6281371728963436
0.6078118243029892
0.7486453620850548
0.7293610813065702
0.6036802346679235
0.4287036552274537
0.40392117617961043
0.7594865543353412
0.7350310881302797
0.586051047697141
0.42046024277564636
0.44231913071206913
0.8039178577528162
0.82879432540728
0.7520038616314497
0.6497134820070197
0.6249797363237307
0.8132424666197338
0.7873840358038984
0.678244244478799
0.608237214428499
0.6689866316890629
0.8113784288370758
0.7420639049864657
0.5460413998451532
0.342339607014367
0.44379735279075805
0.7995066314433681
0.7153878133028876
0.483262060702331
0.1874651946050552
0.30211312094604387
0.7933180257929304
0.7655802047838901
0.6055725849923798
0.4483183471988461
0.5076600841891098
0.0003856659825900844
0.0004020563814949879
0.0001842076689809118
0.00012427557986299516
0.0003219534046406971
0.00017289897682165028
0.0002837444692248327
0.00027916017852661827
0.00012154416055575345
0.00013762674023999965
0.0003396936972142279
0.00021201470262184548
0.00014820433449207464
0.0001655197645485419
0.00017457327501912905
0.000347515508849353
0.00029388482884605517
0.00011836363307800677
0.00014467731444240062
0.0003510596243898831
0.00018136027039131758
0.00014872051452293042
0.00011636915870493558
0.00014690159301896286
0.0001880791602186097
0.1366300288057092
0.10180142707166111
0.03370216990445194
0.027773143954876088
0.06825428317881371
0.12931721569442672
0.10290975694049595
0.05169765811716851
0.04460217449884753
0.08389618347499844
0.14570054236623467
0.12147906652440837
0.07036440548007147
0.04045366678893195
0.08157836617753612
0.14152142281770325
0.12176276748440075
0.08037776809856231
0.044169648624306536
0.07260486480945372
0.13885950966762492
0.11914146632358637
0.07760201769548498
0.04276414051363033
0.07233234911334561
0.44952312893881125
0.35308328415820045
0.18143370347734686
0.1694628238511777
0.3150967525772421
0.4327428070899101
0.36045446119762486
0.24191112486832694
0.22857667265291476
0.3307203924877075
0.4583902230219993
0.40818664362968493
0.28455910825183506
0.16834095282215042
0.2450450530211799
0.4612771146844113
0.4272453067513005
0.30684287146277395
0.1652038433453197
0.20293297752756034
0.4659675442959644
0.4275751587248039
0.3003390014764144
0.17334323285645548
0.22710527525844948
0.7153794139193645
0.5994296640143197
0.43759030192354487
0.435680111144432
0.5826111694778415
0.6841372979852114
0.5897830392899132
0.4460661339705393
0.4223012622083442
0.5414686443910097
0.6894982932905152
0.6425623469876303
0.4791836634524898
0.29321030189614944
0.3438924650744802
0.706610752742486
0.6805244904124533
0.5315756545283625
0.3204170572816465
0.2754012929708507
0.7321686353955958
0.6727303762384845
0.46685966578599986
0.27033226582930436
0.34253511847280516
0.7440780057347449
0.6803681402295884
0.6073719121822192
0.6116899381507874
0.6800118810317043
0.7124065246714979
0.6448945335542753
0.518368786139862
0.4665077849750693
0.5439055814365584
0.6785495219105415
0.6485142275213572
0.5173012538827471
0.32819175793247396
0.28489881715253795
0.6980046188201923
0.6382012309192081
0.4827591913931746
0.3215192508447218
0.24767882555936901
0.7410699662451222
0.6310483574423861
0.37419668151071434
0.1985603368986409
0.32272560335501155
0.00011475388215122338
3.1944447683418146e-05
1.8534334959704886e-06
3.15332974596867e-05
9.29755133572956e-05
5.700284426791726e-05
6.149873576050362e-05
4.877006930357015e-05
2.8356250780649865e-05
3.604712307711922e-05
0.00011211351596877477
8.176453690711608e-05
2.2387289733220757e-05
4.3073208122739677e-05
8.062398436948193e-05
0.00013370065775264277
4.0508312741280226e-05
3.474876307597859e-06
2.052316359478789e-05
6.221149051384268e-05
3.687886412467743e-05
3.408018216079116e-05
7.239587426550312e-06
4.364625580042464e-05
9.543941438329658e-05
0.10678514749310172
0.07981850662433568
0.08075380291170617
0.11655927288088945
0.14073950329739102
0.09734251496625232
0.06218085309556259
0.071174908389705
0.13151965522278086
0.14987226153526106
0.11713564455296965
0.07667052680560688
0.0128389313855056
0.056486982294633864
0.09597352755841629
0.12137823484518973
0.10362372512039415
0.06934752470211078
0.03345759819909561
0.022739673006741738
0.12388994574657891
0.11930545691301597
0.10368291140780724
0.07514457570194777
0.04280229647770877
0.3459468580259568
0.2746582291419263
0.3166495274736668
0.4524997620883727
0.4971435494750377
0.31108745426524154
0.19953622292408163
0.17701371097716925
0.3328164080655856
0.3582247960322249
0.32590223146120245
0.23413664241950524
0.11802421122329368
0.13620989446430704
0.14252945630960617
0.3556214367930826
0.3224379816008485
0.3010519358556302
0.27240301442791726
0.09055307316602673
0.3925446621956403
0.353526421540764
0.2924958350793217
0.2551689545276495
0.14064335077815687
0.5456778274098901
0.4153675596951405
0.44117858269931143
0.6367495995813869
0.6616355975098885
0.48266763985710603
0.281725215164784
0.11243861734256692
0.35266800254154607
0.30903818120870885
0.44194497341171646
0.3382964905244007
0.3748522941316951
0.44662375902032037
0.2038540746366402
0.48063428186771767
0.40062765072683687
0.45375383007033
0.5161614015097109
0.2500121021705075
0.5557681009541473
0.41165874333426755
0.2454364098677392
0.28144940586760664
0.09171765023263416
0.5643254854364901
0.3955857769075088
0.2931824638371516
0.43934589510400135
0.37210787331341144
0.5127356740382253
0.31081275952563453
0.16648069115893482
0.3864159460438492
0.19384875046732733
0.4194162274515715
0.2830547741891444
0.3953880621573375
0.5665584953909806
0.31697980468538817
0.43026421377662505
0.2585318439484892
0.21351334459257434
0.39479105928266134
0.21248999137774968
0.49410063088905654
0.32290290727612897
0.18766423187816458
0.35219187616439895
0.17617656780924715
6.505794809403713e-05
3.191776563323509e-05
7.360766841108404e-06
9.395554550438482e-05
0.00017098538094343466
7.608412225826673e-05
2.6143111083306985e-05
4.544759099331867e-05
9.304379286436616e-05
4.443489279075995e-05
3.900752631767556e-05
1.5061790201053271e-05
1.4555337404965035e-05
2.8281012618125626e-05
4.968035442503179e-05
8.060765573341945e-05
5.23171016931376e-05
1.722266462741611e-05
2.3904475070374485e-05
7.071293611186796e-05
0.00010017652219526291
5.696250964248389e-05
2.029214081805007e-05
3.867550700960649e-06
2.0303898083277205e-05
0.08989656213591611
0.07314066950433125
0.061956205222652216
0.06428780115303269
0.04515826212055096
0.08113202968854405
0.06753994715937876
0.03355341367237596
0.018945868908857806
0.035387131429684804
0.06246408441914582
0.057959441010290415
0.05070231462170948
0.047698270960660615
0.05116019681717425
0.06206678389113861
0.06463223076721977
0.06472300620004894
0.06345190053438278
0.062496688234788024
0.06768103068690656
0.08445266100987626
0.10713418544166155
0.1114867934172041
0.09048917526119142
0.29792093041781353
0.2625763544928804
0.1766888564786885
0.09941099770636995
0.100290143004169
0.3066735855410301
0.295793641234217
0.2585967688884205
0.23691455788572993
0.2560842436223957
0.2733689823514315
0.27547812641828284
0.2663278052716197
0.25676681301477505
0.25632201515723596
0.23538109757351466
0.2834011362813771
0.3128377011142528
0.29754227130818156
0.25391218293595025
0.20868938601650056
0.3128199067600523
0.4260551624389452
0.4196031172202216
0.28262712763791903
0.47546088496448663
0.4491273075538881
0.38017344360277766
0.3377018260696156
0.36661965854101514
0.5223895338084223
0.5343357511344606
0.5174619017332269
0.4831998810211555
0.46118692411827716
0.5136669473953082
0.5693966348056942
0.5907165311394974
0.5608295399699174
0.5131142374323575
0.45987562000177457
0.5706272179652739
0.6597857230336738
0.6335023206061519
0.5243399534746023
0.3679646656737937
0.4855800333183712
0.6730755128365397
0.6498103002275495
0.3633368922950475
0.4956176870186471
0.4934551086280023
0.4497363148181097
0.4062577934035708
0.4050186667712793
0.5481180009845354
0.6283118008227542
0.6252617550395663
0.5196061941969191
0.4056444232884964
0.5820331151609265
0.7176752111137867
0.7826875386867508
0.7278788887486671
0.6157680621188842
0.5603496301803067
0.6775084605723208
0.7530782503536183
0.6622967242491524
0.4878750117448474
0.4850129787614981
0.48595994561616074
0.5980071167089868
0.5507673689172737
0.1910011446832531
0.00012282261574149663
0.0001889602874824149
0.00013464605082994072
3.553899138711873e-05
1.6392355690564714e-05
8.764697211836765e-05
0.00013259125955623086
0.00010959964923957382
4.655091810233898e-05
2.7245802433481855e-05
0.00010418167183858178
0.00013501162529848325
0.00013116606558728888
0.00017343756975477564
0.000180756247775
9.326799311733591e-05
0.00013415559428706108
0.00018689267287014808
0.00014943825250427297
0.00010034436118787918
6.129123776895198e-05
0.00010901708433053987
0.0001465483234372095
0.00012377315859653798
9.420856507575766e-05
0.09243929068782095
0.0892158602640906
0.07518054715963197
0.05067970693212452
0.015043061070892575
0.0909194400681028
0.10715096964721015
0.10509216540493932
0.07238964081491298
0.03943271784046763
0.09743908110059972
0.11402251670893875
0.11783015262676882
0.10828721602590617
0.09725588413365632
0.10134565386282249
0.10927362816749552
0.10271137117730053
0.08924367792832402
0.08257795252726727
0.09228837174964732
0.09919491214957922
0.08780150532027063
0.06667009223556385
0.06038763271641161
0.3030209759373858
0.3324460227507534
0.3100450091538329
0.22986694904567004
0.14735747806282762
0.29071110419867346
0.3585896829734615
0.3715910395370174
0.3061127489531377
0.21954817887479147
0.30958677950569297
0.3593600148319985
0.3572579431727102
0.3152572008538439
0.27952760673507204
0.3250049832495998
0.333702261465811
0.3082809378473664
0.2703622966304539
0.2611790260706402
0.3297649046532419
0.3220375081445938
0.2788038610772968
0.24627294840057218
0.25345527867958534
0.48453120205748346
0.5767406829328625
0.5830844494756201
0.487737028899308
0.3838275088202952
0.44864813718638724
0.5564685815232336
0.5743291569221627
0.4693372794200192
0.3336500700947779
0.45321507023981544
0.4976794522144799
0.4771391581352597
0.4136449993484793
0.37794567272001944
0.4819418272129829
0.47149045235808407
0.4351348391989373
0.41504756463437736
0.4346273938083385
0.5191683347353367
0.4811364876167243
0.4181812435531184
0.37950722585873503
0.4089287547028639
0.5059102979795116
0.6034823975086337
0.6429191704549132
0.5893018185891367
0.5004110552622703
0.4669913293841073
0.5222384101998596
0.5188972646152759
0.44067169707122067
0.3458642849289849
0.43452728516865285
0.4399637985925325
0.41436376242613404
0.3861476841028662
0.38609503206054085
0.43935624540403834
0.3981678135742601
0.3583310526353524
0.36854135429627827
0.4191162449820874
0.5020807112370417
0.42603594061399874
0.2845057543860822
0.2151421425397668
0.33027752031549357
0.00017268128149343565
0.00021219558278075143
0.00016647914289116757
6.335064284772826e-05
1.8669537506113105e-05
0.00021072389251243804
0.0002538004931242899
0.0002165942859896682
0.00015398339223093892
0.00012623157380237574
2.989721913498651e-05
0.0001632379091484124
0.0002833853624390515
0.0003441917715808947
0.00024259406117191863
0.0002294138022896088
0.00018851589115885837
0.00013243173047386097
3.899217875481264e-05
0.00010153642661214979
0.00022066429279820403
0.0002458725038655176
0.00015045451826177015
5.133332017631505e-05
9.231443689889052e-05
0.10494499605357288
0.08400720513723078
0.04416945323195147
0.030896073491278663
0.06188164417261456
0.11456523462291801
0.10444822802305695
0.08835975209198349
0.08839897803388948
0.10422809510394164
0.11018449936187426
0.10340561408488211
0.09596177262550837
0.0953137551410636
0.10224408698470394
0.10526172683107403
0.10058362377750095
0.09161419654791271
0.08459975319281583
0.08645936688917881
0.09393667574097102
0.09804102937597887
0.09028830561489024
0.08028839359335556
0.07794761306813008
0.33481503830097503
0.3093872407748805
0.27271377138383546
0.2603008651490223
0.2846733386195248
0.36361478885916493
0.36131650629036716
0.3511130727916679
0.3380667509656463
0.3330485619437291
0.36203945756097644
0.36182026613435814
0.3435930366576909
0.32532343203839337
0.3272792346557595
0.36306958334219225
0.3607460711551537
0.3557040062530213
0.3540615932090079
0.3554232291030728
0.3353067321645642
0.3351736608057207
0.32043976406396735
0.2985953823637046
0.28878114354007617
0.5246203013049606
0.5187088973023317
0.5121477098218657
0.512134119053636
0.5170506642681378
0.5547450560527941
0.5509936813682889
0.5337486249790706
0.522300559932872
0.522820912348243
0.5672800361059515
0.5772345902387713
0.5804373709540006
0.5750451928948689
0.5659392467135447
0.5805202331567367
0.5748307501926662
0.5621722015768944
0.554901868175582
0.560764885539267
0.5532608341200245
0.4930190263147645
0.4015933592310897
0.34695736242882885
0.3766500391588191
0.5405562777618976
0.5331904048426659
0.5273783139445507
0.5303512524321777
0.5369420765748986
0.5367567785443602
0.5424211409249998
0.563592708859223
0.5776155790936751
0.5668123964681919
0.5734030049623954
0.5585384175055615
0.5668126102306045
0.5851469207500323
0.5978033363642369
0.594726633862586
0.5271071399308234
0.4216665834920153
0.38523798218617206
0.4546740710643645
0.5840948907150268
0.5073686340447264
0.3472121037239051
0.25617950877580015
0.3207213278255128
0.00015561399750525022
0.0002616931879416686
0.00028329342115797855
0.0001702042704383073
7.976062107190068e-05
0.0002359816525079648
0.00017636275717282528
8.344811584003772e-05
7.464498598197238e-05
9.066036667851508e-05
0.00013983224541395584
0.00016669133689349946
0.00016114510482587472
0.00012584903416521236
3.189457447468151e-05
0.00016978116832346666
0.00020519575910597781
0.00016964218488559803
5.266452838591104e-05
8.212222872764868e-05
0.0002717990967452075
0.0001964481917377862
6.490421256914255e-05
1.3769048349160336e-05
2.4320493663820855e-05
0.10864810074081309
0.08126585502591936
0.066317726606461
0.09067828448002672
0.08710372367389069
0.09950839676591428
0.08521428202145988
0.09791609018141093
0.12107252191394514
0.1048205284284358
0.10621535556671015
0.08408843810042342
0.06466901131669126
0.08087345737329162
0.09018547979061503
0.11968080147344314
0.09272489036871326
0.04703493010760098
0.020204900196679743
0.04069544447459129
0.1286219458383744
0.10173284493424135
0.06902942203973185
0.06186359597445515
0.061587692487097175
0.34534704239046327
0.26700815707312103
0.27048989021533365
0.3950669797212404
0.44926942767112066
0.2993781182173429
0.22157245067227638
0.2307385018956698
0.3389369933037052
0.3651678185977181
0.30210596724521327
0.22653493794838908
0.08230462698565681
0.08094849132841873
0.18123021345991308
0.327725089462378
0.3047116297649954
0.2665581633184413
0.2057243051363246
0.0564975421197187
0.37279076134949485
0.36194147997330534
0.34069477667415893
0.30590976786883894
0.21397465710427888
0.5414820675140681
0.43007416659530745
0.4354929651650173
0.6089585167320108
0.7150796604997327
0.47373723181213734
0.34517150507932914
0.2572061137005523
0.37115823752230676
0.4537265048358904
0.43881586805578854
0.3604713224405549
0.22583740283045467
0.12128730657387433
0.10133594530130294
0.44405411222186597
0.47865219941168724
0.567217077657751
0.5306971446494788
0.21555854202416513
0.5227536577570322
0.5166763241386341
0.4998662933444896
0.43650218335476404
0.2576820557632046
0.5579294730098088
0.4265034880818822
0.3481942690538585
0.4636271481580828
0.6064058011098539
0.5166099005327701
0.396927383447801
0.16489885643955227
0.10090918009080312
0.2654160267796814
0.4433441778376154
0.4467374815640285
0.4820057983578459
0.42160600448798347
0.14943534080577647
0.41766440427254903
0.47606321075621705
0.6157722975295878
0.5938400990177995
0.2642666366060576
0.47809831406015435
0.4250534437234618
0.333975114376834
0.2475325420222566
0.0012583944376681792
