0.0
2.7147643217984163e-07
3.596990083824358e-06
5.902220031866518e-06
1.5835822370106557e-06
2.022012909953765e-06
1.5617616564080176e-05
2.6991456340278702e-05
1.1231422212914009e-05
6.062174463647912e-06
3.103339061942182e-17
2.71154122003183e-07
3.478600164960499e-06
5.71152153100487e-06
1.5652604331587884e-06
1.8230093008244005e-06
1.5245995750359548e-05
2.579778518250244e-05
1.1256808059328795e-05
5.524060419402826e-06
2.1095082477811427e-15
2.654199492216941e-07
3.331623105460119e-06
5.356787533757358e-06
1.4523484171150083e-06
1.692567324376308e-06
1.4703338688178893e-05
2.4281698747473023e-05
1.0760733602500055e-05
5.084736187986386e-06
4.491313645588792e-15
2.8815179167918446e-07
3.3489626433467403e-06
5.2017066118891975e-06
1.4109153548376655e-06
1.734482295302812e-06
1.490809925426882e-05
2.3879569041324304e-05
1.0518444965935392e-05
5.043753742926549e-06
1.5140407293324446e-14
3.132305069065334e-07
3.477129254116917e-06
5.266937942978723e-06
1.4637276818564268e-06
1.8585633984060893e-06
1.5490239934948136e-05
2.4203302014378592e-05
1.0721547981937443e-05
5.148528658786243e-06
1.8175170191989256e-14
3.6197999954884883e-07
3.6894100432144127e-06
5.431741626628767e-06
1.5653538140313288e-06
2.07543883639382e-06
1.6434682709485867e-05
2.5051343632665723e-05
1.1151467806264467e-05
5.382982820969622e-06
1.0959147273229857e-13
4.0797245964353523e-07
3.863719188286728e-06
5.57948566090896e-06
1.6580020157854402e-06
2.2498300535817614e-06
1.7106005265181044e-05
2.564870320437046e-05
1.159022245295792e-05
5.491397175867543e-06
7.349346164776226e-14
4.5037528405070004e-07
3.892008226257282e-06
5.5201157829399454e-06
1.639073993208626e-06
2.2814197367509137e-06
1.701904156099818e-05
2.5258586217022822e-05
1.153312988764022e-05
5.352845540727466e-06
1.729061040142649e-13
4.834816114129821e-07
3.847676239494399e-06
5.373567909579152e-06
1.5416538406720805e-06
2.194128461772512e-06
1.6628162925184416e-05
2.4349374818749528e-05
1.1145388230604792e-05
5.037982593214992e-06
1.2475588318813374e-13
5.133695159080346e-07
3.720203363169588e-06
5.081595287129427e-06
1.3431156080580226e-06
2.0036006964873296e-06
1.5955202224121558e-05
2.284092183296465e-05
1.0268649684250009e-05
4.57574898180431e-06
6.53829770241279e-09
0.0004302040962469547
0.0015705614115650705
0.0034304507315228894
0.005879972260694534
0.008319200176282886
0.010147882792911966
0.011825461512406248
0.013516723243879232
0.01424739492337284
1.6654806271417464e-07
0.00043756571523074833
0.0016679499076427422
0.0036386913732773156
0.00601298401577889
0.008430700274367547
0.01060493580018978
0.01271145037915158
0.014171661524424293
0.014587265633367996
4.569954388417352e-07
0.0004428446334919724
0.0017971711224761113
0.003949927008581942
0.006358857036627827
0.008683550589217642
0.011234824436223133
0.013909348486725363
0.015272579354504016
0.015134280345994981
6.899897355459698e-07
0.0004613781261876484
0.0018262842197293778
0.0037355745495899553
0.006051141365797198
0.008860636794024523
0.0117724636975261
0.013539479832425521
0.014296203650308354
0.014803950797095636
1.2933693110368446e-06
0.0004291501319778182
0.001586344491453565
0.003321458180538889
0.005614429139750497
0.008207802465396348
0.010312603180379562
0.011642505424563585
0.012874710986644772
0.013724579105381116
2.3454408739261356e-06
0.00043629538953265625
0.0016287427877508711
0.0035000728906019025
0.005860710916640348
0.008371716826379863
0.010366853178367687
0.012002293149710614
0.013345746832966328
0.014039815657584045
2.5768724285749048e-06
0.0004339864186004747
0.0017503719355985525
0.003922264912495146
0.006429327485403828
0.00871581654124726
0.011038580248262696
0.013794375941588633
0.015501713364683171
0.015464691038734064
2.0411704487233822e-06
0.0004587247660396285
0.001845465891768398
0.0038266994231020888
0.006111588967156749
0.008746029337521402
0.011686253378709006
0.013823908960578566
0.014579226417875053
0.014760870667524172
2.906697430688534e-06
0.0004300573545921315
0.0016267833822928594
0.003384089522890832
0.005618718848703824
0.008179262461147734
0.010476351437970616
0.011871980834050812
0.01281980297705485
0.013425337174258619
2.1901104023624156e-06
0.00045177021547046877
0.0016836392820847319
0.003559219242998992
0.005976516561725809
0.008746369063740881
0.010991682851053652
0.012470767931073769
0.013633383790584899
0.014473251034630827
8.886586301750777e-09
0.0015199416697004263
0.00562966277317822
0.012121577683078942
0.020441064493275884
0.02933745856725189
0.03665210151570311
0.04256138537569777
0.04770580203000239
0.05029868080765278
4.884960226366647e-07
0.0016777614637930552
0.006606065125177722
0.014458495581094797
0.023250795508217067
0.0323582760366452
0.04178532155887129
0.0510479793057882
0.055676461844554576
0.055751073738396086
1.6534597285275486e-06
0.0015354612975100421
0.006082612572362032
0.01281208351029671
0.02111597033579982
0.03024074181036471
0.0390148910095051
0.04575178227020416
0.0497393973497045
0.05152397343523026
2.698053917915634e-06
0.0014868763278238347
0.0058351275720246246
0.012349992731809268
0.020394098443881903
0.028785743312939555
0.037081638389370904
0.04357624765146229
0.04791931825171285
0.04924836643091939
4.5777202223131685e-06
0.0015504991516690886
0.005739123232724531
0.01208718028549983
0.020571585132513545
0.030001392343789533
0.03779972181850639
0.04292667930030308
0.04774096839620768
0.05098132380263738
7.584542201622239e-06
0.001653156717996514
0.006388188547178747
0.01401269914470914
0.022780175062077412
0.03176025059402867
0.04053499905667345
0.049336694636414664
0.05436544860851349
0.05490228232662619
9.085764262465358e-06
0.0015543585306656874
0.006138671422427636
0.013026517146823754
0.021357218219094615
0.030345366335712273
0.03902196249168112
0.046133974551951965
0.05011433342953238
0.05152291913693784
8.66221312400931e-06
0.0015098578901966279
0.005986332752697183
0.012666564977319498
0.020775763715488234
0.02913866274440834
0.037709075424687905
0.04461375022969923
0.0486152022173067
0.04937527580717625
7.227355180535055e-06
0.0015604366864063793
0.005801604417551063
0.012126070274348475
0.02054980555328433
0.03014774180986493
0.038388724166308605
0.043457860664530376
0.047931471385070215
0.05128126592014338
5.324256683555949e-06
0.001609137540252901
0.006167047308301638
0.013503456080140728
0.02210656877289346
0.030996770541684093
0.039228954869181765
0.04718605667358908
0.05230764155376145
0.053356612935953986
6.905305013830131e-09
0.0031685057323836393
0.012421430756453241
0.026453438121875582
0.0427710929494658
0.060525849789492416
0.07904799346153309
0.09414289266911566
0.10187348766654271
0.10334808819133239
8.95936258720847e-07
0.0029527121062951777
0.011299616170973432
0.024305492093766177
0.04027220249269609
0.057326397814908545
0.07260857540128264
0.08586458240365966
0.09476243492678009
0.09842609689476528
3.1760578150232146e-06
0.0030601114351919726
0.012242152739110286
0.02568598966114269
0.04174379118370048
0.059413421314433584
0.07801574276885245
0.09230465662003733
0.09938451719937776
0.10177949479573643
5.389814565767024e-06
0.002797359860915319
0.01056782150805709
0.022810645601211835
0.039009546259040136
0.055737273173751586
0.06914318116292385
0.08031298988258656
0.09067827289469121
0.0960408405900539
8.781584761246008e-06
0.0030844837099918364
0.011948688576773218
0.025625130750624687
0.04180093536902797
0.058900372131662805
0.07589486846427727
0.09027055409493562
0.09871732683447272
0.10050630245711845
1.5201496038145139e-05
0.002932058230186238
0.011199837432045733
0.024206117272911748
0.04011355791789281
0.05691239681056073
0.07163143829701425
0.08452784621276163
0.09357180642342829
0.09706240770274752
1.7982705982139805e-05
0.003134750808500821
0.012558318472836574
0.026510483319621893
0.04277825823391186
0.06051062544763246
0.0795989697072292
0.09498965159607595
0.10203491839762883
0.10338393716719195
1.3267056533532103e-05
0.0028078390625817374
0.010679964912490523
0.022823980271384804
0.03898340721677246
0.056067179726640534
0.07013969278369177
0.08098530310635339
0.09084796077750407
0.09649582515933111
1.2103220605238994e-05
0.0030308588384712755
0.011708640153682698
0.025050200626160132
0.041071457600533774
0.05799279826655257
0.0745146971125831
0.08805116099594724
0.09641163060504418
0.0983755777284034
1.838525811161359e-05
0.0029120631162736408
0.011076628128401215
0.024012914431424698
0.040030846330821185
0.056976954697681666
0.07138674571311923
0.08388037180279634
0.09314387051070126
0.09689468487294277
1.3088329251347478e-07
0.004862236517754694
0.018852049267557264
0.040785569258124
0.0664345912728409
0.09309275934703248
0.11946254110329234
0.14332791955555832
0.15734535368056538
0.1597280553936067
1.7624943963174744e-06
0.004873519488471244
0.019057201651195982
0.03959860919734532
0.06495752029075884
0.09445006217105087
0.12261011100159094
0.14238269661362968
0.1530854883338385
0.1604269643262356
4.049914622321897e-06
0.004554960518204805
0.017550857557283608
0.038096847054710045
0.06379089568819446
0.08939755388169737
0.11244851229915935
0.1335666847798096
0.14980447548617623
0.1545709063589947
9.170565387225304e-06
0.004705031539964422
0.018172940761899525
0.03846123340600741
0.06370965554949319
0.0912199185530639
0.11689853323912831
0.13632441022350544
0.14952214883993922
0.1553164444583144
1.7108567550993666e-05
0.004689002055788134
0.018126814855297848
0.03967936837013186
0.06523258361187127
0.09092696751737744
0.11538591974286662
0.13874188778963786
0.1542655310922506
0.15650438695860452
2.2290630681391838e-05
0.004954589639098859
0.019462607943831412
0.04057370888857255
0.0660475435190527
0.09537769641316372
0.12443504544345636
0.1454659293684922
0.15567265985585674
0.16120557925188994
2.229471985305337e-05
0.004543300360052067
0.017632819142407517
0.03808687224238266
0.06359332306323379
0.0894910440902515
0.11274111425662307
0.13321355313115688
0.14826382677557692
0.15313598652862953
2.3678962723080457e-05
0.004693861348539283
0.018110827661863952
0.0382331890547337
0.06359304172531594
0.09123817529549101
0.11677436813961997
0.13551843577565081
0.14841016959583794
0.15460533452879144
2.7839023928731737e-05
0.00459558337275365
0.017735550204809727
0.038912139741412395
0.06440331095483136
0.08973089602255113
0.11283590761327403
0.1350542512398399
0.15109901140316306
0.15405605060208477
2.7287329518935418e-05
0.005002334899840901
0.01957907610327394
0.04113188848842714
0.06673158484605696
0.09570708553842414
0.12482846209171887
0.1468078155965967
0.15731332019033542
0.16138512156493526
6.297743555290776e-07
0.006841917235520988
0.025943370679812484
0.05472626534275276
0.09125007144517171
0.13210159976742167
0.16776454398801197
0.1936520444973907
0.21278050694541417
0.22398820119158527
2.9401172399156595e-06
0.007106242336679966
0.027861182153596648
0.059666206933082666
0.097171193795569
0.1370555778273418
0.1771045727247855
0.21115602136116984
0.23016353784428578
0.23437553047460424
7.551403895839214e-06
0.006599907645961763
0.02511883947289317
0.053507374045370995
0.09047872482068417
0.13019420653827207
0.16312077939843042
0.18878764609772558
0.21028735282183444
0.22229267171810566
1.2289155107154937e-05
0.0069224730657060085
0.0273541517928152
0.059131948728619786
0.09641053434516754
0.13388515201195222
0.172738969501096
0.2085413342522501
0.228960460876621
0.23038568048834127
2.195617266913872e-05
0.006838696025727406
0.026166051911098685
0.05525501095871156
0.09168766269077547
0.13223674737056046
0.16903971217526007
0.19608617278227075
0.21454857574624137
0.22423046692008095
3.3656919801063905e-05
0.007105377064181808
0.02794688052500924
0.0598482300289368
0.09717437604529608
0.13672408884294535
0.1769092765783997
0.21139005455202484
0.23011613131633346
0.23348848450860232
3.513945030347079e-05
0.006661159259513792
0.02539972685140022
0.05376233420245621
0.09067000722770457
0.13129228336770882
0.1653093176871933
0.19012602995139016
0.20997322434819365
0.22229885661635407
3.397270791402759e-05
0.0068084028193591065
0.02687082273661591
0.05833021026592485
0.09552145067263614
0.13241312221084575
0.16945913306662821
0.20431514008509513
0.22559557256733762
0.2274144120542515
3.921631292780811e-05
0.006827477648005086
0.02613036224562156
0.055360561328261476
0.09204183342619107
0.13226737254656387
0.16861008652434892
0.19562010500591057
0.21420431489920622
0.22339979427937837
4.022091961897556e-05
0.007084598658579227
0.02791655509307222
0.05998114334782429
0.09717312004628137
0.13612667989947932
0.17608957070493078
0.21134250112776162
0.23005601508223206
0.23207816526624508
7.321313566279165e-07
0.009211831078622657
0.03602855998525558
0.07563199392492455
0.12345239230345051
0.176918456217775
0.23039660483945754
0.2699052695353152
0.29152380993691274
0.300500153531647
3.3504035523796418e-06
0.008767999293237056
0.032998095928755425
0.0710647091738333
0.1195396258831465
0.1708703731899138
0.21397229185355698
0.2496802684035954
0.278965102309786
0.29236887713910575
1.016507094302248e-05
0.009238645490198578
0.036469683158085756
0.07786794911507072
0.1267201675694499
0.17902767809220663
0.23196016360669072
0.2764761515756267
0.30041883870367264
0.30614301304079766
1.9453840507510096e-05
0.00851186753234955
0.032861175563383194
0.07102483895397366
0.11888458512610331
0.16780608010643944
0.21132459431596806
0.2496769709214269
0.2786018017138562
0.2885994153429562
2.5639176433223377e-05
0.009200153469910613
0.036260645081752155
0.07665249523499339
0.12458338083493117
0.17680778859712784
0.23069065813719355
0.2733092199139551
0.29538060494511714
0.3012356418807134
3.7231965255048535e-05
0.008759067320853672
0.033009709943870445
0.07061267288982494
0.11865356773146846
0.17040951639492927
0.21439047564669061
0.24870866468024533
0.276334573137954
0.2904058524921661
5.0595539737427176e-05
0.009262454802190817
0.03636239146323158
0.07761253087549257
0.12650857692676135
0.1789227927199506
0.23120029321950555
0.27503940826808065
0.29921809030305685
0.3052975674585461
5.1509933387043164e-05
0.00849503714793851
0.03281483031416408
0.07096281993472532
0.11896552247404107
0.16805199941086438
0.2110467894651807
0.2488948614871049
0.27804765382696706
0.28849028292178125
4.50952144932681e-05
0.009164240911716264
0.03609751068923466
0.07670573365406079
0.12460495011203612
0.17568053203482661
0.22873150220154612
0.27252538799611303
0.29552523620021115
0.2996412972734228
4.368757063280293e-05
0.00877066356600362
0.03321748661951733
0.07084910610886086
0.11873760006771027
0.17076361522410688
0.21558905623162627
0.2495996268896848
0.275798035732666
0.28943083697825117
4.951484569989522e-07
0.009906422036536303
0.03836632115944568
0.08314290707696466
0.1382080198287406
0.19351748540795485
0.24534549484282547
0.2924592404046221
0.32555091899845134
0.33376023565430774
3.0995615970401916e-06
0.010299907028889749
0.039540826140021516
0.08317553991741655
0.13760969884635235
0.19883932362644954
0.25548475864501763
0.2962009261512101
0.32289872057082913
0.3378941201591538
9.899148214425731e-06
0.010248913084001311
0.03967196891848888
0.08665842492421971
0.14256801670532201
0.19940449281490846
0.25314486269715214
0.30466973106383594
0.3378905041833859
0.344489218345572
2.1312831734871662e-05
0.010354719566027673
0.040617905522861084
0.08533979465516951
0.1403888430889387
0.20179074980681933
0.26131460647095023
0.30548333325413074
0.33112742847006277
0.3433773373932886
3.32958991687949e-05
0.009824521901666378
0.038079770030457094
0.08246657264882536
0.13711811199860782
0.192368566796064
0.24358708614890004
0.2897953355003934
0.3225543382731724
0.331266760888755
4.200029912823227e-05
0.01037933991291273
0.03980638630979109
0.0835119417664043
0.1381161102228349
0.1997625700678756
0.25720184759512155
0.29789263954822853
0.3239851710613743
0.3386444385713398
5.1986310060190935e-05
0.010151577861256323
0.0391272752451134
0.0854360762895013
0.1412727107487699
0.19791050724060133
0.2501578638697963
0.299801687590437
0.3338721207491979
0.3418570530405039
6.001246457694899e-05
0.010483586876280976
0.04096458453871374
0.0862744067465752
0.14153092139718831
0.20297604802164998
0.26309844235070795
0.3085917479947589
0.3340574339702287
0.3451611281204261
5.731177899929525e-05
0.009786666953791476
0.03810944432911109
0.082579440038329
0.13708007046032777
0.19201971621101893
0.24311691447291317
0.28963907722309973
0.32231531163063515
0.3303653103155599
4.426240811677398e-05
0.010497889905221205
0.04019170461235939
0.08418457921010754
0.1390027599161147
0.20094639552799304
0.2598011640809394
0.30112333686942583
0.3266954714597235
0.3404644003457589
2.698392828703336e-07
0.009913374361252258
0.038020220404886854
0.08110243063480724
0.13705695223510408
0.19632349797146406
0.2467203741013814
0.2875372561009351
0.3202052218000816
0.33774396270590445
2.9265961674366207e-06
0.010411360900634648
0.04111739274852081
0.08863979077158746
0.14495997614200004
0.20205617179795646
0.261178613545708
0.31375818820274315
0.34515654194523676
0.34892243295657144
9.394566678923011e-06
0.010243975779652211
0.03874956965262311
0.08202569757295486
0.13709812709397332
0.19827929399316307
0.2518976797062968
0.2909519861781414
0.32043440078572616
0.33755894840236467
2.3141121070869226e-05
0.01079165809805533
0.042330348545215266
0.09104292598222999
0.14747541095817235
0.20760706873197027
0.2688224146920525
0.3223749231164032
0.3511056333894703
0.3560036356125197
3.591155741852672e-05
0.010161177462375612
0.03904857747415881
0.08258089948855021
0.13890808778148886
0.20051458049649126
0.2539370878304267
0.29417172912800915
0.3244884120844544
0.34282754184676534
4.069715087330463e-05
0.01033435409756972
0.0407529448777517
0.08817035479966397
0.14467053370419047
0.20132208986575134
0.2587007586823442
0.31134532088519906
0.3438553420312116
0.34795953239281746
5.0330410547159176e-05
0.010242463682994174
0.0387735096140731
0.08193633868429988
0.13696950852302808
0.19782168049953305
0.25154191876739423
0.2901675247476289
0.3190209082466214
0.3353901628765564
6.382836906358139e-05
0.010801093770936547
0.04221181072509546
0.09088056599313471
0.14727623935402143
0.20677515480644654
0.26721638382184204
0.3207386468268923
0.3498350145999956
0.3539081330356421
6.012350733907256e-05
0.010381334650282903
0.03984259131714003
0.08403498406576367
0.14067940603367732
0.20372632736106341
0.2595766955389321
0.30035486223480573
0.32926399973565784
0.34722125128353476
4.208990401642854e-05
0.010220063194918852
0.040318338492725966
0.0873570414550057
0.14352859405995164
0.19968651247458027
0.2554691729528857
0.3074440326877565
0.34021419590929897
0.3447224501234361
7.080093379310935e-07
0.010295429852338642
0.04067834461165033
0.08632401668120017
0.1400116099539432
0.19935625190177136
0.2587633397531028
0.30793090271216567
0.3324860460815634
0.34057935596495514
3.197536221436807e-06
0.009268222308958293
0.035982305445797697
0.07778587716136771
0.1306197359002054
0.1838900774656787
0.23103019235055614
0.2740275296549601
0.30632126361549183
0.3178199167243372
1.0145342910234327e-05
0.009891616076705384
0.03893332948173889
0.08192790576376689
0.13417651217512588
0.1909410555176954
0.24915408026233385
0.29250678144528347
0.31754182378976664
0.32608070835337916
1.9675909362769704e-05
0.009675712180989487
0.036263132846516874
0.0782508895546379
0.13093410014607784
0.1875235935959327
0.23559771579480507
0.2750531486613632
0.30688134488600344
0.32079251944673076
3.450725711283024e-05
0.010346894397808263
0.04059869248724646
0.08663156099024753
0.14050912527627615
0.19974656460965887
0.2589467608016822
0.3082089293501636
0.3334049219062433
0.3406232341706965
4.645472153874862e-05
0.009269758362169632
0.03603019714182416
0.07801426911598061
0.13089393627326137
0.18487068634655682
0.2319869169225358
0.27477672708472795
0.30695773939535703
0.3188308677330646
4.63644130925149e-05
0.009877751189294803
0.03897858454929074
0.08228012395876001
0.13469212296841276
0.19070872215656062
0.24851193845372563
0.2936119714855023
0.31914849011001495
0.3260815905692827
5.0061854048121226e-05
0.009617440980931731
0.03609990007325102
0.07752867767659291
0.12997158269354292
0.18624198819910306
0.23441021167836795
0.2723352131253111
0.30304294626162187
0.31725986276949875
5.8940198014088506e-05
0.010443165857590801
0.040664747437905845
0.08657464721139486
0.14036983534320968
0.19973392223101857
0.25901862142205667
0.3073702412733274
0.3322870508455486
0.339159608525068
5.2751196187252835e-05
0.00933198403934659
0.03627555087591058
0.07854349135508756
0.13176509012023194
0.18660299618280185
0.23398831796501662
0.2762157193416482
0.30806009567217446
0.3205627410461002
1.8482708905549413e-07
3.933811187115009e-05
7.858340439791296e-05
0.00019162878708266535
0.00030129405984390237
0.0007104147406412229
0.0006981369880805804
0.0006602092841561601
0.000704629969517727
0.0009448384322603944
6.250779611375688e-07
9.114078624357152e-05
0.00031052119864391703
0.0008135759014961111
0.0009073965891531311
0.0013097561470566932
0.0018361285452887129
0.002747170297562211
0.0025949097424772683
0.0020848288049027342
1.1490743054212109e-06
3.793637303600705e-05
9.697998671140116e-05
0.0003252085097247151
0.00046967360105626405
0.0009291852076540282
0.0007027746473101886
0.0010555504663702388
0.001080662263025043
0.0016058448964958126
5.267160199415658e-07
4.002238051678717e-05
0.00029325391443294337
0.0005286396614230278
0.0008895864917548421
0.0008803117020584859
0.0015094804543476943
0.002022849561018526
0.0022448310446063287
0.00181944632564784
3.268775758772724e-07
4.7660041847799797e-05
7.788814198332315e-05
0.0001924126449042633
0.00024425424391067227
0.0006286875619610505
0.0007837263595232272
0.0006060107928992346
0.0006398589317184135
0.0007321901622743883
2.73860022971874e-07
8.463420157797393e-05
0.00025721012042453776
0.0007123275553263536
0.0008172971663255723
0.0011092073279445028
0.0016108553588625079
0.0022716282305119914
0.002337414588808984
0.0017752625343140044
2.6731582010233366e-06
4.963084086083781e-05
0.00013754366346513391
0.00033013220026467097
0.0005535282011762429
0.0011059249201580796
0.0010196280790741843
0.0011899613413723059
0.00119647909628756
0.0018238952423362935
2.175062941168325e-07
4.287359803197474e-05
0.0003033243339623347
0.0005733225763055629
0.0009223508069273217
0.0009881465836381609
0.0014976324899497915
0.0022319030684437293
0.0023586627216301416
0.002028617150905894
2.61539316599587e-07
4.951593454335096e-05
8.230290021830455e-05
0.0001414940802708479
0.00019782291610926023
0.00048558059089907766
0.0007708515153202492
0.0004868991949234404
0.0004941430945530703
0.0006159700569683778
2.43242269231405e-07
7.46876825850654e-05
0.00021697262671531892
0.0005894497090577855
0.0007486804588072747
0.0009199043779278773
0.0013408903111824526
0.0018361708792706177
0.002010309467210806
0.0015616991356519555
1.23291800785596e-06
6.377780224212761e-05
0.00022906947212392344
0.000459819522504737
0.0009053367398805304
0.0015911473087467218
0.001600847267856445
0.0016198301473401085
0.0019344653678808148
0.0025087791972162096
4.944981727289891e-07
8.182891942811081e-05
0.0004399798276766258
0.0009616779367617365
0.001471906404189203
0.0016710185933973929
0.002218579562203602
0.0034366593476879174
0.0035176657164963433
0.0032074795359899656
1.2733875100155873e-06
0.00010117081664651554
0.0002714245691498237
0.0004649380980474968
0.0009759364249237446
0.0015628736714287188
0.0021603987872984283
0.001581916424694518
0.0020154175649015347
0.002384909408743113
9.320339761623671e-07
0.000159519974956029
0.0006850736304191129
0.0015793134954111352
0.00223623353092133
0.002641913626627172
0.0039542433000195505
0.005305893246375634
0.005769968479233255
0.004565827720258904
1.7933310918886962e-06
8.801786285445932e-05
0.00030970865652207364
0.0006181341097798497
0.0010399244197506498
0.0019411228263607266
0.002209536871537695
0.002277161249915282
0.0023404228820005217
0.002951875177139731
6.33183432745652e-07
7.302629157523413e-05
0.0003992883480137423
0.0009376006937397906
0.0014261097198872183
0.001646773568047284
0.002029426992657043
0.0032626264532839844
0.0034628172238981895
0.0031046639967677813
6.505353051974953e-07
0.00010132034188107798
0.000301560459595024
0.0004511243669215255
0.000981977830551345
0.0016005559738657882
0.0022203706011787033
0.0016928598073911326
0.0019268494618319713
0.0024687886308995505
1.5532214704477393e-06
0.00014050200738137728
0.0006109569683605308
0.001447661105342671
0.0020780776771371218
0.002386171068111643
0.0034184404135483865
0.004742798878607613
0.00520338238433487
0.00418846692425478
1.7228240576007759e-06
0.0001060432721538911
0.0003816474195723273
0.0007454064110890597
0.0012274077303154577
0.00217969861500373
0.0027273428864659395
0.002770075168190482
0.0027162248961884686
0.003270415423412268
7.570722427155817e-07
7.344962789683275e-05
0.00036883422062314124
0.0009327670158461772
0.0014064480826805395
0.0016272926155400482
0.0019708462255779834
0.003060952254603116
0.0034707624799404386
0.0029196332059591512
4.653204009523787e-06
0.00046042323974736856
0.001835619503045872
0.003728935320548238
0.005515195562416273
0.008044722609660987
0.011534970723014142
0.013539401214576209
0.013523985762279134
0.013147429264421884
2.2710885373579934e-06
0.00024384929149422934
0.0009719165557281686
0.0024215660775109174
0.00420709765345572
0.005355261420498721
0.006356840801828109
0.008084593964184698
0.010085928988608295
0.009804606014136305
1.8952956495067466e-06
0.0003181900945828416
0.0014362141134680833
0.0027544110576841275
0.004187092793074515
0.006231262900691449
0.008825696048752305
0.010384342617901427
0.010127409752626614
0.010225659974554317
2.314628465614952e-06
0.00023543120136694165
0.0007529089784157385
0.001662725351533588
0.003263451062427163
0.004558533670635431
0.005089322495166197
0.005609975757435849
0.006957045159724552
0.008032844837115532
2.8954965014310597e-06
0.0004644743457432505
0.0018448638946865614
0.0037422339622027903
0.005620659324441486
0.008070917261251266
0.011537494685850185
0.01363914209209699
0.01368745392273896
0.01340511980859006
3.2853108530614637e-06
0.00025326855948139856
0.000973244510407967
0.002372233673963364
0.004207589600954481
0.005488927349473366
0.006380861753798935
0.00794942786523533
0.009915821306757984
0.010058301897181762
9.453614894540877e-07
0.00033433984079315977
0.0014967718164377343
0.0029431343695589017
0.004412042681337549
0.006388696571457316
0.009083268751499157
0.011035820957280668
0.010865428662419538
0.01065294602788923
1.4022241599524947e-07
0.00021286013123865917
0.0007262172140967416
0.0015657986238371228
0.003060440894322016
0.004377187696508835
0.0048945786830859725
0.005288604406091594
0.006517066443214608
0.007578706814397291
1.940896112675867e-06
0.0004687706328442245
0.0018146041651270536
0.0036503582688955987
0.005507487397707732
0.007986657887358228
0.01130906719504654
0.013424894181673478
0.01339512264939554
0.013233953023334747
3.409611101782921e-06
0.00026199291213165895
0.0009447750989918702
0.0022733450179764463
0.004087711484523962
0.00565942090492514
0.006346627678277912
0.007690897446602358
0.00946439451244704
0.01021120120663252
6.699191479153017e-06
0.0008884256048464592
0.0034757776916014022
0.008103265875485538
0.01273156159770479
0.016804508525013962
0.021631881014424325
0.027742278214802144
0.03124539766491998
0.029545903121309926
1.0405855857496081e-05
0.0010043727591754071
0.0038605385375053303
0.007638567607836857
0.012292858697364625
0.018939832496738963
0.02525952424473394
0.02825751640654532
0.028893329199524892
0.03128027412469484
6.172772831516471e-06
0.000793497001068333
0.0032956252843782973
0.007582456247899778
0.012303425103569531
0.01622645619463158
0.020394764381075393
0.02640393241492131
0.029678817163840434
0.02902967920539356
4.58992605073685e-06
0.0007758079457183963
0.003017383374110618
0.005744047335059079
0.010167383258057099
0.015420387261614711
0.020298331686688518
0.021334839639125715
0.023180452688683913
0.02577488575260354
7.5066204510241845e-06
0.0008070883609719153
0.0030120137807849207
0.007182006681988474
0.0117991024119847
0.015558985038702797
0.019005468046776768
0.02408513805198215
0.02831092708207162
0.027537104843729773
1.199931861889327e-07
0.0010506668854774765
0.003997295993822205
0.007985207305492672
0.012682279444305602
0.01934051257678142
0.02601103338527353
0.029476001341786927
0.030088096567937508
0.03198969970353568
5.293086862065696e-06
0.0007997623459805837
0.0032869049931368616
0.00762628980184726
0.012250317999702562
0.016279520623944457
0.020317942138799727
0.026385339694232415
0.029616611898549028
0.029028061359783714
4.8227045385683334e-06
0.0008201744223034868
0.003236007488818811
0.006147097226524592
0.010626140466055995
0.016159448236070795
0.02159356713414246
0.023093030623875906
0.024489192318904403
0.026983283953729707
5.468050308008568e-06
0.0007410949368789176
0.0027830537119740454
0.006586417635176192
0.01114646366102279
0.01468525718543947
0.017655942695756356
0.021952116459145472
0.026378427677460757
0.02622719811011251
6.826810985857547e-06
0.0010886521623609544
0.004039063655991455
0.008120332523785499
0.01288286675343466
0.019537246064027826
0.026287950218609142
0.029860632307656215
0.030606398998765747
0.03220538474755619
1.2068168852649785e-05
0.001400593472237
0.005117069811847777
0.01066885214310216
0.018669550877468757
0.027010249729128386
0.03377462168918131
0.037662079680258316
0.04290057007035954
0.04607865525770397
9.07720420399736e-06
0.0017659620749894413
0.006982889951744653
0.014856380714918118
0.02333001664623074
0.032696091592270916
0.04413451343752881
0.052781652954147294
0.05634326599379309
0.055530733268979414
1.567174628174343e-05
0.0014716274316270478
0.0053874613653074905
0.011679574520967293
0.019857719041824977
0.02985158784188974
0.03601869537637632
0.04124107233614339
0.045976682245451116
0.05076464047910642
1.10367640691605e-05
0.0015386602154360677
0.006546184963850173
0.014099981737020668
0.022745838473284773
0.030747964429686487
0.04026119102265439
0.05024427556988741
0.05467144278274591
0.05396096256219461
9.299896490695554e-06
0.0013320077668392389
0.005052711064420867
0.010511117488152127
0.01844948948561183
0.026629894544157023
0.03333708906850338
0.03739416927560795
0.042200677270813475
0.04560085825009143
1.146857453644183e-05
0.0017181905321265738
0.006869352518645155
0.014644429658280745
0.02311050549187566
0.03195112799221505
0.04309763324253046
0.05193963079994783
0.055773100467285334
0.05443560599517339
1.766561646771139e-05
0.0015454066489333322
0.005613996765493917
0.011969599416491264
0.020207716684225944
0.030694454481630124
0.0377611328114713
0.04265370162772857
0.04674332633165639
0.0515004508052899
5.2742241381645255e-06
0.0015332874463779562
0.006436819992141266
0.014011481384553283
0.022510474680752946
0.03065723526801873
0.03967244819487716
0.0494920963724369
0.0538552984155422
0.053297362130446536
5.910533523273622e-06
0.0013018341042458181
0.005043115791062218
0.010527544143833858
0.018544999257883887
0.02689337147968017
0.03334986567391675
0.03744608826196581
0.04211332213763938
0.045705963069925984
1.126221875392016e-05
0.001675830236302407
0.006704984549674463
0.014377379489259405
0.022780823496219276
0.03102542904390241
0.041408928245711296
0.0504871068715531
0.05465946127481311
0.0530227501862635
1.5769949162748565e-05
0.002232017047394234
0.008969643938907174
0.018023113861752465
0.02939123609241874
0.04308100267508944
0.05710516998466395
0.0653772856731231
0.06874989082813597
0.0721886226626377
1.9504622180597074e-05
0.0020151395173002005
0.00746530232850697
0.01629678483119694
0.02787553190737947
0.039077362626958066
0.048294789662300164
0.05643605500749073
0.06481984065378171
0.06740611303527114
1.7549762766184698e-05
0.002373196265377931
0.009146784879763871
0.01910829507951114
0.03094646593479895
0.044893541235201395
0.05900943998570069
0.06857561002935764
0.07317461075605552
0.07555576299045269
1.3042291466528636e-05
0.001957306221272348
0.0076143122111806604
0.017369696602501438
0.028990875346763048
0.03976611552634563
0.0488923708891555
0.05967668005862489
0.06839471461395782
0.06936194104249796
1.616037753228886e-05
0.0022315507479295305
0.0091835584499084
0.01873637350560598
0.03017115265821494
0.04333052706745905
0.05784350982207716
0.06811348509577804
0.0715283511731679
0.0731463204847885
6.966492345833226e-06
0.001955103772882096
0.007347808364097054
0.015973815262028374
0.02737683951837837
0.0385246458381031
0.04769027407045966
0.055378124579472804
0.06318465534452762
0.06607541232247452
1.6341660926762058e-05
0.002388959107194133
0.009262047220041406
0.019179660101180135
0.031015452079836605
0.04504708116851297
0.0595725603588993
0.06896650912875635
0.07318173551378572
0.07535698740683616
1.6852745621688832e-05
0.001942625690305061
0.007457915746361762
0.016966201621029374
0.02861283486497892
0.039558707302073184
0.04804219715025815
0.05791900300374205
0.06664981817834444
0.06838609626427844
1.1215132064823314e-05
0.0022564326410711415
0.00923316519053284
0.019102289585408695
0.03055439562875924
0.04332514137523984
0.0576309355446792
0.06867166859879342
0.07242927895298437
0.07306110800876744
1.1638097005797815e-05
0.001892879761672024
0.0072731157720322135
0.0158216512055734
0.027081677107659543
0.03814916575992398
0.04721286603943766
0.05492862747517659
0.06232638599379387
0.06516888878208861
1.8472134596994864e-05
0.0025167248858789628
0.00984148602536591
0.021584334777037303
0.03516304956146337
0.048618636629393405
0.06189256947365931
0.07527138299418701
0.08319932543310118
0.0838674948675745
1.5735569164154203e-05
0.00245176491578763
0.009406715107709766
0.01940907220557334
0.03270249724175358
0.04843777941898324
0.061576203638607496
0.0696378230252628
0.07570506069898503
0.08149139323973258
1.8767698985763166e-05
0.002377805379996531
0.00951691036424594
0.021159374163611775
0.034889445167503204
0.04697380016407404
0.05951582870535437
0.07321254698156832
0.08274612088041522
0.08210091298503028
1.587689159718085e-05
0.0025930890476964117
0.00988187001351142
0.02041326882025322
0.03351864035475759
0.04929695018695174
0.06418467376137021
0.07335615286908706
0.07852394125265795
0.08245009817756471
1.5972760560962516e-05
0.0024441612529954256
0.009604915906954363
0.0212594799763483
0.03466840556673661
0.04789443106800098
0.06095585584858673
0.07413170762182551
0.08229717947207861
0.08276963411788926
2.075623735851302e-05
0.0025073228169811964
0.009680926462975073
0.019838115598391135
0.03304524171175007
0.049217627518369104
0.06332195357993095
0.07162033776025843
0.07681893733796721
0.08230459080103587
1.2994998228895429e-05
0.0023085625863779892
0.009141014715529576
0.020349457083425903
0.03400090063573826
0.04594079556251436
0.0573761583845872
0.07000028453526924
0.07984214230052543
0.08012582234377283
1.60268119497159e-05
0.0025972024821371035
0.009964584068858766
0.020631830472912394
0.03382766627771038
0.0493463527855738
0.06436366137681232
0.07389803994392227
0.07916398756486864
0.08249739774725202
7.524702375749296e-06
0.0024192973250132125
0.009502524754515513
0.021076980318585327
0.03439269722353325
0.04732406837352199
0.06000662791686708
0.07306871637748685
0.08136032525992909
0.0814564477994806
2.2140467613059078e-05
0.002610838123804568
0.010095482880553102
0.02061859713713808
0.03397823065531716
0.05040346642595451
0.0657137397590132
0.07458758238588559
0.07898287579534152
0.08365117570057744
2.3590430985585385e-05
0.002674753921514782
0.009937471996400238
0.021455168130463963
0.03650400925781857
0.05279836080723439
0.06529457534366025
0.07518820943811344
0.08479422061797363
0.09004569875695552
2.3380717522706892e-05
0.00280403895665588
0.011168818322601328
0.024221794512864995
0.039374656062006366
0.05464767961087917
0.07024373573402021
0.08533485434337926
0.09350493785256775
0.09417486990179948
1.682080988626174e-05
0.002563881982082338
0.00984573162105982
0.021174547405886045
0.035704471655564944
0.050812213018851186
0.06384138534030208
0.0747628992978233
0.08332284384754288
0.0871766715235271
1.658387764379522e-05
0.002916630148165556
0.011717129518462438
0.024660684368550474
0.039620847734771085
0.05603344422185446
0.07399847092216874
0.08811959269345562
0.09434213462288582
0.0954340041696202
1.7573337904203993e-05
0.002753231933054816
0.01024372721907311
0.021610722085416666
0.03644490971268736
0.053544023987417734
0.06751972223972443
0.0766652776695693
0.08461727980578888
0.0902474339570653
1.4108762066991618e-05
0.00278758480866116
0.011023427891673146
0.02391226763196856
0.03900215361391201
0.05443965007928126
0.06974878802381818
0.08416017527060725
0.09241008370035472
0.093562638004448
1.6619115554632938e-05
0.002545688007880524
0.009796370444137894
0.021149309101030633
0.035786369851281856
0.0509814079048195
0.06360603717661392
0.07434518720420082
0.08320913840833312
0.08729356198894393
1.887880364917621e-05
0.00289849543225335
0.01159997548116408
0.02458509288909598
0.03950685724272588
0.055177389621242745
0.07265624107900988
0.08744746848575426
0.09421787280653739
0.09433664764210037
1.448051270762944e-05
0.0028057437782857053
0.010505211180504589
0.022055643171786345
0.0368102113447692
0.05400081516438111
0.06887610043298888
0.07835931183312576
0.08531442033090776
0.09036552008430329
1.707999958831934e-05
0.0028019851623781004
0.011062399765301418
0.02384867153420292
0.03890079283358258
0.05464614748296323
0.07004660818534433
0.08376662490462378
0.09163035101801585
0.09305254404748431
2.4032194129284516e-05
0.0031956652087181225
0.012353832802949388
0.026128825022638146
0.0430072764740452
0.06129256156258536
0.07902761586786425
0.09272998616690573
0.10119826132849415
0.10454299756533748
1.5171323844808621e-05
0.002957092299924416
0.011478729675180691
0.0254456842729508
0.042081482850922884
0.05825703445411097
0.07342901459790736
0.08869129155436499
0.0997744830159011
0.10132178912418244
2.4263947269372064e-05
0.00326645959766968
0.01301258974459161
0.026949289929381188
0.043587649005101876
0.063096396424299
0.0829666537514944
0.09701133424409376
0.10327320339578784
0.10654437346696505
1.7863806535166173e-05
0.0029933134132371524
0.011422421990238341
0.024606531260574088
0.0415367156649629
0.058874296818289505
0.07385200867286505
0.08660502957586916
0.09693200229765138
0.10112207129519311
2.1530322299303984e-05
0.003174154660950578
0.012356700414426356
0.02591564265574827
0.04275377796720154
0.06137799183922591
0.07930444036327428
0.09228357802367326
0.10016776363529811
0.10409640790826731
2.2169126429863165e-05
0.0029298545371172465
0.011306115229641096
0.02508929508986978
0.04195277482762736
0.058199623286866835
0.07251265640463125
0.08694189290276588
0.09852923616897026
0.10080002445614733
1.4317860264059361e-05
0.003282442081661703
0.01300553918912043
0.02724498797763926
0.0438883099807056
0.0628297868235581
0.08253969363685268
0.09770129936067126
0.10427282133014776
0.10648891595671263
1.7819099264136238e-05
0.0029713613538048696
0.011465981956355276
0.024645480601147924
0.041265028877266
0.05861308165097039
0.07390832562873613
0.08657762189864525
0.09603354501656983
0.09985776725047561
1.0154065068181549e-05
0.003239817077493591
0.01263494503283195
0.02626309505058097
0.0431715168070489
0.06218338380343337
0.08071665104198031
0.09353129710882817
0.10064707330986943
0.10434979279807406
2.1109607759582753e-05
0.0029035781039694493
0.011109464746675785
0.02461452447815139
0.0416298602774146
0.058205558868796976
0.0720252242091473
0.08553208135715921
0.09734969832370842
0.10076938608138486
2.3401247999980695e-05
0.003243640325777944
0.012906767172121464
0.028027145635034254
0.046077266243320036
0.06357228526504644
0.081448903734322
0.09831824153076092
0.10945684726429353
0.11035916268317435
2.815766437100278e-05
0.0034066029932563503
0.013161936682524805
0.027763341082506898
0.045344018568751164
0.06509651916441131
0.08439790562009945
0.09898235466449151
0.10722953161249485
0.11061196501518161
2.0539931467963424e-05
0.0033563860435900264
0.012964945039233405
0.02782765265972641
0.045672099479407494
0.06497727117949297
0.0833237096817467
0.09845702900798631
0.10771305569267584
0.11099929209866449
2.4380271113151667e-05
0.0032357485330043513
0.01254942586979255
0.02651118345310859
0.044201172644354074
0.06415518229003989
0.08139654506107781
0.0943571336294392
0.10339344849801678
0.10930200529915349
1.6206827128900338e-05
0.0031561755322576765
0.012374901006352464
0.02698259365882637
0.045115069530524514
0.06245265776984976
0.07861039248726256
0.09407340372664098
0.1059682724610244
0.10820623155502578
1.889453782745388e-05
0.003349748705580221
0.013003166669825664
0.027658643506207153
0.045299754796153675
0.0644525079618055
0.08313437947476136
0.0978869283605181
0.10666703145160515
0.10953448185122679
1.8811737824085076e-05
0.003331234688075174
0.012989121904630327
0.027933964897553964
0.045614463913880264
0.06449312926244112
0.08294782696103975
0.09846659122382738
0.10747746669939298
0.10962547927236027
3.05660502182067e-05
0.0033335347985651836
0.012886995611762172
0.027006218851726462
0.04477304751539522
0.06522666600849426
0.08334059350565393
0.09615778486878378
0.10404212187170726
0.10962154563516878
1.1125086013927588e-05
0.0031206078317972652
0.012225357828014656
0.02659279036284755
0.04472933328878436
0.06248758898846928
0.07830395839292566
0.0926865572107292
0.10413600429039559
0.10731539667885676
2.504268783119854e-05
0.003286308192236324
0.01283851821956996
0.02741375038068606
0.04519282859407629
0.06407599435956637
0.08209096319450641
0.09655580811505539
0.10579163300354151
0.10854879488843594
1.2427477329373575e-06
9.936898375045527e-05
0.0003118261670925946
0.0006492625757306537
0.0012082251027294901
0.0019322122268318912
0.0022504896833534416
0.0022527922224276466
0.002600688217243232
0.0031301668685339893
3.1829941112803254e-07
0.0001380351643778456
0.0006508353568312303
0.0014919377334461773
0.002113264579104168
0.0026066137382660527
0.003607549157538364
0.005148622664971201
0.005361880673852813
0.004599453210829718
8.030869094755446e-07
7.68721512547828e-05
0.0002529781636699369
0.00047820218039522014
0.0009769821122165832
0.0016850037047824035
0.0019895434923976104
0.0017751460097745802
0.0020066275889614868
0.0026258924814558586
1.6309348231504537e-07
0.00010105280769588112
0.0004567416120539041
0.0010624370717386895
0.0015948390369980127
0.001956936931479698
0.0026222297634740676
0.003637380157635985
0.0039774265423764745
0.003494460602555684
7.734062430914572e-07
0.0001097109843347949
0.00035125485666758616
0.0006763474119662201
0.0012680562298532652
0.0020962792123951834
0.0025792533323442416
0.002429947328026157
0.002724193532812677
0.0032979551901094343
1.0874649660918446e-06
0.0001245571317244135
0.0005796880472623524
0.0014057679795507238
0.002033373754663562
0.0024252457187067832
0.0032399634608054413
0.00471394999874247
0.005152120366648279
0.004363116477155185
9.039777508660265e-07
8.366334970644996e-05
0.0003013549628242657
0.0005550957893653345
0.0010149594981179403
0.0017503880041091378
0.0022334505145632155
0.0021079989876769366
0.0022084836507590662
0.0026925517167652553
3.6743932476183085e-07
9.568277164013762e-05
0.0004171482058930875
0.0009871996436438754
0.0015240442216859272
0.0018645096873312007
0.0024226601285730863
0.0033193356317543937
0.0037389902562843112
0.0033118297783007746
5.356970295204373e-07
0.00012017404851848848
0.00039863604293810545
0.0007236046243215664
0.001337577592133307
0.0022553664960397366
0.0028803407813493644
0.002665269516373977
0.0028344616662863463
0.0034523885370972814
1.541086849784529e-06
0.00011086412827469904
0.0004890227729670786
0.0012425643280225731
0.0018840033890667647
0.0021922659578330244
0.0027800428448735677
0.0040558864649746906
0.00464784216998671
0.003999764421396648
1.5085502515386716e-06
0.0007000641860765859
0.002729606051929856
0.006412592249033006
0.010748998646042342
0.01424262678833839
0.017239559528747065
0.021501449806283036
0.025540576292476157
0.025484300397564816
6.874881060992599e-06
0.000999366367061625
0.0038639734817291827
0.007854230084400697
0.012389815514751656
0.018251823435796875
0.02468576863874817
0.028837783623108616
0.02976857113227731
0.03057604521595986
3.4561600152842234e-07
0.0007141715047680438
0.002933711795976468
0.006666719416923248
0.010973676043721708
0.014844416091342244
0.018439056824497348
0.02314557532386169
0.02632116742107927
0.02637635731992531
4.033552725282212e-06
0.0008753849061923361
0.003445183668907155
0.006726329376931341
0.01106005378201052
0.01667980305819958
0.022684695678739118
0.025320319749608997
0.026180947956056508
0.027836774972567264
3.4606928337545784e-06
0.0006760822820874588
0.0024911782056684893
0.005743779375352569
0.010084191169651388
0.013883145574998606
0.0163440506088859
0.01934046973420387
0.02331708373659992
0.024532925000731353
4.453340908561512e-06
0.000988457106589816
0.003820946795286159
0.007860778998383885
0.012407743686681311
0.0181243884376071
0.024416187256346263
0.02867510087631056
0.02984586957153513
0.030450320901357786
4.4345358512218966e-06
0.0007122643126312479
0.0028469295663525614
0.0065738446344166005
0.010940836454742486
0.014811516993343793
0.018093906849705573
0.022707557229573513
0.026160580964403133
0.02639212792901083
6.156897718071535e-06
0.0009086969416451515
0.0037167127235005503
0.007293492507640336
0.011632119762230463
0.017175846862740995
0.023836725929589537
0.02740930434607853
0.028024711214253425
0.028911814906494537
3.7332022779166715e-06
0.0006856542354549889
0.0024381896091210716
0.005453067776933885
0.00973175346238402
0.01379787128207792
0.016308525005100737
0.018693132329153716
0.02231029023115151
0.02410419839450672
2.3794484883739275e-06
0.0009741416881147208
0.0037825772782090193
0.007838343695636005
0.012385634916783628
0.018005290581657465
0.02420443804449703
0.02845061509176499
0.02979050689544644
0.030325633154505767
1.2474663710701444e-05
0.0033123169667792335
0.012412280507650891
0.02597498579161003
0.043754538633033475
0.06415542276655321
0.08189937755235446
0.09318042868500366
0.1021435314657817
0.10877545447116477
9.884687536054607e-06
0.0032681649413574083
0.012996739627101784
0.028886870455055027
0.04673963329212359
0.0640473595778256
0.08177453437167928
0.10100410484507152
0.112537491245697
0.11211073882301684
1.7789786244846358e-05
0.003409034081508532
0.013136597633277602
0.02702183545155721
0.04478108903331997
0.06583609013475325
0.0856833884221379
0.09827124135496539
0.1052135825917409
0.11142171645956235
5.38578641848216e-06
0.0030822072644850493
0.012278973106695899
0.026953215863652166
0.044617728557468525
0.06149166866422397
0.07790160166884381
0.09441614276585232
0.10599551167420329
0.10739774567963982
2.7060720731986818e-06
0.003355161137590868
0.012708581537036995
0.02628032668411221
0.04405264334262244
0.0649398160657459
0.08400052868974489
0.09521068735225864
0.10328476320181626
0.10990457607421941
2.2119785229884986e-05
0.0032049607255215584
0.012518890634549775
0.02805752615002871
0.04601732147060584
0.06312642239801476
0.07938731965921493
0.09748805536456408
0.10995932682198724
0.11054807749158524
2.3273120819751412e-05
0.003487975717825787
0.013568015473493395
0.027993197272133872
0.04576772318016236
0.06679914328466073
0.08749561301472342
0.1014526083191899
0.10814121221272766
0.11302291728139578
1.2086374931786936e-05
0.0030867270371489875
0.012189791761536693
0.026773089505473552
0.04446828844594438
0.061424362597566014
0.07758013597276613
0.09401582209918781
0.10559199918221993
0.10730692833072433
1.7994463415201325e-05
0.0034077855258017177
0.013087211665411918
0.026818529443710104
0.04455636785605687
0.06563331433238286
0.08597303391488131
0.09767794872834867
0.10498356501140647
0.1110468017149991
2.4336075149825435e-05
0.0031647477706421086
0.012021829679779019
0.026978253032671522
0.04493695448560214
0.0622244817352329
0.07722490590588449
0.093552474505602
0.10649861329967797
0.10864149405305996
2.1509141821537516e-05
0.007335618669869506
0.028841955531263726
0.061481358250918126
0.09946730427309242
0.14009434907413354
0.18282330243605183
0.21857950245940552
0.23758161818269594
0.24044687554380662
2.0785242376874994e-05
0.006948529802798852
0.02627919613870433
0.056283331799859414
0.09438037058789515
0.13568108556017563
0.17091338411245202
0.1991124405394775
0.2207826426325137
0.23226016560397433
1.6171188040027574e-05
0.007249305379598482
0.028983027935152002
0.06190484057672498
0.10040376000577343
0.14122289187866502
0.18444108854022875
0.22158669186364244
0.2407463445405533
0.24374119045744685
2.9116281485243816e-05
0.0066075325597989435
0.025185653288230556
0.05384926522025019
0.09161964481324128
0.13197745305276898
0.16570559776460206
0.19157520665859876
0.21402761957316155
0.22687060087325775
3.087437035602553e-05
0.007199228184567209
0.028263339686477977
0.06069083084457657
0.09872757141083771
0.1382900012610282
0.17904616387024816
0.21469964576245654
0.23519808350448193
0.2380532434256475
2.224797003104546e-05
0.006972963334430267
0.02636786642807085
0.056244687789202726
0.09441584573107693
0.13621651851883357
0.17210168687840263
0.19963572119742654
0.22102040111186344
0.23289274988647685
3.773819211942063e-05
0.007252459110545824
0.028883142688874264
0.062226379088404234
0.1007998240560269
0.14111253554314396
0.1836070164305358
0.22186083719883834
0.2419302429298361
0.24405945892160447
5.11957320161925e-05
0.006746932134797284
0.025767306555427808
0.054595007728209154
0.09232072518770079
0.13333850667727315
0.1684503950602198
0.19448669096077967
0.21557662135082234
0.22834495536080132
2.8287753891918506e-05
0.007163194740701153
0.027936126356708658
0.060066048011563365
0.09826508953604313
0.13747105560938494
0.17709232661373273
0.21224029783497736
0.2334475112537886
0.23681773113346327
2.7425430015010585e-05
0.006984014493735864
0.026448938830313375
0.05613602806671338
0.09429329631317192
0.1365633337183008
0.17327792994606034
0.20022499186619352
0.22107421232660907
0.23341480883957388
3.0853533102760664e-05
0.011007418404533087
0.0425832030229781
0.09287732196199394
0.15469217080748338
0.21821184453275705
0.2751291924413412
0.3274173743590934
0.36564853321706364
0.3777992868525772
3.554488221519343e-05
0.011895704533137933
0.04658975311498562
0.09833781997228909
0.16088482160498546
0.23071696049382617
0.3003119876874188
0.35316886638067835
0.3819807282987628
0.39404961017661894
3.974376648308914e-05
0.011047929891743188
0.04250849757919878
0.0922748459663939
0.1545092628085659
0.21743169916856842
0.27308901004280706
0.3238541430467185
0.3628420831821264
0.3756983903524607
2.6481936475074142e-05
0.011889500189997286
0.046289708938505904
0.09731363689508507
0.15946598636790812
0.22827466261436866
0.2970412686677659
0.34863960008899164
0.37780615242668997
0.38945764704043667
2.5259893348909984e-05
0.010977888192606415
0.04217363706830154
0.09170197252376326
0.15355579663693736
0.21774272449696794
0.27388596756929
0.3236759661376665
0.36185558887316194
0.3762975242480802
7.732379835804146e-05
0.012043867460640323
0.04708845525613299
0.09936217089270595
0.16198460554003297
0.23152003484890754
0.3017138328660544
0.35604705830211525
0.38492565162475534
0.39538444293555486
6.358117936744775e-05
0.011120707281073092
0.04251511230457182
0.09197100082443507
0.1541689752263001
0.21784594312299796
0.2734686077749938
0.32287080578397337
0.36134885022866614
0.3754695013193569
4.118650707124077e-05
0.01191260670780933
0.04646445813208318
0.09811332488259172
0.1604742189297944
0.22894469081115368
0.29796101481808485
0.3513692971797291
0.3810239908483368
0.39121499480619376
7.452993656705357e-05
0.010990353253801105
0.0420218617123501
0.09107064355743393
0.15301210315410005
0.2175668569072378
0.2733735656092447
0.32152274810551856
0.3594784991961193
0.37515959263690934
7.716026244279018e-05
0.012110435328194323
0.04735916438209049
0.09998653610071824
0.16275994808674943
0.23166211966438005
0.3020107567607666
0.35747839925736674
0.3868541506563957
0.39587488344644056
5.058556629555836e-05
0.016197908606076755
0.06210207226751751
0.13172219731792442
0.21831407992024776
0.3143591856818447
0.40228615334535417
0.4691240150781955
0.5132548207218789
0.536195346748536
4.154315011817307e-05
0.015796133349251385
0.061919813358057164
0.13363293317584632
0.22022248891121612
0.3100084855462591
0.3953936492665226
0.4723998011611945
0.5219725546411584
0.5350577859327649
2.6862366120326843e-05
0.015590770305714846
0.06064061868862923
0.12899404156978905
0.2149957232248025
0.3077076646464212
0.39394099830050106
0.4606709436419353
0.5064090459884897
0.5273615228361453
7.433415864411084e-05
0.015836232495546484
0.061507290870124194
0.1326826178219929
0.21874675405918967
0.3080009775721365
0.39380017283952895
0.46875859236422596
0.5180469630975674
0.530400595411673
7.907303192422729e-05
0.016505334857242406
0.06325877464067543
0.13350359422531916
0.2201311135248433
0.31683284893062613
0.40766300458427784
0.4759458907010062
0.5183904542132121
0.5392702939503182
4.023512983047158e-05
0.01581570055272065
0.061692408159323836
0.13327246236260495
0.22002758128109628
0.3102215764944647
0.3951401023990405
0.471356349220403
0.5210376131550736
0.5351210575749674
8.310506590156014e-05
0.01577485458273444
0.061277395943145865
0.13000695478767077
0.21619952767021838
0.30970042963470557
0.39741961163803147
0.46474541242550543
0.5096486050169716
0.5303355739224452
0.00012452999074799356
0.015767876089048505
0.06094064647438063
0.13185106201582783
0.217942618720221
0.30633558561904917
0.38994348678625507
0.46423154791600907
0.5149904183876822
0.5278201819083703
6.946874723724154e-05
0.016605606668009604
0.06370910084572733
0.1343795490663778
0.22086392113480707
0.3173733029112853
0.4094301719899148
0.47900691304549076
0.5209116284911042
0.5400542435289534
6.42552316962465e-05
0.01578584299370724
0.06136359093911987
0.13285871821533574
0.21989843093146433
0.3104478137286
0.3949320189607513
0.4704816189004474
0.5204724523480542
0.5353918692562628
6.521254212927552e-05
0.020770670471709368
0.08045205037617825
0.17124628332025008
0.2808344863246146
0.4004987394492707
0.5170642842777325
0.610811907233914
0.6658269640336796
0.6849884595495098
6.228919530787213e-05
0.019690922361343666
0.07617344202224736
0.1640569123997922
0.27330993851984164
0.3894913100813859
0.49366025620992654
0.581338061130237
0.643186096806265
0.6696467221035348
6.593977770083952e-05
0.020272939494131267
0.07960639295943765
0.1696725864042962
0.2784060945271299
0.3932078282037555
0.5068011378109567
0.6023899679446085
0.6598510229448686
0.6752823351027426
2.9129746052907683e-05
0.019531735826079345
0.07516072370019408
0.16077719901644122
0.2687635832010964
0.3829611646164432
0.4861973223763773
0.5690539289227896
0.6305594550890451
0.6563311940137515
7.195263347788204e-05
0.020595608435475688
0.07993173410696641
0.1708330202717199
0.2799001753094365
0.3977183631052612
0.5134010130361583
0.6082403608830929
0.6643009818944439
0.6811687590650902
0.00014333675025059837
0.02007139365575631
0.07707273984038304
0.16492877737664455
0.27443304641749716
0.392551579999154
0.49831926811495614
0.5843362134786473
0.6443312796354952
0.6718530521959324
9.588854825480843e-05
0.02031850961452246
0.07965399431477944
0.17025515896026594
0.27955432217656734
0.39400943350295126
0.5065202035461053
0.6032543958643831
0.6617495935043768
0.6766897812116032
7.275439067864135e-05
0.01951589241934212
0.07509573176617995
0.16035574895213414
0.2683287256320583
0.38279032262530527
0.4866163003374095
0.5691188495695572
0.6300580942235977
0.6561600390081745
0.00014692993490149852
0.0204451823716875
0.0794439342829839
0.17055154351883245
0.27946061194124433
0.39572207387450087
0.5099083000762565
0.6054192335079348
0.6628642041730534
0.6782398031296538
0.00012974242213145758
0.020328014424551236
0.07788255670663725
0.16571751495204387
0.27497789004102896
0.39474085938813186
0.5026642816968303
0.5879521509835631
0.6456917887667105
0.6734759181588289
5.827445537347708e-05
0.023187304104589884
0.08912005994313645
0.19160569944161115
0.3173442678506642
0.4495632340324913
0.5711248198310579
0.6739280801474056
0.7458523997545451
0.7705275051732741
6.391803948992411e-05
0.024045220618911012
0.09290070450894121
0.1974952851741707
0.3247554414754203
0.4639242282672163
0.5966445138531677
0.7031953083554942
0.7675234232050773
0.7927226453391619
4.885083859627294e-05
0.02263519775286106
0.08884856112064764
0.1918486558423722
0.31810005403201513
0.4500951461118934
0.5730972470861216
0.6807123772367525
0.7526868553137392
0.7768250006100141
0.0001049924768471171
0.02331820623522965
0.09069385800633654
0.1925217497813397
0.3179950516717332
0.4529034796444287
0.5829628579560269
0.6856301295330051
0.7509411494666656
0.7752972979466615
8.587138678748666e-05
0.023067576396420778
0.08851435577520578
0.18976471985527646
0.31534408448615336
0.44770563139387215
0.5686978078816967
0.6685830369105656
0.7401202147593335
0.7664733996446732
5.5116060004802964e-05
0.023995169679093542
0.09266167385460393
0.19739375140533444
0.32447129722476903
0.4632435490532707
0.5960384856697788
0.7026904738776576
0.7672616325764208
0.7913366218611511
0.00014735583694036917
0.022891213198792316
0.08910988778804821
0.19216567387739747
0.31884697096245584
0.4519585842439478
0.5746191506346301
0.6808988304838147
0.7524782554958458
0.7777048676175196
0.0001653392460130103
0.023446821668092963
0.09146348232390428
0.19426819667293752
0.3202025803952455
0.4544357871659077
0.5848494614558915
0.6898423954768861
0.7551310416252858
0.7771106874698956
8.064222445610376e-05
0.023035130904161573
0.08821992191152378
0.18862376871385692
0.31412706200885016
0.44674500296108605
0.5679130569594993
0.6662047004256548
0.7370437014519338
0.7641182321087637
0.00010606342407575909
0.02379843435896335
0.09225094893762029
0.19722903360352775
0.3240238440064823
0.46200577176744817
0.5948473026505076
0.7021172459663492
0.7670039633756895
0.7897515103426881
6.362994069962548e-05
0.02424304431514168
0.09378818207905622
0.20075194684353784
0.33444554302059987
0.4764194292233379
0.6077242098420769
0.7136028578682108
0.7885070956630839
0.8183172108401935
7.45165298612387e-05
0.024975301713111436
0.09673138023009921
0.2073500472364707
0.34148409783399275
0.48446484170799603
0.6207974295235934
0.7344889838295436
0.8073204222641126
0.8310610993533841
8.626325838237132e-05
0.02529181863323038
0.09723530193578898
0.20722614702871667
0.34240562361815413
0.488499660223603
0.624209838455037
0.7346717359606802
0.805769008055225
0.8351177786214713
3.7019291865789816e-05
0.024626509961255816
0.09667100678661485
0.20695690475208844
0.34127614137955875
0.48318451899086967
0.6191828871849016
0.7344640550999976
0.8072951664429932
0.830735542340235
7.912618066218262e-05
0.02432606523654534
0.09424117310994194
0.20129555553752504
0.33493214747496425
0.4772377619845895
0.6095382429954825
0.7154589974320584
0.7889375703183827
0.8185004453734198
0.00016363923496230616
0.025029967007585297
0.09646915246378494
0.20670207976922902
0.3407093533018071
0.48285655045382486
0.6173629978480161
0.7292928107640607
0.8024299176526741
0.8259326774357648
0.0001296433581566967
0.02541416137950259
0.09759566405689223
0.20791834190562203
0.3429136380424698
0.4893016803158328
0.6255987662858195
0.7361312090779804
0.8065921980977596
0.8346467622420173
0.00010328954340967916
0.024737000434497284
0.0967270329618265
0.20745331919632232
0.3424123898631113
0.48489557877556505
0.6206900032097539
0.7365086751005749
0.80945686771266
0.8328145826268816
0.00016745856773214672
0.024379016258189952
0.09476813048250221
0.20211995051053444
0.3359624020789262
0.4783200619039297
0.611584971883893
0.7179763265167065
0.790310322019854
0.8187977781900496
0.00014345417066723495
0.024966030569720507
0.09599283624681146
0.20553270009186067
0.3395172601351141
0.4814371489242007
0.6149656173667168
0.7252211888968522
0.7988071663446747
0.8227034405456097
6.0085837272929995e-05
0.02407619901400364
0.09407409980276993
0.2006283331225828
0.3315998660360986
0.4702879979307295
0.602783952526423
0.7117046084841573
0.7825129375434761
0.8076201601709592
4.941995236677567e-05
0.023760412941389045
0.0919703339834432
0.19694794225780085
0.3273965236340142
0.4645912788513793
0.5923106617437047
0.6973144525124482
0.7712794997523447
0.7979445335387825
5.6641723651967466e-05
0.02458384449372786
0.09489585172473229
0.20263182046771971
0.33444775921761255
0.47696161669480014
0.612131226931603
0.720739621702953
0.7901791191341337
0.8166208325294835
0.0001237579000502853
0.024555565063361602
0.09493896743906578
0.20343595547212523
0.33576966062147195
0.4771721236358292
0.6094171905094727
0.720476209036283
0.7918555745729151
0.8182149175179976
9.11396797136988e-05
0.02432432471178249
0.09500253708357664
0.20247326549337422
0.33398267017455463
0.47339406016718943
0.6066672248094361
0.7172396106789016
0.7872217515731014
0.8113176546873104
5.248713874732861e-05
0.023714984354334664
0.09184104665701796
0.19665771763955664
0.3272772307899859
0.46425820934890794
0.5917126085654645
0.6966103108895395
0.7702929013603502
0.7968742954219211
0.00015517128267241814
0.024575362313158693
0.09465484889341186
0.20223011329990295
0.3336397729897366
0.47549921027523406
0.6099659660093598
0.7178186330408931
0.7871396835381467
0.8127516599346368
0.00019315862346215
0.024729236712861275
0.09528021175612081
0.2039540815204124
0.3362752287061423
0.4782525090421185
0.6102626701256211
0.7204706377760199
0.7910934568717344
0.8169570211256745
9.487338648468028e-05
0.024472373502569793
0.09545305809362406
0.20354901536051162
0.33580559230734575
0.4760481573751383
0.6099205191251708
0.7217084670243623
0.7914864104900317
0.8149986594561736
0.00010296867023278471
0.023631599585960998
0.09173625356261476
0.1964483846767673
0.3273660549920385
0.4644343641979588
0.5922442737921166
0.6971651709433021
0.7707412690288634
0.7975557308768209
2.7448866659294746e-06
0.00044790489037066945
0.001374418893046829
0.0028639724184251498
0.004421037234666368
0.006686577894543542
0.008523753882914053
0.009794904302744368
0.010110249082985353
0.01063231625234806
5.364519237743816e-06
0.0004296268749174991
0.0015817456756702236
0.0034031888079294067
0.005132177141848295
0.00736422122906535
0.009438608698113474
0.01177918872740288
0.012210208399608749
0.012385803313527986
1.7236531223038675e-06
0.0002515411392302533
0.0010682462744759282
0.002253306015720768
0.0037489672351601055
0.0051095724981483565
0.006465012282776066
0.008009594863077354
0.008838692093185255
0.008972626272805215
2.102692896082111e-06
0.00021600326637707476
0.0007567677738998528
0.001581460926966744
0.0027775324370666768
0.0037625664650988103
0.004631392943025726
0.005144089477617308
0.0061165954617116896
0.006345174554988485
2.71376215641118e-06
0.00041565349251077656
0.0012366232273209432
0.002558997992316143
0.004009016889640301
0.006051285948258854
0.007707099207048882
0.008599187263296731
0.009110466166351876
0.009557207082657972
4.852023269322662e-06
0.0004460545802315515
0.0015705492460230857
0.003400099437032837
0.005146738796597234
0.00745545564062802
0.009560309656472732
0.01173590199289114
0.012223098994816758
0.012409662711715756
5.396888570608916e-06
0.00028899782664024696
0.0012084858977036207
0.0025525537175120003
0.004115678947435392
0.005640903455122412
0.007231419730913564
0.009009849111106038
0.009725302261643682
0.009771737310258339
2.399883623216104e-06
0.00020625530594641845
0.0007452995476867975
0.0015596378686180946
0.002809736035366844
0.0036993586560055214
0.0045216149982869125
0.005099325736462933
0.006162181366317907
0.00631310008441083
9.759984217334974e-07
0.00037732159617256576
0.00111749138296204
0.002309719286129874
0.0036655510826933005
0.005519498614892987
0.007068928021105648
0.007729656218050756
0.008335329992777508
0.00875132114684507
4.9247084208035066e-06
0.0004491005144747852
0.0015223164945195036
0.003319841178875846
0.005027876259110862
0.007367961693568017
0.009436555915921522
0.011428527319335628
0.011927872837395907
0.012156471083050274
2.4782406641320892e-06
0.0007760201636675877
0.002699252680885747
0.005514827496127318
0.009270292746978588
0.013264170075362713
0.01691858806306369
0.018944802517688524
0.0210601060474944
0.02199981553448135
3.637024749443948e-06
0.0009690164209428049
0.003260609334162947
0.006911588372868803
0.011140616643356915
0.016221587952005626
0.02046746594309447
0.023705358082944127
0.02571558435780539
0.02686028877129972
8.497090030278498e-06
0.0010021008566832566
0.0038171100122364647
0.008084274188006864
0.012645393563668462
0.01793058760615819
0.02328130031181789
0.028373274110287453
0.02998453661813126
0.03032071855904213
2.438870245701028e-06
0.0006771183556965402
0.002787507473365959
0.00591191425892538
0.009989773315541406
0.013620228086572756
0.01708275340592098
0.02064568741697904
0.023198493428361916
0.023708349652248623
2.7733280584685385e-06
0.0007194840582171949
0.0026123947084532567
0.005345940748637534
0.009029618660584595
0.012624483039078104
0.016159996805565402
0.018311075694051084
0.020505070370384633
0.021161445465678844
8.572920332225648e-06
0.0009468575749543952
0.003139613533122933
0.006599156586813157
0.010756542120452343
0.01573088430500108
0.01981943663611433
0.022547042423406896
0.02465373599837795
0.02593100203163304
1.0031036764476515e-05
0.0010394077131565724
0.003864313425899363
0.008197211021842149
0.01275555537266057
0.01818176792181655
0.023582015100469034
0.02866389359987329
0.03028925519851078
0.03063581848661681
6.265984805423128e-06
0.000721176169639405
0.0029397618153064993
0.00625567902935683
0.010442686646811403
0.014299489106016453
0.017943438488252254
0.02182765311587419
0.0242676329163324
0.02476738278173343
5.4624821301959035e-06
0.0006988772865225852
0.002609884788192777
0.005368279396118364
0.009103990991894215
0.012552054184689273
0.016040948553938807
0.01843035781582036
0.02068319625702829
0.021165678511409818
8.212332855388955e-06
0.000907489027230746
0.0029861782003469547
0.006250161575601743
0.01025610737137233
0.015081368187966408
0.01904721620751611
0.021409690057203137
0.023517683968902362
0.02490591324745978
3.3903739563782647e-06
0.001197873212914963
0.004772903978102696
0.010060694296945942
0.016692050357221985
0.022806588027205994
0.029174995008088952
0.034999853309028175
0.038982398844153984
0.03931790794571245
3.8123464518181825e-06
0.0012775293785419154
0.004447806295975664
0.009171843471473257
0.015596441366978723
0.02261617408984408
0.028435889097485727
0.031647906615931004
0.03529569843706256
0.03755441664538706
2.1605851015203567e-06
0.001550239323783946
0.0055499943986043795
0.01189009423034139
0.018829995210754943
0.026714819237240832
0.034254475343219244
0.04097610958559059
0.04422328189547686
0.044879540161885535
1.0889812355425916e-05
0.0014703355753770526
0.0055816449241143
0.0117712373571809
0.019119130628896856
0.027384702737509228
0.03503863116869333
0.041592527461950884
0.04474271603783424
0.046362591139818034
4.9806764560313145e-06
0.0012102362707620375
0.004918903901260911
0.010443007545766717
0.017214461524414148
0.023369817801184377
0.029869567060653194
0.036333013442347725
0.04034978083298248
0.04042050390631706
4.579037216178019e-06
0.00123055469628255
0.0044032328073426545
0.008993934405797929
0.015358977268323262
0.02212430369788862
0.02806265939468005
0.031191591080880425
0.034758694023273126
0.036778654380850206
1.0011811048529097e-05
0.0015019942845440773
0.005295311021730349
0.01137141415276347
0.01821276729104533
0.025819224408024685
0.03280621149199458
0.03869339614482886
0.042169843021048176
0.04293627379322153
1.7480270410356178e-05
0.0015295335866948574
0.005756599452039573
0.012099362151860808
0.019435333792565766
0.02795142344737533
0.03592140603087227
0.04263961964796651
0.04560743366372577
0.047122771627898775
5.788985047427642e-06
0.0012418975369793996
0.005042055979999137
0.010789262107062821
0.01774208396546185
0.024045268891192368
0.030561704196255743
0.03743396976185184
0.04149086525931881
0.04151854845376045
7.247931917116163e-06
0.0012003493611983955
0.004423180161566244
0.008973662126085176
0.015335303183281223
0.02191259260963001
0.028043999904284002
0.03132622124367486
0.03474504725969199
0.036484824710295335
2.941285644346955e-06
0.0016645513145962826
0.006464291294773368
0.013981334229289998
0.023245852199975593
0.03266613309427436
0.04056094924223364
0.04881435533479912
0.05415710833828575
0.05650759839919516
3.3012306897050026e-06
0.0016846780708180459
0.006649992005348683
0.013778604943448586
0.02256034812625854
0.0312078491634913
0.04084841092790936
0.048552864215186634
0.053086798330937414
0.053349984602074234
4.651491339704263e-06
0.0016206588509328533
0.0056174648421223215
0.011927813357122015
0.02040411109917709
0.029260200971977034
0.03597461373413586
0.04050636104065828
0.04606484794729472
0.04898827610655389
6.738927987377801e-06
0.0021295073049655364
0.007733628220564428
0.016334540231304713
0.025506045715931534
0.03661761643474583
0.04793963722083903
0.057169269983088265
0.060352316414490105
0.060998128321216746
1.0277939177321518e-05
0.0017728292372107875
0.006688423993869265
0.014334074523948498
0.02371689341978989
0.03383684190665043
0.04216446442799201
0.04997009641576541
0.05490729388505674
0.057637174715409085
8.572589748945415e-06
0.001701195581922803
0.0068465280720615045
0.01428412679865954
0.023224018126961104
0.03182067033850663
0.041587126848504054
0.05010046525321702
0.054634253688601975
0.0544672872282568
4.679453901328295e-06
0.0015645664734377884
0.005502771862738166
0.011532311376193467
0.019948918092377768
0.028582786566456752
0.03534189457286473
0.03940000254581481
0.04485626118677341
0.0477515679414913
1.188493951371536e-05
0.00206162254277206
0.007458502341265017
0.015887996440629597
0.024936545494527087
0.035538639134567174
0.046335523247470846
0.055102393229327355
0.058717390125934875
0.05905504031536507
2.233286429524027e-05
0.0018476754856459141
0.006879785476744873
0.014621238895914029
0.024048809965452823
0.03470800731871531
0.04348302541892371
0.05103398106812565
0.05554591450203098
0.058399949040828604
7.1191428964819955e-06
0.0017171148158564918
0.0070179169962785535
0.014783930281222301
0.02397481535892819
0.03259291461039924
0.042400912383376864
0.051664393801043824
0.05633192641243283
0.055856370988313926
9.109222475584323e-06
0.00268667975348773
0.009780911152771493
0.020246083240042397
0.03247957987803595
0.047756567534362054
0.0618486666722438
0.07199686010805782
0.07577738108825247
0.07949178547594783
1.7268928480020507e-06
0.002163479567723005
0.008716064369808188
0.01902538638086593
0.03092426453257981
0.04241649231164306
0.05357341661328291
0.06638862785145433
0.07340252082107261
0.07416722244338574
3.0546387421087083e-06
0.0020917394367689535
0.008014734400973965
0.01629506775894685
0.02760493151521994
0.039587521844931854
0.0512038165346461
0.05812937430290611
0.06384313305844927
0.06712899721216638
5.244879531202478e-06
0.0021954868025251054
0.00788246151226959
0.017204843802868085
0.02841951861097557
0.039467790890541296
0.049182629913667786
0.058129618502004564
0.06578533794185679
0.0671331190722638
1.4652920103893397e-05
0.002731812522967875
0.009856784161450341
0.020448958145096834
0.03253654631778946
0.047800540801390026
0.06228678915681043
0.07245833621321408
0.07625296226386812
0.07922238914014249
1.3430087250460309e-05
0.0022303814059791427
0.008795811212285789
0.019307767976014776
0.031345734722081436
0.043275402382031807
0.054355469690318854
0.06716243395406124
0.07424085911437503
0.07525426381751316
1.2077134491133157e-05
0.0021385210468908944
0.008353853948330022
0.016993683466259124
0.02840892128404593
0.040469486502688286
0.05267186615140855
0.060605180773829814
0.06588497054956276
0.06852430277748245
1.1433485592649887e-05
0.0021085272235256383
0.00751999834692244
0.016361972202443887
0.02750274429991124
0.03826551085117603
0.047354382890126896
0.055305203748855995
0.06315417801390588
0.06498436250033554
1.3148885477021594e-05
0.0027016789370563196
0.009758662093281509
0.02032370335333203
0.03219449714041895
0.04717158047862086
0.06168946734594979
0.07173784842205358
0.07566110389854172
0.07807405270431375
2.0412712822548577e-05
0.002290882113153139
0.008790109972933254
0.019399788974685115
0.03163556631662898
0.04402305263014586
0.054865587729880795
0.06728573791932725
0.07453728808974025
0.07609600972071087
2.324894854534488e-06
0.0033309663994010737
0.01239476627231533
0.02637331922683166
0.041871382282020905
0.05878897623207379
0.07698512481146333
0.09219062524778006
0.09957922599878369
0.09952199717140145
9.4215455058474e-06
0.0031650354273876423
0.011499057697183242
0.024136342242338276
0.04014985630900506
0.05898129275094632
0.0742788355313669
0.08539314243042785
0.09281283555899149
0.09921340671646336
4.626115307144517e-06
0.002991310026506313
0.0120684165341149
0.025901172632673428
0.04159755818479862
0.057029571783525426
0.07390211011097739
0.09121949373163604
0.09950547394659101
0.09911664820976501
6.644202361465042e-06
0.002607348713849768
0.009739962418776699
0.020289879267245087
0.03518423071982795
0.050568417334594655
0.06329954883257005
0.07138766208833897
0.08037418031569575
0.0861907467530483
9.574817198403992e-06
0.00314782918145505
0.01167664941613367
0.02518867890211051
0.04046206470305236
0.056040626516381295
0.07225505118703987
0.086926239628774
0.09564943668943084
0.0954907412823858
2.3529713333780002e-05
0.003280575562213591
0.011830914682707345
0.024569053715931103
0.040508525527154046
0.059865314269071684
0.07619855328229558
0.08707936357095374
0.09380551145028092
0.09997911303314266
1.5596794687902524e-05
0.0030362847754186882
0.01214138030551433
0.026316912990522873
0.042231458348517506
0.0579289134211267
0.0745865512556302
0.09241750278627069
0.10108128956265218
0.1007517542612618
1.5764989436009527e-05
0.0026470565365591973
0.009982454383723983
0.0205797852889294
0.03555272141513774
0.05127449548707327
0.06465254464294173
0.073054765876706
0.08152814301657905
0.08739034498455292
1.863140239068949e-05
0.0030107439980831194
0.011131170684072277
0.02423371594114098
0.03940348219167742
0.054204788357481486
0.06915159474892646
0.08322057379299727
0.09281860611890125
0.09294552087517524
1.8800020118722077e-05
0.003330660803595174
0.012014543776126997
0.024827887074988047
0.040511060125148865
0.06012777685605564
0.07723458106074474
0.08813725153299562
0.09432789105108048
0.1001453562707076
5.045559632490477e-06
0.0031678409617114382
0.011741902235044718
0.0252509995472194
0.043042135009800565
0.06056315381161611
0.07509431206007199
0.08700734876096541
0.09902299053327049
0.10380016444863256
5.298780099665976e-06
0.004019256771936434
0.014795138451810502
0.030865068984354357
0.049520805101450106
0.07135429553018241
0.09347166438729003
0.10936363932625676
0.11677169075770809
0.11956904750886262
2.7897443926984183e-06
0.0035000636389819644
0.013137637392960136
0.028622205912473726
0.04755792802863377
0.06732844491516084
0.08346795361075787
0.09921289045911223
0.11079462345152678
0.11553787559605078
1.1316620302959825e-05
0.003680432253345317
0.014569299861686173
0.030386532321057015
0.049037717325153364
0.0687579151410371
0.09026574482216813
0.1082472012857574
0.11645905809283741
0.11760850511786006
1.0225553254724585e-05
0.0031252781027169205
0.011682862218034105
0.02492728889952314
0.042697804652252126
0.060244243956735
0.07489510169060079
0.08655122282165927
0.09818829265812513
0.10329898551878443
1.707161838670606e-05
0.003959308623998606
0.014634401610180788
0.030605233796489578
0.04906177851268538
0.07025143148784148
0.09213870364090763
0.10808632307286535
0.11575179723585789
0.11789626939817734
2.8360398086214552e-05
0.003591280157553807
0.013181194372967848
0.028417932078999227
0.04740772049617983
0.06802263285230646
0.08439663296418316
0.09884097987901665
0.10994706013320131
0.11583249154873652
1.941474250621809e-05
0.0037016066041399816
0.014754139312420561
0.031097541115342468
0.0500147138691413
0.06969223017857146
0.09114728514493314
0.11040246862492314
0.11916042136832704
0.11978359075884223
1.2461119370254293e-05
0.0031287996640920737
0.011720857676933498
0.024832704501049286
0.04271131701058898
0.060445227716876965
0.07526559601932105
0.08683188033047981
0.09830542769828138
0.10371963327598578
2.33426754066165e-05
0.003839774354547288
0.014354813673005312
0.030280522604291867
0.048480961968184196
0.06864567348966681
0.09001976686338344
0.10641859403689234
0.11461324548052632
0.11581816861627585
1.8319740406153068e-06
0.00345180376529972
0.013057263463836243
0.026728556297409816
0.045292465733090335
0.06587914662653771
0.0844267200269922
0.09531198619722057
0.1042384062622104
0.11084676069184034
3.102885876917022e-06
0.0034031029324221194
0.012886779031501506
0.028260375255439563
0.046593854248939116
0.06388831299448886
0.08007638934314365
0.09650193956069428
0.10892018622897678
0.11008770831625642
1.2144711600614179e-05
0.004003360719109067
0.014503463284316903
0.02993648146154506
0.04899224856174904
0.0720133435729451
0.09298167432936066
0.10632169481127884
0.113803558900061
0.11984549557386334
1.0273817122776851e-05
0.00362841769482366
0.014225966795823993
0.03122742193441261
0.050288978257903016
0.06902963593536196
0.08766632581128657
0.10813539347174589
0.11934320470798448
0.11938890422737608
1.4930951979675196e-05
0.003639528593385973
0.014011232148184845
0.028509975954656708
0.047192781783728814
0.06836912345977517
0.08923462829047007
0.10229303334896815
0.1098962914117565
0.1149370768209452
1.2302704551975675e-05
0.003316852186348287
0.012477915354439246
0.02734453530376615
0.0456655626770116
0.06278006766518762
0.07813833846297354
0.09351862909582774
0.10622069703277318
0.10824928256271116
1.9683637835962867e-05
0.003989487583173275
0.014537645896000657
0.02994200791860852
0.048842263021451865
0.07171513007064323
0.09307151501417509
0.10633840698841761
0.11363439904584619
0.11918078975534943
2.752459998395579e-05
0.003623715538532416
0.013919789315747753
0.03081460061008746
0.05002294422975108
0.06885694050533682
0.08646263194582608
0.10621910588373007
0.11805974443989566
0.11882845848435696
2.505964823960636e-05
0.0037163732625812456
0.014566734415053354
0.029722598226466508
0.04851044774248495
0.06974865753312899
0.09170940498882121
0.10654401409979061
0.11366885265038026
0.11739267996897836
1.0341490173100366e-05
0.0032790534651929897
0.012266805962394798
0.02675156384505512
0.04514637728041365
0.06226764312885969
0.07723514393639995
0.09182620974229896
0.10465958617736332
0.10729169624691219
3.6293563368284586e-07
0.0034975170199631448
0.013875237966919772
0.029453147566913866
0.046834079016498144
0.0647753058411842
0.08493600594415843
0.10370674097651923
0.11174315212441345
0.11093927846462691
5.925236951231987e-06
0.002848165912137205
0.010719480414526729
0.02267975013382026
0.03930525132594188
0.05615896182358032
0.06944163569923012
0.07913067553731186
0.08965825340058595
0.09584122920749902
5.4624054981763885e-06
0.0034916351975213342
0.013324581534687746
0.02829911900463344
0.044862228642064884
0.06214296848671586
0.08172583038573979
0.09882239352456303
0.10687160743707595
0.10552715881361423
1.4807244515280762e-05
0.0033320590389346342
0.011854041876803223
0.0247855925124842
0.04183423252586175
0.06177649277826443
0.0771527241794605
0.08705445435106808
0.09546331279502819
0.10316735687138325
1.1930697212003964e-05
0.0034664699209613903
0.013656460872706803
0.02937624782225397
0.04676290736344159
0.06467026505802834
0.0839960661418228
0.10302365424848942
0.11157381627205927
0.11099336697998057
1.4685972484910406e-05
0.00290451897639979
0.010921226595193352
0.02284664514473646
0.039574931718353176
0.057046130388184624
0.0709064565455603
0.08036461141504102
0.090235218555293
0.09693225831647313
1.5201595624106154e-05
0.0033486011350713847
0.012864104306509506
0.02778894148407032
0.04442736238850981
0.060697766774989205
0.07888429271431051
0.0962046816813858
0.10548464899148577
0.10377255313646104
2.3131448339127186e-05
0.003386188812149658
0.012118064360610489
0.02504595739194825
0.04184178810253498
0.06207409410279383
0.07852759549310412
0.08833373104256824
0.0958483396640756
0.103063738411733
1.9515299226574025e-05
0.0034626083253566117
0.013528711905396078
0.029402757193262876
0.046801136169508865
0.06459085057244918
0.08339010275324939
0.10260888541435868
0.11142995428865167
0.11075303799626822
2.072715060465047e-05
0.0030376823225189684
0.011441421421283437
0.023491242486946305
0.04034351291171313
0.058746613627941924
0.07390066917917953
0.08322964293450343
0.09198891323236838
0.09899120737239112
6.153640515813815e-06
0.002719771761472394
0.01027505055927443
0.022917702788642205
0.03780510545239768
0.052293624285734856
0.06410732629121094
0.07824082172490937
0.08863006402859075
0.09081919600381207
3.398792237422844e-06
0.0030884657088507033
0.012073979184349553
0.02470810749585605
0.03959463863879922
0.056326124087592404
0.07493355541671912
0.08875344448504999
0.09394706847966247
0.09539494835374741
8.998315048799717e-06
0.0024621731043645663
0.009362925650521067
0.02041415226633784
0.034711997184614624
0.04803851825986712
0.059391089713235645
0.07019697449527733
0.08032557068338636
0.08322246460441188
9.362730852241253e-06
0.0031882442069917556
0.011763576070407015
0.02397822316423395
0.03873891166365648
0.056541198053733935
0.07485514813641408
0.08583419283730315
0.09115566306055012
0.09425447607783505
6.555967640531063e-06
0.0027201132007244355
0.009880912014123914
0.02173239286799522
0.03663288146948181
0.05193321100285501
0.06302747917588422
0.07442662300035555
0.08449422124631197
0.08907680257704696
1.3249641685317881e-05
0.0030984286034534255
0.012188715579586128
0.025318821557706893
0.04036744593722021
0.056978577781375925
0.07540296023580535
0.0903655177493411
0.09603476121610575
0.09681949675541471
1.4026005862593837e-05
0.0024610172760051933
0.009345356963062115
0.020295498865451973
0.03469958579916687
0.048187454350525086
0.05941474053496657
0.07018587553342175
0.08029857068025846
0.08358248761283367
1.8519433922166323e-05
0.0031561018053248282
0.011847623940433576
0.024241980938465756
0.03882962622484228
0.056001017090022406
0.07473042524322236
0.0866391660503992
0.09186904822841291
0.09377396816710147
2.0480935393168508e-05
0.002774884225520637
0.009870536086775754
0.021333129662013086
0.03610471526782453
0.052171395163750675
0.0636467629959079
0.07354354407452582
0.08282110220227808
0.08850669659580654
1.2122567629469727e-05
0.0030991855268211136
0.0122143254726295
0.025696900637619608
0.04091983766682074
0.05751831996798689
0.07561308753079106
0.09119013715265759
0.0973088977082808
0.09785881048078794
8.743487561342827e-06
0.0007188707362209708
0.003136195913315766
0.006659451782129276
0.01048013500203057
0.014959267385815636
0.02033487525837962
0.024732365441779494
0.025965235535846187
0.02580223654245225
5.82656700694026e-06
0.0004843644555393105
0.0019767515421280205
0.004659147028205637
0.008231945946896057
0.01154111427300504
0.013755417277489298
0.01645870670953257
0.01952519533341144
0.020662487532961585
1.3737883487043351e-05
0.0007266959017533923
0.0032094567558474145
0.006583092610823428
0.010304216938673047
0.01474955350462171
0.0207554549897899
0.024963797028488756
0.02557208578928614
0.02521792261556788
8.36404295243151e-06
0.0005402525943431694
0.0020053810961128808
0.004494075875246254
0.008161127408591652
0.012121386773704113
0.014407013712752777
0.015935757767607986
0.018700210790536666
0.02089523992755205
5.272358840687336e-06
0.0007022293824109886
0.003045527804425816
0.006553200676525298
0.01044859680772567
0.014837063532748938
0.0199931239921349
0.024331962840242527
0.025855607835332146
0.025743380325861053
6.986035226061333e-06
0.0004814142302578929
0.0019010219966969757
0.004492418217841753
0.008095655900155539
0.011552697936265779
0.013566179032763668
0.0158787162179379
0.018981597475912666
0.020560932266235395
1.1157469326319551e-05
0.0006992077744252887
0.003199911937592923
0.006750776444245016
0.01049984188359572
0.01453757354047337
0.020276668281609355
0.025129630450389757
0.02615803353378774
0.025185917211257017
5.82484610117381e-06
0.0005608673586041109
0.0021043239091003804
0.0045450094276847834
0.008135898757746804
0.01227461226240529
0.01500077479210092
0.016427694219659006
0.01874711748496542
0.020934003450410518
4.2013131499601526e-06
0.0006947401884400793
0.003036070043125468
0.006575552637629765
0.010456061627811994
0.014760190250255224
0.01997731033267089
0.02439213036973661
0.025881876397661957
0.025619540086809584
9.97451762735191e-06
0.0005017575969301872
0.0019236459474896764
0.004413043430325744
0.008064300795986383
0.011942182899640719
0.013983681439882144
0.015744225758551503
0.018620979173974164
0.020824584913148255
1.2731709560388334e-05
0.0012190659284961366
0.005195346302517302
0.01170441036114932
0.01890073597048304
0.02541413998373912
0.03290574073412218
0.04149477575177564
0.04631449361882539
0.045287349345222286
1.3111221501108627e-05
0.0013594600769376846
0.0054540795638860365
0.01126078482129013
0.018379431379104614
0.02746980341684058
0.03666265473747932
0.04204899112699297
0.04417232985509128
0.046515114321910356
4.157047765645937e-06
0.0011586365799073105
0.004811288843585898
0.010721202523867244
0.017855003570238975
0.024800599797544443
0.03136422579778836
0.03812234154397093
0.04292464882411707
0.04368062657237351
1.234570551709248e-05
0.0012367824311290212
0.004813983126278858
0.010102200488724808
0.017275123380291017
0.025930956984219853
0.033251235210058745
0.037360251726420574
0.04068250570949695
0.04414153320339054
1.1962437624499708e-05
0.0011087328710294886
0.0046291110272566
0.010694632370268502
0.017958031161913107
0.024160904864109264
0.029986337688915222
0.03731865436527996
0.04323498318734069
0.04335507029412539
1.3244974850300938e-05
0.0013789250865984802
0.005614487281979051
0.011695346907740586
0.018881247447993153
0.027719219418395395
0.03711732888047648
0.04337173563126843
0.04568567950054979
0.047180460988449205
4.359910578925512e-06
0.0011756685217560884
0.004841069019096643
0.010789410379106234
0.017924274591677496
0.0248763220452508
0.03157379269034069
0.03846748549780282
0.043198999767581674
0.043831260637552244
1.0770429061741541e-05
0.0012660898331842768
0.005036311196868739
0.010382071020064642
0.01744155548157116
0.026386046141608444
0.03454430409816185
0.03881741474285712
0.04142699832225144
0.04469472032077147
8.208997841827363e-06
0.0010959163249268063
0.004378995354757532
0.01007822814160951
0.01741111409181748
0.023911352090925275
0.029091049127541235
0.03524698823593671
0.04132644477940101
0.04261705561475486
8.922968404635072e-06
0.0013694973434110766
0.005607803259909896
0.01183757483184999
0.019134668421880913
0.027708285316948605
0.036864119546239436
0.04352337912045184
0.046268451330309976
0.0473959908115329
1.2867086730303942e-05
0.002512674985419778
0.009796852773219221
0.020949788608534435
0.03508954353892002
0.050497485931037915
0.06446650403335769
0.07504937505511294
0.08282883159286278
0.08665723895365958
1.9728677425438815e-05
0.0027345002182435248
0.010912490959014285
0.023243062535171978
0.03769527901577101
0.05390936554375119
0.07073703377872964
0.08413598077964174
0.09058470562474907
0.09244829281622804
1.6094659123318952e-05
0.0024467469898445397
0.009515090435339962
0.020636388128203058
0.03524579965316602
0.05129358499435669
0.06447048101843039
0.07427642775954019
0.08279150438305884
0.0883319311297995
1.4567075571163864e-05
0.0024956959072305993
0.010265656588546656
0.022457624805218897
0.036906399448441755
0.0513439207361179
0.0659527852329647
0.0800816105202368
0.08879271975960984
0.0898368657317639
7.438918669334294e-06
0.002480641112732948
0.00969641712752379
0.020874709136127392
0.03510864994832094
0.05016560487868913
0.06371950104541627
0.07458888413532104
0.08288889580469658
0.08645117377517143
1.8175121006450605e-05
0.0026964616756432365
0.010876434212925608
0.02336830801150408
0.037755970570686664
0.053459248468049045
0.07021680956554821
0.08440138970854863
0.09112354321653145
0.09211567187346276
2.1715004923295056e-05
0.002536753802120653
0.009886300431922452
0.02103773639978115
0.03552484630204944
0.0522081004975708
0.0666340373575509
0.0764518913809897
0.08391159654518782
0.08939912735254571
1.6778966543891002e-05
0.0025047994144135988
0.010139392212527895
0.022215845424077646
0.036856660414843305
0.05150702867212734
0.06567467896053811
0.07921864629612539
0.08820086612714309
0.0899732008915604
8.43036868881678e-06
0.002443847733055873
0.009576707590044383
0.020642720208100516
0.03495092183220459
0.05010848306320606
0.06338336134803614
0.07385497088220444
0.08236236156105857
0.08637006122793302
1.3530416130707245e-05
0.002611737219404758
0.01060327291172768
0.02315112787847835
0.03757614430610186
0.05251246002605582
0.06833445332642779
0.08302189548203208
0.09070144104448277
0.09109526316484301
2.6605674567406366e-05
0.004085645188704869
0.01598513522171014
0.033684607679577386
0.05573752850255911
0.08097527207948836
0.10530293277166335
0.12193959076575615
0.13202401697907493
0.13783470219689115
1.4539481959366396e-05
0.003995632773818038
0.015562220265198896
0.033798782705651044
0.05635658264509855
0.08049947761089882
0.10194519875849747
0.12000033849501858
0.13314255942250888
0.1385937404075679
2.162585831518442e-05
0.004088396204677388
0.016215990653951247
0.03465527240736914
0.05737266464525368
0.08210523074390368
0.10529410578996438
0.12427965157687842
0.13616484967659687
0.141116806254515
1.3542820048909558e-05
0.0037949609286437786
0.015205861750395434
0.033354395442997696
0.05569532359343362
0.07764091305512995
0.09844564806633174
0.11834906179136746
0.13238528470519922
0.13533341528575216
3.1431446148469864e-05
0.00407366838493515
0.016219666798622707
0.034372277705231956
0.056319795850508815
0.08078630014468792
0.10551418837365546
0.12413064615767018
0.13438230948632682
0.1382874498534686
2.6266626934724196e-05
0.00405169191344751
0.015699454971209708
0.03379419712205167
0.05618645539566155
0.08052906216462616
0.10260423365412444
0.12042374440061132
0.13285970030687394
0.13820211874757937
8.387287187549237e-06
0.004128730749741483
0.01629016244160863
0.03476332579189608
0.057544976078056295
0.08277888783992492
0.10644875532684851
0.12505833382866197
0.136521917599383
0.14185967459309234
2.3260322546723862e-05
0.003749373969878588
0.014993230417232781
0.033006529234633375
0.05550768545796315
0.07769777758444728
0.09780343762600384
0.1169882025239912
0.13150764044089083
0.13529818361679924
2.976901292793838e-05
0.0040374711206618745
0.01611704589160555
0.03447338393853081
0.05658918140971144
0.08037391535171386
0.10440734516060865
0.12387978400323421
0.13505395988235716
0.13815193960851327
2.146718017430464e-05
0.004065635709877426
0.0157779414572235
0.033895840433398286
0.05611742982300889
0.08018663415512686
0.10252724529532027
0.12065953550618702
0.13277010816178159
0.13746549373750963
2.2628654033646673e-05
0.005297600307804153
0.020594458241259
0.044327004667983706
0.07363542645199818
0.10494174342855925
0.13385304377630397
0.15759772788281232
0.1740430490170134
0.18022283392391322
2.4459608466603705e-05
0.005219687702697043
0.02038118517466191
0.043985003252350774
0.07341247128214316
0.10503505088705017
0.13349982109415
0.15691584741781453
0.17352109186978956
0.18079031406196802
2.7038061487257398e-05
0.005219805590266612
0.020923710365285886
0.04561064781144839
0.0749547711224724
0.1050316196686936
0.13481347239952993
0.16226951358842942
0.17898983896515885
0.18207594398508328
2.8434818618565058e-05
0.0052578465630670965
0.02072386588718961
0.043914319196895445
0.07268860834116551
0.10423584498612921
0.1344181562679628
0.1574704797880501
0.17208377625508353
0.17851093848861188
4.502015257901365e-06
0.005307215798779928
0.020674827410679084
0.04424744057220649
0.07330784060497399
0.10472180523800727
0.13450971812043697
0.15829317187233347
0.1738201251914165
0.17974598359439894
2.487741346601534e-05
0.005233774127291827
0.020365934115872807
0.04372442518961838
0.07317142296202205
0.10540206162787477
0.13430216939428644
0.15664938028803918
0.17268259641032555
0.18078121802370467
4.530205557724008e-05
0.005197422961329604
0.020707741659954402
0.04525318446467695
0.0748290275020714
0.10496445322484234
0.13376815703119724
0.1605538496392721
0.17808557373306505
0.1819114546984713
3.332280580250148e-05
0.005265950609934998
0.020818029236922237
0.04438843957536603
0.07333996438901576
0.10444778248415064
0.13455308691080656
0.15882524101656703
0.17394272230834382
0.17934983297597204
1.8015700609822923e-05
0.005261203367412891
0.020719695127956135
0.044462727737246105
0.0733504558787753
0.1042361369715042
0.13427151778823584
0.1589874727015026
0.1743706347861745
0.17917035991640645
2.5957805783539982e-05
0.0053129562545786236
0.020673993093409802
0.04397803734463904
0.07338439083940627
0.10627180704604161
0.13625468530025187
0.15811351220519465
0.1730030960783592
0.1812205205573243
1.6047716714938047e-05
0.006271009831524992
0.024604761238213632
0.053298898750346636
0.08888641083136552
0.1263536100907227
0.1604022494179101
0.1893967306457224
0.2100978334871919
0.21798261618056178
3.127559078094752e-05
0.006418499768391103
0.025279440093795735
0.0546536322588046
0.09027623387391014
0.12729907299878465
0.16245267285000023
0.19348017279142374
0.21391139795500536
0.21955550226823373
1.1280781656169196e-05
0.0064958794514703416
0.02561914292668168
0.0546671791578558
0.089840168413349
0.12747676264731173
0.16445535991794485
0.19520715266286093
0.2135927885080076
0.2191750608674147
2.9442674983451192e-05
0.006411856767606073
0.025055918354133525
0.05350361388635435
0.08877997894767264
0.12752207624584017
0.1642650091674181
0.19254020391607357
0.21066902090621054
0.21881712758189628
3.8096938607599334e-05
0.006353746853772532
0.024767439283466943
0.05308557206538452
0.08862704812730926
0.1271891222077915
0.16214056546611738
0.18954135942341663
0.20896920889609827
0.21817370980993664
3.0174256976334105e-05
0.006402508607486905
0.025026198288160027
0.05408252407260572
0.08990837986219512
0.12729052038186364
0.16171337721250195
0.19162301496921616
0.21245037472529404
0.21930538698931645
1.699580564377598e-05
0.006403787820768917
0.025327101785394532
0.05452968102222733
0.08994344310045425
0.12703435149664116
0.16309328167008386
0.19445214936720037
0.21405079863307086
0.21936222381919682
3.821990408048506e-05
0.006423659917693464
0.02533671333167948
0.054198975393312594
0.08933965288766743
0.12763679978931702
0.16504733903395666
0.19482644905763688
0.21270864461737074
0.21919990030212863
5.139635618242015e-05
0.0064888938519657435
0.025249896889243055
0.05372277477625967
0.08916668581518726
0.12814997043094567
0.16440923233478766
0.19207580771317304
0.21028866573876226
0.21885298071359507
2.9329677685738e-05
0.006446925890505273
0.025010671648576056
0.0537104462368216
0.08955030068769158
0.12772030812201235
0.1622596943438481
0.19075501287331975
0.21096207793318367
0.2191681733212032
3.746108496542368e-05
0.007617355565366437
0.029836500218103596
0.0645905254249213
0.1071541424922778
0.1506343240731418
0.19128317473827772
0.2278374196679942
0.2531332731220398
0.25994655390065347
1.9977118556465137e-05
0.007689903455320144
0.030377386919555657
0.06517588134558437
0.10726374375766637
0.15221583812204426
0.19627942979684662
0.23303076848908166
0.25532256940610804
0.26218194713175985
4.20041400647469e-05
0.0077164834161047545
0.030215006775055137
0.06476366101005909
0.10681820078226137
0.15227627458442286
0.19593722955494258
0.23138984843113436
0.25356409281565057
0.26151542747859874
2.142590570368505e-05
0.007822215384840646
0.030333178784938276
0.06437654746150635
0.10688659579453386
0.15368556478376963
0.19686113341145822
0.22979008517315683
0.2516493971389334
0.2623583908704365
1.242713448334557e-05
0.007508095241933733
0.029241596728437343
0.06325908187928395
0.10596722370924698
0.1504002350359896
0.19030138059458024
0.2244229467698932
0.24977263394052662
0.25930850616547485
4.0929768397100126e-05
0.0075985034255737225
0.030036111756992407
0.06479794781163495
0.10716557121482018
0.1518036688874756
0.19474666820627143
0.23145091812603488
0.25492131028606274
0.2620355727448919
6.552944479906679e-05
0.0077215782484921945
0.030284134460155737
0.06512998842556116
0.10722107212033624
0.1519898897233535
0.1953100593491739
0.23186328673384224
0.2546366767387701
0.2613766119258104
3.8958305826156136e-05
0.007936690694385235
0.030866640258665895
0.06526939387784007
0.1076314803745812
0.15466307792983047
0.1994613040172057
0.2334123314222323
0.2540585862323324
0.2634785186470089
2.6267757849508278e-05
0.007554035134791608
0.029393462858832767
0.06318620705847938
0.10578790360463552
0.15122586386832856
0.1921363919114654
0.2253082590402396
0.24940090135967444
0.2598419263525699
4.720305055400571e-05
0.007598250693523266
0.029807652185711794
0.06430668499198346
0.10698719362919656
0.15187181045625864
0.1938162738836392
0.22927175739340544
0.25336950139624437
0.2616737547527502
3.726042392345064e-05
0.008465906992919152
0.033300569611503905
0.07147535329519308
0.11853538288022064
0.1684286556487007
0.21552364233776475
0.2543006286381305
0.28038040404766007
0.2898532731664773
3.25087747999857e-05
0.008892227707292352
0.03466587721721569
0.07406137844362405
0.12120071632807695
0.17153814580609097
0.22119530348394992
0.262899198990633
0.287809548212267
0.294224687438822
2.644993567324613e-05
0.008760296126568964
0.0338329695622881
0.07196619688065077
0.11950644229294317
0.17229748860318825
0.22089357096562345
0.25758552909270893
0.28163216963094756
0.2940359518628887
3.2511754618132624e-05
0.008435905640404747
0.033243487214851986
0.07203749184883315
0.11987401083626667
0.16983252239920024
0.21628048333310002
0.2565700740945564
0.28414655306560654
0.29342486472899
5.370272710947517e-05
0.00846203113170424
0.033109264835706705
0.07104886847035766
0.11846855718899486
0.16862680314792075
0.21466663064728025
0.2525441446971612
0.2793802920978483
0.2900552386146273
2.7432171115966636e-05
0.008760692267015518
0.0342513052191628
0.07367500848346241
0.12095552749526425
0.17027586313023174
0.2186284544292635
0.26086966308093146
0.287087855981698
0.29289069073840157
3.439886824268233e-05
0.008799610901453056
0.034224103375953156
0.07270619212049896
0.12010006202268061
0.1729214236513707
0.2229922500962436
0.26090672052178865
0.2841818496479284
0.295128683135445
6.369154437933033e-05
0.008533193664923194
0.03350896052429126
0.07230122553073869
0.12008123823957831
0.17074215575232823
0.21797206964658278
0.2578205037864756
0.2844478205732015
0.2940360824587736
6.211471692718232e-05
0.008599313696337405
0.03333430246713577
0.07107338162563465
0.11867270842637813
0.16974280968298414
0.21614240290971612
0.25285025477293255
0.27898280957716676
0.2907608538038565
2.54244455313078e-05
0.008589131415992763
0.03358620780536535
0.07279462790372128
0.12039694754521674
0.16897406725843234
0.21528726132796364
0.2569337937637539
0.28477038914226566
0.2910872766831075
2.2543587687752813e-05
0.008954499483268362
0.03489977044901494
0.07360537739585624
0.12068758308361156
0.17258718773564793
0.22430990733638162
0.26406017448764396
0.28647156945166996
0.29486916812399905
3.893360962802679e-05
0.008361418548152753
0.032572816645902426
0.07025614122071315
0.11738466111282084
0.16765391120940784
0.21331836244564326
0.2501838156269527
0.2769705479833812
0.28848204533175886
3.379198824639379e-05
0.008871772353380466
0.034619098397153644
0.07382435355548916
0.12182326368007011
0.17453851555744992
0.22476005153388517
0.26421738458174826
0.2887366979898516
0.29895209667463524
3.261579750105206e-05
0.00839530926920658
0.032794937331727315
0.07117615117948017
0.11869442505224494
0.16718448216593157
0.21082723926304428
0.25069649570830144
0.2799775287298582
0.2892758445364018
1.2018484174226849e-05
0.008762528348691845
0.034611114154009505
0.07390272992666788
0.12110608235042931
0.17153520638259154
0.22235737438502873
0.26468358014530363
0.2887557630968231
0.29506944959593734
6.0269425460815045e-05
0.008386849601103747
0.03272634223113366
0.07042257284415898
0.11746817588620628
0.1677599397617458
0.2140348079040223
0.25129185967426254
0.27760991732828205
0.2885373463203105
7.324733863204063e-05
0.008998928400908608
0.03507688319413697
0.07443776447885786
0.1222859166270643
0.17522494312621067
0.22657995415353815
0.26642666546501714
0.290013436924615
0.29955871639671305
3.262370211938524e-05
0.008459138157675425
0.032620571800784745
0.07053258252906303
0.11829788597478554
0.16792703228632438
0.211246889622744
0.24903223583792167
0.2780088971873348
0.28944450048819953
2.6378957715337364e-05
0.008616846362321812
0.034226732622066075
0.07374599441508213
0.12131129086638535
0.17105368912726232
0.22040662458751706
0.2632545011433739
0.28890831328665395
0.2949627826621454
6.499669642964982e-05
0.008424149237750719
0.03281565672382183
0.07057284788596976
0.11767119065621251
0.1677246300386212
0.21388209272799555
0.25159562397256446
0.2779499843041396
0.288264318967249
3.66848252175621e-05
0.007595475993324543
0.030104914717776633
0.06534384507741052
0.10747319580253407
0.15118758296250248
0.19338607609224717
0.2314976367093008
0.2556541148549942
0.26150859350179895
2.9803826317784975e-05
0.007930547454064026
0.030500597184463147
0.06390363204840556
0.1063364362517521
0.15449900255011123
0.19878063894179313
0.22951213036968557
0.24973650264896832
0.2624954711274956
2.7819749161174986e-05
0.007392899346294661
0.02911251547582606
0.06375790295682389
0.10627414724216865
0.14817367826685263
0.18694251107640264
0.22421217887725056
0.2517274148795478
0.25784265328302897
3.863587964274062e-05
0.007896935401285644
0.030837758881347675
0.0655346045890055
0.10798690099705259
0.15548190102422663
0.2016110369495379
0.23645107858163625
0.25688061359007724
0.2662625224528989
6.149781760429052e-05
0.007611543195918507
0.029989888479991563
0.06528759277143148
0.10745972603958853
0.15061914527663386
0.19184824157977592
0.23030670394530314
0.2553560000640628
0.2607647742400557
1.5722165173485572e-05
0.008040263259486785
0.03116915350964404
0.06506556353820628
0.10732167329765413
0.15576206735186604
0.20216328069460215
0.2345498110429039
0.2533513565510559
0.26451455157340475
2.273111047248843e-05
0.007325320771503329
0.02858411063765128
0.06253330554382845
0.10512283020530351
0.1477174040563243
0.18574662577798406
0.22087840227593825
0.24840297667610586
0.2567108892138938
6.521181570915949e-05
0.007916934591861153
0.03095566770987926
0.06585943668223083
0.10851687488624898
0.15581231978212617
0.20168278057876146
0.23681142519488596
0.2578251540030146
0.26673907255796514
6.411902140859656e-05
0.007632826823766151
0.02969229606513687
0.0648734676759446
0.10734819901440898
0.15016916337542355
0.18992367231640997
0.2279180453963468
0.2541443603758107
0.2599422761204456
1.982899861388045e-05
0.008073034046910888
0.03179616564818167
0.06651169876375046
0.10871135239912387
0.15680980055619945
0.20498747710987283
0.24003861251499375
0.2581840961108841
0.2669296731859928
5.225077464394317e-06
0.0010797303171278315
0.0043695255319556705
0.00888235824997238
0.013849488534307284
0.020491357486354948
0.02818144892191609
0.033204702433579494
0.03389958807165699
0.03464565103619688
8.752504337321683e-06
0.0007718203624439547
0.0029175484389150613
0.006603848443512915
0.011550797497396455
0.0163678303175821
0.019432546865286074
0.023098577197660657
0.026860975538481158
0.028901692650296393
9.479919195572551e-06
0.0010076403508468001
0.004211121326576707
0.00860139465210699
0.013786917930777947
0.019694578118216087
0.027131343212604287
0.03199145493349139
0.03349342857211616
0.033764134816639764
7.655981501711374e-06
0.0007463261380377501
0.002741548328678181
0.006261935001979723
0.011099950944222396
0.015578697349072124
0.018346478529602757
0.021392565369969436
0.025811375834511315
0.027495327602037663
4.638852616806739e-06
0.0010694036731666067
0.004338004497620206
0.00908166786586821
0.014025313222878965
0.020147369322550842
0.027624542329879983
0.0334731182085015
0.03470276566834636
0.03447354263798944
8.184097826314467e-06
0.000787463895013466
0.002932988581289003
0.006572592439775681
0.011486909615846757
0.016540691180373917
0.019749083844948084
0.023090707742631084
0.026705784630943186
0.028981385369287897
1.0399431614438151e-05
0.001031636448188306
0.004345550808599068
0.008949319172477896
0.014153158152691948
0.020030668960360386
0.027681976223584738
0.033221277293269874
0.03472026688862166
0.0345460085933392
5.379953265210417e-06
0.0007568597186771549
0.002739318558650874
0.006119859192736933
0.011047074176667143
0.01572846559017146
0.01858499262407921
0.02117503634324619
0.025480480146416018
0.02768255604808169
1.950956714976391e-06
0.0010410525588832376
0.004198921675266024
0.008959742294009278
0.013941932103920047
0.019656083262808717
0.02678177682283668
0.03275770839395834
0.03450797940172912
0.03396669000134397
9.643227570633154e-06
0.000801448418978279
0.0029563535444285228
0.00652114609071395
0.011415985058870124
0.016648333532723856
0.02000757764362784
0.02302300464549145
0.02655795273006914
0.029031800142181242
3.04407654974163e-05
0.003001786446794073
0.01157119391681931
0.025774545724690467
0.042493860981446606
0.059179638332859795
0.07449932159280992
0.09044119485994818
0.10140485526623619
0.10328987004128683
1.6797528144495896e-05
0.003235886822501507
0.012814836267014079
0.02653269715737894
0.04355771431800468
0.06378228259534764
0.08340183992382488
0.09638679625177259
0.1029285602913512
0.10825108682069326
2.4264081548227515e-05
0.0027919816583687825
0.011174103124057989
0.024756355963373375
0.04174929326858834
0.05705265856508174
0.07117866574140069
0.0866693117267671
0.09914593061924463
0.1008056564551721
2.7245133927038734e-05
0.0031566634781067353
0.012303800582210096
0.025393471596598986
0.04207244381620256
0.06138272177653555
0.08103288708177811
0.09297543094710421
0.09991259155724212
0.10442156409861744
3.07858115830216e-05
0.002962330089634646
0.011301935237258783
0.025044292938514578
0.04158546762918103
0.058257702275852835
0.07270180901434393
0.08735887369726225
0.09848285324087025
0.10144950184946915
1.952020082783282e-05
0.0033341066514249863
0.01317757419167513
0.02720798066115068
0.0443202622973506
0.06488541543885376
0.08539974625229747
0.09919553275600314
0.10528644292538131
0.11001825673431957
3.5317706587751536e-06
0.0027730180251597015
0.01095095108090094
0.024365893669171208
0.041399583447318984
0.05702875881050065
0.07057968732060514
0.08546637643876764
0.09798286158517121
0.10081969758509744
3.018178928649458e-05
0.0031705763631764603
0.012498214388762217
0.025908135383351304
0.04256448698986101
0.06177649565259357
0.08176086111280378
0.09472545473803899
0.1016320043684558
0.10552560352428968
1.537591253286656e-05
0.0029451034691046233
0.01108876706593746
0.02454124731500194
0.0410905793591106
0.05768786786341977
0.0714875790286571
0.0854273657271276
0.09693952202416792
0.100366973887995
1.7758920376584203e-05
0.0034311181348726707
0.013492169631612597
0.027889754254383267
0.045050367616030935
0.06573226774031643
0.08719972129573075
0.10201330403873723
0.10790998696066856
0.11179593972213527
6.23120865706727e-05
0.00626778524530776
0.023989727523295062
0.05117988343571648
0.08619617988571267
0.12503012982535636
0.15769260085576403
0.1823430886297847
0.20194807286690722
0.21390490792659142
6.382271454169492e-05
0.006522576663527006
0.02586243950530916
0.05600694070920528
0.09153162273566769
0.1283083281114465
0.16573637545319797
0.20009620947420356
0.21953113631065616
0.22250920341104508
4.1097427910970576e-05
0.0060840142481875265
0.02355969791776103
0.05051377097307607
0.08496004359658309
0.12120646545403246
0.15344162816506443
0.17883458018796958
0.19882087019832437
0.2082149965723949
3.434972146616384e-05
0.006530875990598363
0.025593586262370297
0.05488169253232138
0.08932177598953325
0.12557978684339213
0.16259277526394147
0.1945177083911915
0.21295642843334195
0.21581500934714037
3.245503481721462e-05
0.006395964355356641
0.024401256521678405
0.051503548183658196
0.08640881421560194
0.12612982725641295
0.16108579452025742
0.1853616584114386
0.2031137362951352
0.21504742444180236
6.946990766245832e-05
0.006525382486109958
0.025817268551735193
0.05595516468099879
0.09160827418245975
0.12846595354572243
0.16540711392715857
0.19922333511190873
0.21897515558093847
0.2225111997298949
3.6285577196189664e-05
0.006200968919426986
0.023986983928633333
0.050951079865476596
0.08576440066986295
0.1228550605612813
0.15586031981951146
0.18098901536936493
0.20057811889093985
0.21045382457657363
2.922557877830688e-05
0.006403113479935973
0.025110122029267094
0.05441579235377377
0.08896132942465954
0.12405224121881267
0.15976607960613723
0.19254251264471775
0.2125043390780273
0.21474704513249432
3.50111717755347e-05
0.006446669735097761
0.024701651502036442
0.05198228104948297
0.08663026907154724
0.12649820972287792
0.16279731412649176
0.18758332149552737
0.20440969837746537
0.21573288782774105
6.291603972190234e-05
0.006539875502262177
0.025826646727596138
0.05590657813327701
0.09154250367682029
0.12851465468568832
0.16494279607929177
0.19829889169424333
0.2181291982437914
0.22207596615933883
8.126307689568024e-05
0.0113256364806687
0.043485337952405105
0.09175088987074352
0.1499474397234938
0.21588312586276406
0.2801343432230578
0.32827952224585893
0.3543806141505688
0.36667699640111207
8.095746085524354e-05
0.010278056115546658
0.040115952879053014
0.08691961624605414
0.14524765639218995
0.2052735896054483
0.25732926547852514
0.30501094503490933
0.34099737508310574
0.3545070521161836
7.753662671483106e-05
0.010834556511590262
0.043227169497751385
0.09158866421262879
0.14970355865326684
0.21279766942355627
0.27823702798857697
0.3305705072064785
0.35851861947762503
0.3657817198412266
8.984879958345786e-05
0.009927693105573732
0.038083997242702436
0.0829460577719461
0.1395303845763569
0.19786294809932006
0.24862887411335843
0.29252435188636083
0.3278426838300672
0.3415731771017065
7.405020683170848e-05
0.011314781537647318
0.04371053253883118
0.092327254289948
0.1500237823265497
0.21508047825473825
0.2799048006422275
0.329610868773434
0.35584341229508687
0.3656349343327805
6.167533772802146e-05
0.010347672261810471
0.03986804086117077
0.08601020818983722
0.14454038120050028
0.20599066504096716
0.2580959220893246
0.30330710346891615
0.3386023062398033
0.3544993699103173
4.335210399424655e-05
0.010832698477857644
0.043316646414834084
0.0924560728386012
0.1509950960004393
0.21343091721479002
0.278578728366182
0.3326390183296949
0.36158189173069766
0.36764747018125205
0.00010621868652242389
0.010018316536465437
0.03840261633459936
0.08312342170750606
0.13991873539836105
0.19861192349653473
0.24979681082912783
0.29303356769046085
0.3283044021924993
0.34226634310133697
2.4264392756688822e-05
0.01127492720863844
0.043650112926985916
0.09257860277652548
0.15008893032497453
0.21377848934830562
0.2783641440232015
0.3297615725365028
0.3567522920345351
0.3641756893581812
4.6242777966629765e-05
0.010432454080654144
0.03974201174094291
0.08529493563138485
0.14357625480261185
0.2064684950157414
0.25965608616430824
0.3027230786974738
0.33628812575184097
0.3542816142022924
0.0001219493131375534
0.014658761949153356
0.05732118453488029
0.12432923085901505
0.20536418900536907
0.28915060079692617
0.3671370618639982
0.4382654130202321
0.48664348420667175
0.4989793780430993
0.00015112411944606308
0.015511958216652853
0.05981190599678158
0.126843059513936
0.2096996265663166
0.30179635840820507
0.38875150722601953
0.45545247838603664
0.4953386865074476
0.5155130825253125
0.00012127048605832473
0.014974970696577104
0.059108948288842035
0.12759967901729408
0.20997905413619805
0.2941821418313056
0.375887827572068
0.4500799317308735
0.4973642091142642
0.5085299221325225
7.445841587163549e-05
0.014994215291232791
0.058432309389485924
0.1231478152761653
0.20444523413274232
0.2939281478996095
0.37845488385061343
0.4404113517677614
0.48179295833089447
0.5016638649772869
6.473215304010553e-05
0.014404536643318673
0.05585919471878012
0.12163086869290067
0.20253600883791495
0.28603544056998925
0.3617424586130712
0.42967001463842913
0.4788777244290619
0.494019496911641
0.00017117613248555355
0.015577582318916474
0.060096871005334965
0.12745909531143668
0.20991091103721654
0.30214963975296255
0.3894836978055776
0.4563234934983826
0.49588900723038126
0.5152047014923937
0.0001019646987544736
0.01507690302072278
0.059004598534796865
0.127376823417003
0.2101686578524844
0.29483335358358026
0.37482697084952316
0.4483224468669298
0.4964880898758088
0.5087424457502833
6.684900364967775e-05
0.015144409869864985
0.059241449044509266
0.12495451114484882
0.20659101237380764
0.2959596427270961
0.3828187127175182
0.44782578976389553
0.4881651196853399
0.5054693431387103
0.00010444224890394132
0.014359305787311875
0.05539090944870984
0.12051958034758198
0.20127628046791152
0.2850046370457258
0.36026364455993615
0.42599031871431325
0.4750662731558182
0.4916414896008019
0.00015050402858672357
0.01561730783435684
0.06048548846460073
0.12810742490045915
0.21013353606835328
0.3024137876871883
0.3902018115934559
0.45735842227066825
0.49662062918648037
0.5148131169777856
0.00011746517665157586
0.01836806792846113
0.07017095064563572
0.15078068519814097
0.25160297131141
0.3586530700522574
0.4545482603295366
0.5320481210797329
0.590113720070455
0.6151916026211449
0.00010901811571011193
0.019037903719980123
0.07467616449480177
0.1595097720982901
0.2611651175089843
0.36970775971723024
0.4754886379513277
0.5650004309871542
0.6191259278960771
0.6340656995728222
0.00016011001046588864
0.018518310101092478
0.07179971324239237
0.15315409734129237
0.2558043708848129
0.3662771168454949
0.46697940429584295
0.5475846692294801
0.6031079540312726
0.628928549868584
0.00018461419481381449
0.018787755991564608
0.07398362247878636
0.15882646969406736
0.2612445271190536
0.3686398874419644
0.4757748920158843
0.5663497640392515
0.6212486975263409
0.6357603470950826
0.00010507939694851352
0.01848855796979137
0.0710397159897723
0.15141815103612216
0.2524813334311465
0.3610649173415447
0.4588835711212284
0.5355074935849516
0.5918215077778838
0.6176261894857902
7.650525897359017e-05
0.01884145137716544
0.07361415139190221
0.15794688342448568
0.2595135771058848
0.3667908288354112
0.47035714818719937
0.5593804111939163
0.6145983281394796
0.6295132468470979
0.00011504194656163381
0.018608413554688407
0.07210558663365707
0.15392572209079092
0.25631763791347806
0.36745056400966536
0.4693112395082759
0.5500138350337446
0.6042904195423797
0.6298307908043614
0.00021303387865523928
0.018976763862369583
0.07463731742164388
0.1600606463643163
0.2629294991254008
0.37059814653988216
0.47707948305685904
0.568444290901272
0.6238564447247811
0.6378771413001869
4.2358182402006825e-05
0.018689984829318728
0.07177266295958112
0.152163212299224
0.25361561825309137
0.36277332994914663
0.462216849902448
0.5393369857771242
0.5943081312482817
0.619479605261429
7.300600507027112e-05
0.018638434583210416
0.07242832880135328
0.15626203816076684
0.25783214713245706
0.3643207279928586
0.46625968757581676
0.5541954699173655
0.6105352256911456
0.6262253049284509
0.00019045154061563145
0.02085823076090373
0.08238134174671108
0.17581526572153158
0.2900678559694435
0.4134834704666558
0.5330815928161915
0.6304622699475498
0.6897741801908769
0.7114002954266043
0.00017669383787547564
0.0203801540794079
0.07854708629921146
0.16960945449666673
0.28300472934019566
0.4012118469456707
0.5090291096277851
0.6003257205763463
0.6666383419570803
0.6913242307829894
0.0001359251574390962
0.0217472861736855
0.08396586627569379
0.17850314134523976
0.29302715973103854
0.4174035885952038
0.5376238181155951
0.6325823174504929
0.6910223151497046
0.7121931649013268
0.0001289434603444335
0.021027851764758545
0.08135787264605981
0.1744629094102339
0.28911245470789626
0.4112359865320963
0.5225265747846725
0.6163958153870182
0.6810816774216941
0.705492391870018
0.0001313624704641221
0.021078491776638494
0.08299522584048098
0.17773347862520045
0.2926819146374303
0.4159781196348767
0.5368077159727218
0.636628379171876
0.6961714785344336
0.7155648144200972
0.00020972155887975628
0.0205450046775547
0.07919443253271055
0.17027314847794447
0.2839962596976444
0.4028857025107365
0.5112582612420503
0.6016622257314502
0.6675342878676116
0.6926977151322631
9.564062656105785e-05
0.021759522907686714
0.08390082927117588
0.17815935677993355
0.29256303324291966
0.41598974196903804
0.5355668969491246
0.6307940188981712
0.6898334939638532
0.7095602399766151
7.443590374968727e-05
0.021034068496407238
0.0808748760523315
0.17364431948217718
0.2884255513376413
0.4107153169522919
0.5218972578072995
0.6142597577823894
0.6783200095979104
0.7031476078103996
0.0001999710969399941
0.02120006716243586
0.08363030216673799
0.1792541750535921
0.29467490189991963
0.41807200123976956
0.5394682867852255
0.6405372548896404
0.7005501501099033
0.7189105809541402
0.0001567308385527331
0.02069118744752708
0.07986420243516718
0.17063027447203866
0.2848109840390551
0.40447828961633525
0.5134048586396309
0.6030550171095672
0.6685117495519042
0.6941051210270792
0.00015501177566338482
0.022426742628685933
0.0873266400181949
0.1867533526525821
0.30654109132515345
0.4343316623863262
0.5563837785507127
0.6604767369077513
0.7237372834537149
0.744967144624439
0.00014332428584587208
0.021336700978136384
0.08441094831110822
0.17985716753060157
0.29872904557083363
0.424938210150417
0.5438794083184063
0.6404614630400343
0.7050524778576405
0.7303606175238794
0.00016296251980316666
0.021218808025443462
0.08269036792896066
0.17778779520663673
0.2957146781346844
0.41892694951918324
0.5349326737056078
0.6322834067985119
0.6999869563986485
0.721829405641003
0.00022264466180913655
0.022304603257923463
0.08533624840139288
0.1825684317095248
0.30157161962795453
0.4315337996794052
0.5525421438328942
0.6487807961145994
0.7106717014299762
0.7371878424141878
0.00014079394456173496
0.022452456133683307
0.08716130268931206
0.1865759553114461
0.30617761627902723
0.4345061305486157
0.5551654810886476
0.658619022739206
0.7223544535397013
0.743971308532309
7.646795817072194e-05
0.021557893087084536
0.08503196320872813
0.1812377986623214
0.30060613568746997
0.42782765636369585
0.5483357804509877
0.6465168796196876
0.7097953881004528
0.734242978492345
0.000156654966432724
0.021203073072614983
0.08249459491123824
0.17772297205103485
0.295737413044853
0.41852540318727216
0.5339646932192105
0.6309670923123475
0.6989015298089976
0.7209140870138631
0.0002317820434463663
0.022409907316372032
0.0856667340135229
0.1826324067694236
0.3010133138008255
0.4307501515507417
0.5516179846870245
0.6467934392820783
0.7083561781623626
0.7338106026998953
7.855744284387686e-05
0.022538721321362132
0.08667038601646924
0.1859857110419674
0.3057845421460723
0.4342030039674641
0.5535348629353702
0.6561838962853083
0.7204391625033806
0.7421311513725956
9.050995311781929e-05
0.021667970303550294
0.08550338617659843
0.1826814882383021
0.3024510065791542
0.4304423199663798
0.552920003888508
0.6530407760845482
0.7154000139166493
0.7389602169811803
0.00021328023919986672
0.021506127974700664
0.08364285824124221
0.17950668029291075
0.29694477475889325
0.4234728140755864
0.540767840064435
0.6393004732373044
0.7026369679356123
0.7273592366578373
0.00020647955979051245
0.02164926375838864
0.08472959842220044
0.18113831132701327
0.2988800682830794
0.4240341765475683
0.5452813894812143
0.646035553234814
0.7076471388246132
0.7289107309024229
0.00011974303189286854
0.020999068851690908
0.08203892707937356
0.17539164828290094
0.29143144107152236
0.4120917138799096
0.5257356362727431
0.6188245736267627
0.6844963717457727
0.7073168276077321
0.00010210448606991127
0.02141625859377061
0.08284618265186798
0.17664874355275123
0.29207176443716165
0.41597335559150533
0.5326575812369787
0.626099338132963
0.6891932004458274
0.7116000728600843
0.00015519260047673836
0.02152685521226444
0.08309029994150588
0.17853942472902867
0.2956583580776542
0.42220152284727874
0.5390133862566652
0.6354900547195305
0.698223911410062
0.7237749722531881
0.00024494624565269703
0.02189163858624108
0.08553888491334886
0.1826852201299878
0.3005206174816829
0.4263222483815782
0.547354678734237
0.6486889593169346
0.7098092290165995
0.7305438213580601
9.179000213718797e-05
0.02120593766954735
0.08277835168686813
0.1761878555449177
0.29278609745063744
0.414255364738411
0.5285475416701308
0.6222832529830591
0.686880817901781
0.7095888890272652
6.137485383303368e-05
0.021218197137504696
0.08209780368774564
0.1757540050194179
0.29137185828493917
0.41412229983395266
0.5301717185970573
0.6238320680633312
0.687147947081853
0.7087667818936731
0.00022385638760007002
0.021472678104290648
0.08291482710440595
0.17805877593305663
0.29432280647138964
0.4211806604012836
0.5380173892728277
0.6327502905520723
0.6944426405277863
0.7202082449209911
0.00016868213248784415
0.02202011484791027
0.0859404136430433
0.18364434453378375
0.30168506867334854
0.4280490256380096
0.5481079159697929
0.6500300649204837
0.7113307210428734
0.7316638755691977
0.00012293958873453966
0.020117464634816618
0.07653024156407431
0.1637711414766336
0.27042412122354953
0.3854195224972754
0.49099217686925023
0.5767775177009815
0.6350713495248179
0.6579148249747367
0.00014433861167530363
0.020187604555250156
0.07893432956631954
0.16836977382399004
0.2765310129538206
0.3934012969719714
0.5047248868287906
0.5979013979393818
0.6546395793951149
0.6746181411328261
0.00017696635694707018
0.019425539077689097
0.07621189614203203
0.16322817444540208
0.2713355541225467
0.38618737963086724
0.4946331425598702
0.584089598385911
0.6427695379645403
0.6649203441590366
0.00017984656303300796
0.0194680635604429
0.07572322869502844
0.16240199220680046
0.2690391199210609
0.3805809769664298
0.4872441720415366
0.5748750193460189
0.6341983262525818
0.6533624888341144
9.525222766265833e-05
0.01991193171042728
0.07609322071848458
0.16235824899402698
0.26873595356522967
0.38300469811643817
0.48775028222496825
0.5716689372600922
0.6303506132139404
0.6532696493697301
5.5291851819311915e-05
0.020120723061368705
0.07823274451965521
0.16744048568566278
0.27564262876033907
0.392048532334162
0.5022933343035583
0.5943698294681691
0.6512813989888245
0.6710347375815534
0.00018291221833614227
0.019586720971645422
0.07688494764152062
0.1647781540467564
0.2730429095304574
0.388296858106606
0.49761277285162153
0.5877904560706434
0.645458226047824
0.6666670914495485
0.00018798482163047685
0.01967695529762322
0.07665290427286629
0.16345717556776163
0.2706148011145825
0.3825509086459548
0.4896163067229295
0.5772489999910614
0.6359762574173038
0.6545249959924299
5.0857431772844194e-05
0.019798707515606497
0.07567118942879023
0.16147495852402086
0.26814900014137766
0.38194820929878714
0.48667448355902365
0.5700426405639443
0.628523793129278
0.6509354668747723
8.015965783661e-05
0.01991116224288771
0.07727939405276209
0.16611661653184354
0.27379775197771405
0.38995439960199463
0.4996221805295172
0.5906212382582817
0.6474626226040842
0.667713911784226
4.012052499340597e-06
0.001143856089021748
0.00435999899134431
0.009138914925687422
0.014742001843672347
0.020839117871339546
0.027103786585837744
0.03209522157195059
0.034633970983449114
0.03522651563527349
4.687165133940916e-06
0.0011767378172123978
0.004449404314293211
0.009368737881350247
0.01507322010775151
0.021481108515067206
0.02783760665189982
0.03293795324660845
0.03546724988004296
0.036319961244042354
2.3671724309740944e-06
0.0011384748012755453
0.004293681534572745
0.008876032929880071
0.0147079472161622
0.021447861230055373
0.027482440777006657
0.03147027382472088
0.03413587761710531
0.03596376632611438
2.0644605508321325e-06
0.0009969835251165027
0.0038175646557751545
0.008322172306167646
0.014110495934910944
0.019589842946217798
0.02423737582048763
0.02871596450537864
0.03274118266862185
0.03380084124606299
2.6588289348094213e-06
0.001084576052560132
0.0041259794183322795
0.008792049226802342
0.014411525245128209
0.020056194915087887
0.02552642844876892
0.03034412272680077
0.0335143668483333
0.0341024495145548
4.306479354134108e-06
0.0011631083814819464
0.004422955881895055
0.009438397855703494
0.015171728073178415
0.02133355813172939
0.027509156951385654
0.032938948700867214
0.03566841400677855
0.03610869929103692
1.4310403020462213e-06
0.0011630916662373216
0.004440404924836777
0.009165099286035958
0.014898441723897728
0.021698081925134505
0.02821925252222752
0.03255261649196063
0.03465863598221761
0.03611246874521721
3.886246600488955e-06
0.0010015039142265707
0.0038014512929878926
0.008185692873018891
0.013921009459733064
0.01963343464880545
0.024248792455965715
0.028149545079144137
0.031704474743444684
0.03315056405995364
6.820165717365998e-06
0.0010701294414027383
0.004045947905269317
0.008639010784824574
0.014357172154615655
0.02006932676399744
0.025232557560928324
0.0295940816070906
0.03288397505170054
0.03372923821179019
6.531520811943498e-06
0.0011295625370934773
0.004300194500505818
0.009277732757632303
0.014999109489416098
0.020883590524883085
0.026673474970777353
0.032148592173120556
0.03524484524481792
0.035524615152990505
5.925762255624902e-06
0.0021314149873928752
0.008133583889213508
0.01688726608968203
0.02727208465691586
0.03893008490159901
0.05074151089350381
0.059473561423725736
0.06381427451794423
0.06555092818542003
2.0417547497744182e-06
0.002052473173603175
0.007713424146186884
0.016086758285848678
0.02654846383727242
0.038284654463362745
0.04889400453950794
0.05649799937020813
0.061659522445435475
0.06449318335032732
3.847726688105615e-06
0.002016333382504895
0.007485726512097685
0.01587764823047774
0.02655407310068854
0.03773891704004534
0.04738992962139104
0.05513783763392491
0.061309107191487466
0.06403963809634042
7.334270582204288e-06
0.0020102031265176908
0.007579754679782476
0.016390222973540754
0.02701018275772958
0.037425533621164915
0.04713274802717903
0.05646069100792761
0.0628750155962405
0.06399946761436409
5.861397708340122e-06
0.0020668899310091154
0.007991597795213622
0.016957192653886205
0.027412575341908205
0.03843562252769468
0.049767529738232764
0.05949815893124664
0.06450117595045994
0.06520754401242836
8.679780351293569e-06
0.0020693116772790773
0.007862306443213838
0.01641466654893016
0.026757475629094654
0.03826080122956396
0.04936139819118031
0.05765207892746054
0.062342363641663553
0.06438063384297607
7.598116313928037e-06
0.002044109132461449
0.007599809421216158
0.015898977511987347
0.02642429485506997
0.03795074514306845
0.04799925267692993
0.055159859758164564
0.06053057028062135
0.06349798316458762
9.258737613247654e-06
0.001966546395232912
0.007385415285172732
0.015931885254493332
0.02653764767870315
0.03698642359122746
0.04602830776493706
0.05442749449736041
0.06092674646327713
0.0626152638661346
7.112076621799166e-06
0.002032499007690913
0.007824973257510909
0.016793236018706855
0.02731867186383332
0.03795407912324422
0.048518160254884576
0.05813542557192335
0.06371030620064161
0.06426680747310652
1.5071843446564575e-05
0.002076364745081583
0.007948318557828576
0.016728324008434683
0.027079024529447764
0.03830582880586641
0.04949952303884951
0.058375018621613664
0.06294854897773075
0.0640890451445288
1.1495014201725407e-05
0.0037041074177721033
0.014036683695228015
0.029293773553337323
0.047709706443710274
0.06822613644806533
0.08804208127859625
0.10291885197590445
0.1114240281706547
0.11494724944863399
1.2350621717587904e-05
0.0035769586633128967
0.013213692164318112
0.027762744167887213
0.046534768591212666
0.06685474338298461
0.08418798132874893
0.09706146681894373
0.10727097220019159
0.11286543572546466
1.1635822833116753e-05
0.003536565656714518
0.01354412910311862
0.02914738095207201
0.04794600015722825
0.06715300073833914
0.08518813837101255
0.10159358120619104
0.11233569837899651
0.11489641482465353
1.135427208895284e-05
0.003496376642213582
0.013413113283411583
0.02856849946275754
0.047012416128356375
0.06605848139701734
0.08421854782488082
0.0997701294868825
0.1098434693675478
0.11256043965329496
4.908983174175448e-06
0.0036739265318471684
0.014091929796662465
0.029758389182618045
0.04808765637711779
0.06782497237792233
0.08784590478347361
0.10438582568362681
0.11298538046187084
0.11482933281582315
1.473996153653843e-05
0.0035910669004488886
0.013374489796942472
0.02795349119915905
0.04649184693178727
0.06710374843390823
0.08539293578890926
0.09819975302209782
0.1072991673668076
0.11251972600346916
2.036652597915831e-05
0.0035296071047437676
0.013384058990784441
0.028683993281829877
0.047396134328834987
0.06683889727362281
0.08442663100149213
0.0995998915834061
0.1099290257515876
0.11315847042406503
2.1813863578616528e-05
0.0034870364951177556
0.013291225423026779
0.02843188106338526
0.04699298559004402
0.06582426120823251
0.08324584344266811
0.09847005465191101
0.10892682035266936
0.11165424971341649
1.953797304703172e-05
0.0036352099430055733
0.013978902841239942
0.029774511416128465
0.04813540781070706
0.06726187999364325
0.0866549007545538
0.10363966619729748
0.11274228103152935
0.11372372921342826
6.0693357842960895e-06
0.0036045144905381935
0.013570897910062996
0.028324217213880377
0.046678459510287734
0.06719817982601711
0.0861971578082213
0.09946948058758281
0.10778285236588123
0.11209229820069853
1.5829803499392737e-05
0.005039987616410481
0.018845714851581197
0.040215411981463424
0.06692206453375289
0.09498709410953399
0.11993739185478125
0.14029838749761364
0.15546160036090995
0.16150333036261438
1.931533586442892e-05
0.005207769349730235
0.019613977889999343
0.0414578160425846
0.06819373978598506
0.097582679754496
0.12432568964353068
0.14544552798423974
0.15927502633968443
0.1655927944641906
1.3852744846773664e-05
0.005140769718475119
0.019681104903873016
0.04239139927566913
0.06977596122701021
0.09734731467581459
0.12337893579331528
0.1479385339559809
0.16367413768167333
0.16702890627694722
1.7269906796839677e-05
0.005137225386568175
0.019880287709051748
0.04181409807762442
0.06833462524524653
0.09700174744364363
0.12565598899763
0.14792166120746109
0.16054414171459325
0.16454556972346193
2.5987508349368924e-05
0.0050036932067964186
0.01891895805581919
0.0401070652677455
0.06645500687280155
0.09439886742062
0.12017952148287717
0.14046223586719653
0.1546494145851787
0.1599699244167522
2.4329236339029595e-05
0.005277971252307705
0.019745920498325544
0.04151108995113387
0.06820965999212336
0.09797427877124495
0.12499142536274632
0.14524685764439108
0.15834317072780613
0.1648233239575783
2.002817808984051e-05
0.005104352314274381
0.019430039486362318
0.041858280017946205
0.06925112878780042
0.09692535595158669
0.12214536066789025
0.14566647505822197
0.16174430223274036
0.1660257020378301
2.0612152098169165e-05
0.005132271038762568
0.019895194311274168
0.0421047534422973
0.06878721855388394
0.09703006004767983
0.1253089319462477
0.1484440654367911
0.16152139457206488
0.1647055041239444
3.725016184688463e-05
0.005002712405369593
0.019026529291199242
0.04034979040855365
0.06653799188330706
0.09395238829560468
0.11989728389365552
0.14066270930382732
0.15447089669242378
0.158683130428274
2.9380734896480892e-05
0.005327685020246631
0.019884204103872538
0.041743859689548024
0.06845733057306895
0.09859771825239992
0.1264999027949741
0.1467863193919694
0.15920768342436875
0.16543461890956745
2.5084796438533917e-05
0.0060603387600472805
0.02244565935127359
0.047572486043114585
0.0799482200009551
0.11411648471315657
0.14309435210126534
0.16609470648509728
0.18523357698784132
0.19452704822570274
2.440595335411592e-05
0.00641276711955248
0.024601095891641042
0.05315693266473312
0.08619738883868684
0.12037548399335742
0.15460225592503665
0.18643299649487324
0.2040081739138257
0.20625549693855014
2.58404309292658e-05
0.006105436868906809
0.023343293663645102
0.04921225816783658
0.08140840829434062
0.11674319548704486
0.1491519778533653
0.1739208009458735
0.190168788983889
0.1982385808848461
2.6583333029567942e-05
0.006226444914143756
0.024154827882225005
0.051178258534592014
0.08352016670260937
0.11747047073583144
0.15141554956561817
0.1796806086334694
0.19615725121664934
0.20008929767353062
8.22024736538989e-06
0.006173948927552267
0.022914077309012522
0.04799476726628768
0.08065035485039657
0.11619478210795593
0.14692441955706864
0.1686545864617676
0.18647413347635958
0.1966106586763666
2.9455236162735467e-05
0.006308765907996637
0.024075327585482767
0.05213408952802313
0.08505905601180402
0.11880810619451086
0.15152740319152058
0.18217031721380597
0.20057770844213257
0.203586817095977
4.721902713015595e-05
0.006157546848976152
0.02342909769725238
0.049544302704182315
0.08176129575761229
0.11686074199986465
0.1489882673890135
0.17415458073739323
0.19036114455587097
0.1976815195536518
4.166134356096933e-05
0.0062973574945215105
0.024404644541422073
0.05175363028001443
0.08411091759664534
0.11784944253828833
0.1519689528035725
0.1809683763225338
0.1969394326967792
0.19968432376220388
2.648036525714716e-05
0.006189887770322414
0.02312221671862944
0.048314520592730364
0.08089838149807284
0.11697399488237409
0.14903074326081173
0.17091201626943406
0.18771216839194263
0.19779573803178965
9.395643392105524e-06
0.006200320279793488
0.023665951815469218
0.05117960624134087
0.0838561141730925
0.11742021421259932
0.14922572326616562
0.17841855544799098
0.19706682999928365
0.20072024242975636
2.661056215183897e-05
0.007094298769787321
0.0276200958059544
0.05855298094006563
0.09485273558400147
0.13396376527526468
0.1739185350150951
0.206899233173898
0.2242164798939485
0.2284022384857523
3.25605117329475e-05
0.0066422237885576975
0.025156207930257326
0.05394237162623048
0.08968378565631326
0.12628686036944595
0.15904139111442922
0.18790516698003729
0.20909348649769904
0.21613553904523983
2.2233981161679757e-05
0.007127415556260876
0.027478417586917298
0.05744690418595167
0.09297917642269468
0.13248011020952263
0.17304920119607448
0.20359540202873389
0.21907147698960128
0.22437022563710848
2.5225549416954152e-05
0.006600116406430689
0.02448447049010083
0.052328844073521945
0.08821334850683257
0.1258794435495469
0.15709231701894874
0.18256984101667215
0.20436133621706556
0.21472370488310008
4.3917240328724145e-05
0.007046448107498409
0.027250925027325946
0.05792889232517889
0.09432692050835555
0.1331478923075461
0.17174523034836062
0.20370383434314712
0.22180137481666906
0.22635996852990026
3.239351721457047e-05
0.006615545210632719
0.024974459550868446
0.05366715206732723
0.08948565027319727
0.12592126786078447
0.15777300665829289
0.18602206871400087
0.20740204242326293
0.21467113310044583
2.294333161976878e-05
0.0071433266713202
0.027656184081107434
0.05810539888906769
0.09376547843301172
0.13266846825946438
0.173317229746604
0.20553663582371093
0.2212157053417645
0.224570871402176
2.6640986453350573e-05
0.006575249830056367
0.024559182791135715
0.0521967426753998
0.08778516043909618
0.1257626403406278
0.1577011103176879
0.18224124224446878
0.20238848675574161
0.21280373905233377
5.5252598938699925e-05
0.007083355881038527
0.02722147661029076
0.05765476757520553
0.09399553845512695
0.13302205765764424
0.1715283165847178
0.2027326997876749
0.22028229806400318
0.2249855629897572
4.1891982476832985e-05
0.0065781019026259395
0.02484613321872253
0.05339439525728451
0.08935342349569143
0.12603768029442966
0.15735849334189358
0.1845543702370896
0.20606614227223485
0.21403233927244952
3.7586870458066306e-05
0.00773069854582023
0.029531664817869306
0.06397293765091738
0.10410717082494148
0.14421513945136524
0.18356577101119648
0.22183100082403545
0.2450437780601853
0.24714694571136486
2.8442646231164318e-05
0.007709628260211882
0.029695117474091454
0.061708618164519564
0.10102074871403595
0.1458284513614113
0.1893914735000043
0.21993850221312175
0.2367709458518242
0.24612652438469648
3.742506985398856e-05
0.007275043240640352
0.02779218409890682
0.06016580349765658
0.09960448429818976
0.13919055216492954
0.17577634013608412
0.20946879881095892
0.23326941344452434
0.23898921064581688
3.172071596963691e-05
0.007669993270380747
0.028829540290721798
0.060012262770357594
0.0993442451804032
0.14370116026523794
0.18387406644716994
0.21173908563501798
0.23037864479112163
0.24144524851645907
1.8132029998745545e-05
0.007453466376544358
0.02821789049654023
0.061469655080605964
0.10146156426747863
0.14084517700389595
0.17694013801918107
0.21260926991769122
0.23766152804533305
0.24194109761817875
3.96515049955183e-05
0.007770127024664919
0.030024368645297412
0.06265820158478386
0.10215089793355167
0.14653637406820322
0.19074245964235037
0.2230004237222396
0.23992913002782046
0.24751809595239554
6.022123585329795e-05
0.007274205139130664
0.027849556921358303
0.06014951464698664
0.09937599348687505
0.13878733316266806
0.1752825167800596
0.20859505032675776
0.23176615915090307
0.23709528679693548
3.847596222093442e-05
0.0077473495185884644
0.029109147550251947
0.06046134855080137
0.09975443846068813
0.14445283413431598
0.18556408830557955
0.21329000807252949
0.23086788902892205
0.24146008567297952
2.9796948327716218e-05
0.007286666481337271
0.027644718756835985
0.0602028428430594
0.10006158532344211
0.13945546372950662
0.17407420751968952
0.20758547405396163
0.23262438341761008
0.23860207664437313
3.2575769638387356e-05
0.007828814036841273
0.0301787050672265
0.0631725448153381
0.10297560651896505
0.14723408074314376
0.19133329550618552
0.2241620657831196
0.2412856859629333
0.2477858955285457
3.303252248421041e-05
0.007816067904320729
0.02928500809578831
0.06160605361209721
0.10292401105357331
0.14851297922417045
0.18827594696115665
0.21667419008473626
0.23833470232437126
0.25098636350664294
4.418858854388012e-05
0.00837378062593767
0.03237713390209753
0.06906839845676481
0.11156729972928421
0.1566028287712278
0.20204265331254476
0.24185214142611197
0.2631596910136619
0.2665742862381424
2.8023934619203145e-05
0.007988104659889667
0.029859602873245364
0.06256534034610782
0.10505749848089649
0.15155976721351955
0.1914312416775087
0.2203957704914717
0.2431367358856979
0.25645262385561257
3.676865188488272e-05
0.007935366780650509
0.030887634049598333
0.0669224595519865
0.10924914990577113
0.1513702306031616
0.19386743517495758
0.2342561078301599
0.25805624946873984
0.2600899795235917
5.425051779184239e-05
0.007868146320423902
0.029566233570013582
0.06205904293002703
0.10341990165075883
0.14901786540761588
0.18951157533239996
0.218554705989323
0.23975309088991292
0.25147925137314925
2.8792027552998486e-05
0.00835988997636816
0.03211018763964031
0.0686783726839677
0.11099277486307246
0.15530581548424174
0.1999644561882182
0.23996202743456221
0.26160451410548113
0.2644115029194858
3.150687079173819e-05
0.008066342132015994
0.030297603378910996
0.06327664396204184
0.10570254694182044
0.15311347581786416
0.19473212352664493
0.22361170973272146
0.24461581526314166
0.257773703197423
4.179144693880479e-05
0.007866083516652349
0.030590087698417492
0.066356118475646
0.10870142263266513
0.15070401311751092
0.19197699116082967
0.231353000536516
0.255801165679892
0.25837788419020025
6.355094723246452e-05
0.007905580972874813
0.029660839922867374
0.06235332403351438
0.10381827043211203
0.14927524475801993
0.18976917146665986
0.2189113985112108
0.24001082423476253
0.2511954726533098
4.213315935619843e-05
0.008252786418779816
0.03165738433297269
0.06800834799918554
0.11010222614950102
0.1535334218006955
0.19684793132588366
0.23670220238222325
0.25906023961096764
0.2614579440436841
3.795606080914173e-05
0.007809282021267375
0.02981282529381635
0.06196267947699119
0.10155923857129058
0.14572215517586398
0.18894161350930863
0.21964918184579493
0.23784636183296584
0.24601147862876363
3.090936730983325e-05
0.007465954173182415
0.027566424504183742
0.05945772212741835
0.09969515375002942
0.14150446413807094
0.1768698973276814
0.20734677033673912
0.23165033539671598
0.2418346953381769
4.810430390433582e-05
0.008034319870495712
0.0312299685261178
0.06590985860356469
0.10679099760955643
0.15211239725991435
0.1975122857475396
0.23329502432333055
0.2518091173470724
0.2580571749179629
3.680245630581423e-05
0.007474365468477004
0.028631324970155806
0.061584820653423744
0.1024307478925638
0.14297752436821332
0.1800924395516728
0.21436990061943162
0.2394927512175709
0.2456085147718228
2.229798114260174e-05
0.00783931341291901
0.03022214093236539
0.06336862384822982
0.10314888758629448
0.14659255772898583
0.19083389147833632
0.22479224120762875
0.24303008442303503
0.24857358979017238
4.0599331155096795e-05
0.007367841007047231
0.027316613973103695
0.05861602583493735
0.09836899410485023
0.1402229161206058
0.17561668248182905
0.20467270773719462
0.22815669884825998
0.2389343712859184
7.718463430029058e-05
0.00814771800319585
0.03127538135730209
0.06586178167758301
0.10687837940656458
0.15243791468939547
0.19746176967607307
0.23280468941470636
0.2512310635720906
0.2577830777482451
4.145523109706153e-05
0.007491724965794396
0.02863087802413753
0.061623870820446215
0.10265627987239027
0.14351718714198597
0.18030668162312768
0.21431302481057082
0.2394987721614845
0.24652232243912903
2.9024329139697748e-05
0.007805999176924507
0.030263067138439043
0.06379022216998025
0.10366647039906755
0.1466040518159346
0.19086735311242103
0.2262263138600975
0.2450277968191353
0.24925347544717708
3.828837687618562e-05
0.007316242461861649
0.02727275886724144
0.05843698991749069
0.09791720168702205
0.13958399295013904
0.17508693538055753
0.20376512205050434
0.22672454256165347
0.23702026104288315
3.258290518117311e-05
0.006250778339934482
0.024476897052998634
0.0532560506583541
0.08741990033486854
0.12048300501291119
0.15359813750618198
0.18598473356467693
0.2067074883565649
0.20839703180717736
3.6319517512932826e-05
0.006369092042531838
0.023685048151713885
0.04894150879908998
0.08181421998429698
0.11905856081062696
0.15177713896095588
0.17278435510323237
0.18930891893445217
0.20047935174876066
2.7055202306563874e-05
0.006665546843285724
0.02505541276934218
0.05475546737019308
0.08900336430270794
0.12349163725419322
0.1567257539049295
0.19016670508588113
0.2102523524512304
0.21231681037743008
3.5439922515676795e-05
0.006721616548015146
0.025665877681511517
0.053270710673085454
0.0876899714903877
0.12732916107792094
0.16501713532551554
0.19033505238170242
0.20520517178414968
0.21484138241561712
5.1297328524541305e-05
0.0063003516808258705
0.02452200986559518
0.053261836732988954
0.08746191136344063
0.12052859196490211
0.15303503425256115
0.1850326949557549
0.20607477152738796
0.2079626826793284
1.63983346825862e-05
0.006482894666397253
0.02414259297858208
0.04975581263749942
0.08298399245645573
0.12059481289590983
0.15460011052695682
0.17607895834674916
0.19215941427673744
0.20272061477525186
2.3376202165688474e-05
0.006466779837876351
0.024317346534662526
0.053208267363944954
0.08729344707376466
0.12109329565288986
0.15261657530173336
0.1843649434394462
0.2055524011573025
0.20871520866390653
4.6594645519761384e-05
0.006826956748505733
0.025968581776412192
0.053873959946167824
0.08837660459399166
0.1282032328516046
0.16652124894519224
0.19254891127583468
0.20691458236203314
0.21587673266082505
6.228613463483307e-05
0.006357164822944237
0.02466729016768012
0.0535015870648272
0.08778395880190017
0.1208710011367714
0.15324064299413445
0.185398077249388
0.20635247591099407
0.20827914657213495
2.2677882183807707e-05
0.006558981935708755
0.024616937138351003
0.05075098181269161
0.08422146230714812
0.12225375000810834
0.15787937174444644
0.18052206240920005
0.19590248172721017
0.2057471800460056
1.9197353082734936e-06
0.0008586848949183115
0.003408670661181831
0.007548236487940377
0.01318811758104722
0.017312076303984233
0.021170008958135426
0.02579829211784253
0.030663909384342512
0.03083466822699675
2.970138628930736e-06
0.0012008429918679436
0.004308797182931435
0.00857442850170357
0.013915784874672314
0.020726740287304455
0.027750065152355504
0.030602530482900375
0.03240487849227044
0.03400635885038002
4.92521187874787e-06
0.001211595522056809
0.004277410597429256
0.009784929238363677
0.015768466196147912
0.02217287674769491
0.027164440956997108
0.033273129863954094
0.037203478008225425
0.038057357667573274
2.4126555195626297e-06
0.0012840597052400963
0.005217620610480075
0.010580782985652607
0.01678928402950653
0.02428795781857426
0.03256608343863369
0.038460758792880745
0.03993770101444003
0.0409062945122625
3.198966569125546e-06
0.0008507524451647745
0.0034136360249666267
0.007593765008578249
0.013304336051537012
0.01759747887460772
0.021246251163452242
0.02599649968788258
0.030798044744320113
0.031423201725840774
3.539909259647263e-06
0.001177614296284744
0.004278821333371852
0.008480090605371315
0.013858140429334961
0.02038328049978998
0.027350626909817318
0.03033312342778628
0.03225720432310172
0.03361705043750477
1.0592415825391306e-05
0.0011740981613273598
0.004072760424892466
0.009176603031434962
0.015063165929399491
0.02139858392686063
0.026082226135920417
0.03115271880581165
0.03512741242578918
0.036512615776938005
1.4066669692602543e-05
0.0013649553654029322
0.005437342113740689
0.011121377073672837
0.01738226258085473
0.025152252754312557
0.03385734516753244
0.040336572956817134
0.04161147535441845
0.04229150378785209
4.436988194675531e-06
0.0008588427089496909
0.003483233666484003
0.007800352226855092
0.013560584221319595
0.018128605402502267
0.021781158024429637
0.026789248176636585
0.03145534147096962
0.03233739222295561
2.356974392750458e-06
0.0011506636278608938
0.004256945412485843
0.008445263795304726
0.013836054743108787
0.02005921003587685
0.026943485817160582
0.030332009213010897
0.03234650106681666
0.03337793557809192
1.3583129694959409e-06
0.0005692502259928956
0.0022931189940139478
0.004402745427613205
0.0072977031188229645
0.010848882458220048
0.014430720836136404
0.016151669186950608
0.016865473389027223
0.01795476873676154
3.084587171511793e-06
0.00048022439417094666
0.0016861512767674925
0.0037672593111087557
0.0068155794204966475
0.00905622584515496
0.01073513862591851
0.01259544781544358
0.015288971733802195
0.015976592722913057
5.69518454813879e-06
0.0008292668498967165
0.003072360886665324
0.006090966949521937
0.009427413289419564
0.013937860625178199
0.01944820682736286
0.02189773394588768
0.022336911425910242
0.022624410957101496
3.8925900734274e-06
0.0006048888352046402
0.0023399995212604417
0.005373475334802074
0.008826849757077268
0.011686900515169652
0.014401960286775177
0.018010056108628755
0.02088203629440323
0.020446252722812842
1.6118404884036267e-06
0.0006106183264800397
0.00255464052112042
0.005043101391848328
0.008025548304784276
0.011696805110713433
0.015807298590955237
0.018565832055779555
0.01904939713804491
0.019562529957192622
2.7631427093067827e-06
0.00042614299091357587
0.001559991867161532
0.0034616675076808916
0.006385056085484592
0.008519778520438014
0.009900328136224434
0.011575860209090507
0.014092168018386527
0.015075662541253677
8.791373679399084e-06
0.0008269663807034075
0.00305547505278032
0.006010993003015608
0.009348080096831907
0.013750726499262027
0.01905855480907124
0.02156275044900217
0.02188190828782291
0.022251596131028773
3.4190489938967415e-06
0.0006140789575265417
0.002332645310039923
0.005285969290986377
0.00873019697765345
0.011776597275137888
0.014372098667455237
0.017777324060803602
0.020447677448630387
0.020546114878567445
3.169708490771217e-06
0.0006462392894601564
0.0027065991155557144
0.005449173963935373
0.008502231919621567
0.012233320051537001
0.01671840544390511
0.01997804335420515
0.020416071890452653
0.020479720669288326
2.9049837744819134e-06
0.00038769695141964677
0.0014967520621600226
0.0033843947486021835
0.006208971651770706
0.008381844012662162
0.009559252585749486
0.011154558230481731
0.013646920860355136
0.014584735239292455
1.0022410006810809e-05
0.0009713694642307916
0.0038898967712196453
0.008983439669607508
0.014948688176869463
0.019797515007989264
0.024119540864005428
0.03055628369498966
0.03517669463062133
0.03502515197953729
6.702443139347765e-06
0.0011464817962789273
0.004435849431958269
0.008733103944542013
0.014313540200419216
0.021459282441981132
0.028479960985421958
0.03179768207367148
0.0331286796354155
0.035425893926251784
8.121769872191938e-06
0.0010455014412650207
0.003974320605338267
0.008985537171348293
0.015036079944728045
0.0203773288316055
0.025192665445278997
0.030616783962626747
0.035331742466414094
0.03548728375048971
1.1587894154154735e-05
0.0012918636841247847
0.004975826549237293
0.010104731512191302
0.016200995606257977
0.02429173185216294
0.032474720056056255
0.03697970547526595
0.038339621693839004
0.03997636317199507
1.1776947449622347e-05
0.0009567434238902397
0.0037056063761350864
0.00863474129823293
0.014536599877615679
0.019617239325337047
0.02354459597778722
0.02920707689452107
0.0340354841664731
0.03442494269046868
5.052765633877559e-06
0.0011519183530782889
0.004523043995608727
0.008986147981393654
0.014591610360690422
0.02163345134415783
0.028785359560258843
0.03267765334835888
0.034070007955417224
0.035811546083731535
6.000110062154082e-06
0.0009915301592498663
0.0037465283601658852
0.008457949764338769
0.014389692519431152
0.01956838620611245
0.023934847555502403
0.028726566925543474
0.033406719208098234
0.03398191464157226
1.4245817754482575e-05
0.001330643792407012
0.005153190857891836
0.010446698314020259
0.016583938083685364
0.024609727578478777
0.033298366496709496
0.03806191203128039
0.03920056811157369
0.04037104533225969
1.007214018957138e-05
0.000975203684129259
0.0037351293013497986
0.008583656619878076
0.014521258883099028
0.019797466296269856
0.023785043881792516
0.029017679741309296
0.033770708658611495
0.03448566500100495
3.716926157242691e-06
0.0011674776576573406
0.004607917283160816
0.009255603550681479
0.01495994642828416
0.021883236865723295
0.029301492763877557
0.03364671943526061
0.03519344044967108
0.03631033745150075
2.2001838454486357e-05
0.002455785373211466
0.009325673563597633
0.019566662649239095
0.032804517457843414
0.048381415895557056
0.06119746586140301
0.06989072713933074
0.07650779519814117
0.08162080285774848
2.4328232431177656e-05
0.0022927768228732026
0.009393867240867809
0.0208781575342527
0.03414638930709774
0.04630904878450707
0.05884503192423888
0.07318072468589665
0.08151665360817635
0.08106629841361052
2.1892431080917446e-05
0.0023472959984097495
0.008918351841037564
0.0182602266978603
0.03099235796380274
0.0457094937223128
0.05863155331005107
0.06584475454276559
0.07150878981065163
0.07685540752534067
1.143588766334717e-05
0.0024834938190488303
0.009782270868100188
0.021403949422105106
0.03473259867830205
0.04789117342516182
0.0615343105814845
0.07464209035922545
0.08248520920224572
0.08254618695190029
1.6899297564799026e-05
0.0025628528359470685
0.009755560668648633
0.020248742486546387
0.033560619246342
0.04986524258388653
0.06422632566389327
0.07308325009746393
0.07866909260997297
0.08356248587796045
2.0188483425223924e-05
0.0022717725241363455
0.009187301734897823
0.020641085990257584
0.033881377951054205
0.046091533663233146
0.057984520623419016
0.07195725144718493
0.08072991025728994
0.08063462984850286
2.0680637863207768e-05
0.002347231139972201
0.00907667058439942
0.01861045709250948
0.0312611615588359
0.04594602315078697
0.05913825523013024
0.0669844328157319
0.07242629816256399
0.07716145732954642
1.0658929642032698e-05
0.0024380695577782435
0.009525112626440627
0.020813246522650472
0.03406157065721968
0.04690221131827299
0.05989767238183938
0.07252378687580384
0.08061923355028908
0.08087255677502389
1.0642473831379685e-05
0.0026258751764378684
0.00998786578710923
0.020712614195838638
0.03409524788005553
0.05058599678630897
0.06584750819819835
0.07490522639389031
0.07983095642409861
0.08434993868484662
2.6249874893741003e-05
0.0022735619660988666
0.009091754326360623
0.0204569801745899
0.03368197417524713
0.04614932744126831
0.05768433200670914
0.07094627192209804
0.07982749497515645
0.08024249074147334
4.5555350237837776e-05
0.004911752180175216
0.01914066929868502
0.04083728758128161
0.06559601420075782
0.09337113038994571
0.12235403508720027
0.14539587611779206
0.1563178408784701
0.15876951889834448
2.7172546956301008e-05
0.004338190294641985
0.016740795562218493
0.03664232893880102
0.06121453968809
0.0866188830297145
0.1083284720641885
0.1286723018855809
0.14406734607485813
0.14941438624760017
3.159572847812167e-05
0.004409088605616907
0.01812771901192374
0.038133676719680175
0.06212604328208473
0.08780601134740196
0.11482788750770091
0.13690241437268988
0.14781347401835546
0.1504725217029239
3.338714886838839e-05
0.004169854673569514
0.015689969185731015
0.03354374167810285
0.05760107123659276
0.08249782398597634
0.10320308707790675
0.11871847885589719
0.13353928904087878
0.14123945998124815
4.157055703278085e-05
0.004887878080935842
0.0190039519074156
0.040488181878336624
0.0653537994909253
0.09281757710946234
0.12131149419690213
0.14381607892953827
0.15529175537417916
0.15793064615794283
2.9181005557805823e-05
0.004384289500095662
0.01681661875750437
0.03667502759160929
0.061371382060711514
0.0872830267530602
0.10910434853410023
0.12894858601077971
0.14422382399708333
0.15022924084977143
1.348199729840038e-05
0.004441410704524761
0.018148380382292266
0.03857643867501627
0.06271144011006209
0.0881147410266114
0.11498392567646684
0.138294309621837
0.14963529635080589
0.1514760287206094
3.20108473177873e-05
0.004101837983512518
0.015713967898449727
0.03349693334458006
0.05728827969487215
0.08212355875904473
0.10305834155404893
0.11849168405820151
0.13265155807676682
0.14021961269828695
2.6659164552706503e-05
0.004895899407593239
0.01890961685626307
0.0400285370378191
0.06483554547032365
0.09217181294433975
0.12027983411398312
0.14227832864030268
0.15380357969315947
0.15654040679779166
3.0197787830098203e-05
0.004441475967774593
0.016850064829474414
0.03666504479596179
0.061475599228427366
0.0880837962434248
0.11009862358832466
0.12924548182233606
0.14395177673927195
0.15101398791405277
5.39820338724776e-05
0.007053525974747898
0.02734986234614433
0.06014292260723154
0.09935148541731578
0.13812541834219053
0.17485836949959807
0.21036571640541404
0.23554579591734603
0.23920598083950406
7.536641066514436e-05
0.007548588386291354
0.02943649090797505
0.061972142740148325
0.1007542015168672
0.14598143575620295
0.19029385790807904
0.2228232901696782
0.239231686177218
0.2473438950350623
5.6515517726824347e-05
0.006834919805703895
0.026761341778461102
0.05897562691692716
0.09754332558313512
0.13583121913190213
0.17130145084452078
0.20691659444177812
0.2307426931004504
0.23547061799299804
3.785313728609476e-05
0.007069937759261492
0.027757602098932382
0.05745469260057468
0.09534773341820828
0.13869311241325222
0.17934638103947062
0.20638059667814784
0.22339931853602688
0.23503763674342726
4.2750717588899044e-05
0.006814565139410941
0.026107218387868954
0.057213429411386914
0.09621834362189467
0.13455798715457862
0.16868245245463365
0.20032750596578702
0.22627831132629314
0.23286184389148962
5.355834701942791e-05
0.007621100390452027
0.029585393551844596
0.06245898787687627
0.10145238383162222
0.1464721807849365
0.19127299553978908
0.22417671198158276
0.24083441975950015
0.24808797406685
5.7421312947172284e-05
0.006856729755505929
0.026875775620536
0.059210895725396485
0.09780296973979893
0.13623622042852357
0.17160376384674492
0.20710912761736117
0.231281810544893
0.235740866247245
3.530290797864422e-05
0.007191888817622732
0.028196038845457842
0.0584160749168583
0.09649408966236801
0.13998828584435213
0.18194418264621354
0.2105679413012485
0.22691694034727153
0.23713799358790694
2.211827371956912e-05
0.00665101066098962
0.0255732168652911
0.055920993568414415
0.09453359481532476
0.13259818784347713
0.16587573242612197
0.19556019679777137
0.22105704251194577
0.2288563035068091
7.564289817015806e-05
0.007699731930218553
0.029781636903427954
0.06268360731486002
0.10194024827103224
0.14695838271081738
0.19171179963221952
0.22409660205745935
0.24089271673145377
0.2480214656361804
8.119991927513498e-05
0.009715208892747636
0.03706303785405867
0.07823388588683358
0.13121833200107844
0.1886610427916355
0.2407586706253803
0.2781068214292705
0.30634814933934595
0.32152319317172195
5.258788253120435e-05
0.010165822010155924
0.04003816911037968
0.08676163504404003
0.1409491745098511
0.19695246749604783
0.2543748318372775
0.3053382707193836
0.33540287781470474
0.338675759817933
8.41833009332136e-05
0.009882113745324555
0.038378728293249564
0.08084711538503149
0.133926106265974
0.19549492541030583
0.24970576770237946
0.2895646961948454
0.31534543399926196
0.33217666395022505
7.43163619623854e-05
0.009570629112950394
0.03791277159042111
0.0824206006212149
0.13648931156656804
0.19022866132110394
0.2421378546137034
0.29162372811044923
0.32311256024410184
0.3295044358735702
7.251801637531877e-05
0.00964185285443439
0.03719192960837319
0.07822213396069895
0.13115214253910115
0.18918037007323357
0.24164651448451047
0.2788208600600554
0.3061133230232069
0.32193216755607196
6.75263599314873e-05
0.01000669287567582
0.03936817971408694
0.08542197110588534
0.13961386595582342
0.1944802299144719
0.2500026628446193
0.3003356006948617
0.3317378890180955
0.3349229347986353
3.2489482636597395e-05
0.01005499603466394
0.03886389347685484
0.08205226094482213
0.13527581332191302
0.1969978241123038
0.2532313076709407
0.2942690240294432
0.31886707538518283
0.3340208596488078
8.238300312764616e-05
0.009529265674473174
0.03792063324414051
0.08254828621637128
0.1361223026301955
0.19017633593905295
0.2418199996438057
0.29078749434391027
0.32153615443712485
0.3277514764043066
2.7502740086411597e-05
0.00971335496603878
0.03754276521921345
0.07871479512050437
0.13190240543117457
0.19060083555483262
0.24338756451066043
0.2804573243514918
0.30688320770120453
0.3226590766121392
6.793350366547305e-05
0.009838442882429672
0.038475806783378
0.08370685164976274
0.1377193180589397
0.1913263848052335
0.24422490239626843
0.29307703200623314
0.32542493557872587
0.32936238760430886
9.909877989135684e-05
0.012195111472007414
0.04878524385377733
0.10327551101530327
0.16871755701625177
0.23884476734408772
0.3102926861120304
0.3680985639997283
0.3999950649707325
0.4085978807528207
0.00011381740919424851
0.011799002463217677
0.045098792051329856
0.09648409218063239
0.16143488964558383
0.23096761609329874
0.2930165352634501
0.34198076400865157
0.3789057389826706
0.3951275802789903
8.767404738203128e-05
0.012617470724145043
0.04917583979992054
0.10489138166037497
0.171107669536478
0.24310958659755105
0.31500247026860534
0.37285604092499125
0.4049750986053208
0.41473973741036974
7.356165277544563e-05
0.011528308804488909
0.04456801478818797
0.09630155424816671
0.16155806860766192
0.23041691186911942
0.28917678167940747
0.3393886113615973
0.37843443286163475
0.39526502561065807
5.864375918759082e-05
0.01202562729796091
0.04800581341275542
0.10260269731432416
0.1683851354256445
0.2368614255617469
0.3060792516860617
0.36558041187282936
0.3998476507782444
0.4070989431055523
9.141238273994721e-05
0.011711323513136673
0.04498017192360429
0.09628621068751705
0.16106713236578696
0.23025494343597205
0.29245390443323727
0.3413110454698476
0.3776165877724851
0.39359679283892446
7.550656005017085e-05
0.012605694690582193
0.04945062046469988
0.10523413012992185
0.17129572296578033
0.24289140357933214
0.31513948832365335
0.3733974664002248
0.4050995314197045
0.41318944389286283
8.721758864475875e-05
0.011652682736330989
0.044754280199375954
0.09643325839541673
0.16184887856524577
0.23186839509629625
0.29139906156969153
0.3403782987167838
0.3780044092961956
0.3958718905358326
4.2948560473378736e-05
0.011950531046367537
0.04763737148951536
0.10233261784567436
0.16791233886508725
0.2357283874954945
0.3035719624210674
0.3627649794400756
0.39742055713104674
0.4044391386128903
0.00010522289565240094
0.011662899254993486
0.04506313317917652
0.09642209269459451
0.16142647080128192
0.23065696438173594
0.29223982345535887
0.3405973286843364
0.3767574101813849
0.3926720457997154
9.740088913897513e-05
0.013051929638686227
0.05054329475386374
0.10951350913065566
0.18118808135804174
0.25519441632772366
0.3244439863950052
0.3856601080579402
0.42668570805613687
0.43849010186465553
7.691372332659738e-05
0.013422563530799939
0.052631081647206875
0.1106761481975775
0.18211025950275844
0.2622419985589173
0.33856821051416186
0.3949197967989427
0.42861008798483774
0.4455698085564908
0.0001000864239904685
0.012688689908056909
0.049455263191009735
0.1073567000055395
0.17946947104514338
0.25267473428227744
0.3186768998655914
0.37786752616916425
0.4224959805453811
0.43558099410396306
9.68646258919056e-05
0.013453314667993507
0.05243235593181913
0.11129736999676479
0.18312280936890296
0.26174034091763876
0.33809844592816324
0.3977966410095726
0.43269081589521724
0.4460089635094114
8.859841501244666e-05
0.012888751774586631
0.050048090407326454
0.10871401755930742
0.18019676369713017
0.25400314637224397
0.3221961155808011
0.38273279979972613
0.424516030065534
0.43649751134474585
9.353466986830306e-05
0.013481193705586838
0.053037008385840474
0.11156155269282111
0.18300197334296645
0.26291765107137993
0.3404143967697403
0.39868271049443066
0.4315990605927657
0.44660894660465933
3.205112655099744e-05
0.012657739859564475
0.04911743998475859
0.10646410870506934
0.17836388879781742
0.2520338411482965
0.31768774272395056
0.37477860588660844
0.41817931816519993
0.4327020966605988
0.00011716389746199223
0.013450228304897484
0.05258036880352924
0.11166269315095073
0.18350071233301757
0.26175647860445905
0.33775619823933495
0.39724027154808583
0.432339217318397
0.4449956509317633
3.0039915976884197e-05
0.012886458757840955
0.049893759350575995
0.1082467346037213
0.1797997492994276
0.25342457761018156
0.3202935590129108
0.37981866634838335
0.4220729107432474
0.4343064593907315
9.599180184099002e-05
0.01363671845848535
0.05344809810281071
0.11281091755457548
0.18462383511903113
0.2640727681645137
0.3427507769786557
0.40317928848690454
0.4357373613546646
0.4481359561147345
0.0001161485553942065
0.013417802080832356
0.05193887805798454
0.11007009116509749
0.18249038957988864
0.2631143358371192
0.336165513801502
0.3917239304311278
0.4292228145927036
0.44780922566697007
0.00011665612817962913
0.013190102125021735
0.051423505023716176
0.11106096620742632
0.18407611454602532
0.25979825156309905
0.3306587218138729
0.3928718033072701
0.4342920029336245
0.4467700690645322
9.012754446738727e-05
0.01316854857411753
0.0509534679552076
0.10884338458337683
0.18097187510592713
0.25828150708854836
0.3291522622742888
0.38610717281646195
0.4250842127533902
0.44186860742432327
7.738256245805754e-05
0.013308801918875252
0.05261623234867414
0.11312311258837558
0.18593522867003404
0.26157348671677166
0.3359907257626997
0.39987735569055405
0.4398145073236714
0.44920585499773824
6.01000604455604e-05
0.0135067886349003
0.05250878383689051
0.11124678148661145
0.1835807357496197
0.26416518415108853
0.3400313903779111
0.39770273624381897
0.4333921189342647
0.44951064585315553
9.922670567219127e-05
0.013187996778017219
0.05142228283051053
0.11093731179054044
0.1836403783925303
0.2599553132865172
0.33138843095322223
0.39273994393283757
0.4331844463135783
0.4459830798768802
7.601360548305412e-05
0.013178197245372248
0.05108385042101151
0.10886338796962546
0.18108092692064762
0.25894036987048236
0.3297265216106288
0.3860645293104247
0.4246904633582099
0.4418583735704413
8.548392392869051e-05
0.013249023660824904
0.05198407894814566
0.11196802303710161
0.1847854300284776
0.2594054123184194
0.33177388573372846
0.3949366249081111
0.43591544396290594
0.4451926197969589
6.63219793858951e-05
0.013558935234011851
0.052776964340143576
0.11224463928349399
0.184734861391835
0.2645047795670835
0.3408359449880553
0.3997351525966299
0.4352306919420687
0.4494190863158878
0.00010274992042418832
0.013252158611614764
0.05185512762557892
0.11146533546132831
0.1839554397247529
0.26072936712400696
0.33291215369465044
0.39380758016141715
0.4330309691786555
0.4452635223123435
6.031531483883065e-06
0.0008585192741694894
0.003121861147490788
0.007149294526522778
0.011612356000415287
0.015346623685906675
0.019061313714967817
0.023859747461907072
0.027365860046983558
0.026667665285334846
5.2007116018150855e-06
0.0010040837714122165
0.003761726082574947
0.0074334834367912545
0.01199788697670538
0.018091381604625943
0.02420178363090864
0.026779337282638916
0.02783752369671474
0.029379285683388056
6.739953744906777e-06
0.0008024061793168361
0.003210196901493846
0.007392036459954349
0.01199623703134784
0.015613946757580084
0.019359879309009332
0.024759293750304896
0.02846451242888824
0.02742009340194746
4.4199640135714515e-06
0.0008592007725369887
0.0032395104936538467
0.006254610151923437
0.010432904276697437
0.01587303943926962
0.020885040054710483
0.02281996835240473
0.02379559832565848
0.025905047390605875
3.1768028460182614e-06
0.0007572109884745513
0.002742737523598625
0.0062531072802045244
0.010597091339047647
0.014058814283943052
0.016980759321049938
0.020795450777804658
0.024470744014886574
0.024544043300525335
8.056766924693318e-06
0.0010287726965073853
0.003860573121604269
0.0075814338369287766
0.012164988750532658
0.01824711814080737
0.024687150481952892
0.027408584979864682
0.028252081087976534
0.029591981935403897
6.068626631981845e-06
0.0007911821807680754
0.0031361151333857825
0.007216164593047747
0.01185591633806509
0.015496686437575513
0.018999698069680566
0.02404137622720574
0.027876206981885924
0.027167830651598224
9.898496144751167e-07
0.000883385947056139
0.0034156972220131918
0.006648051633156454
0.010882556478975649
0.0163316107773478
0.02187034291702534
0.024262028669349307
0.02510302824935894
0.0266169184586272
1.544660814980935e-06
0.0006971934337138615
0.0025790469082970216
0.00590686685721025
0.010122158632087668
0.013485729922438688
0.01591943734827476
0.01937741567887045
0.022905420698153246
0.023350146161667428
6.501360367092206e-06
0.0010689895807927852
0.003991878208724629
0.0077881621172212374
0.01245554629697787
0.018624618333827586
0.025222276311391657
0.028128716949081915
0.028624945857911893
0.0298934946635733
7.087599791876993e-06
0.0005863710735768667
0.0019915577667382416
0.0037374732251503947
0.006402783585556222
0.009977539126177408
0.012826023005566546
0.013212567728192825
0.013899633192509201
0.01607481192226857
7.362650896332899e-06
0.0006976288339671929
0.0025569973139846205
0.005768173615617565
0.008994442429709548
0.011755618760444167
0.01505526789245639
0.019100393091769415
0.021381556134331747
0.020187620918203336
4.689831155834593e-06
0.0006822761266182501
0.0025532090701588348
0.005038225613936792
0.008085061641940214
0.0124471518075641
0.016334267774057856
0.018309098806989256
0.018794869951344315
0.020156979801899687
4.725687061508521e-06
0.0005001826426946643
0.0019609050539984994
0.004661087918957533
0.007459288355744104
0.009625428904893952
0.011610693310425635
0.015552672914341608
0.017663052409222543
0.017115543598667946
6.792267030331807e-06
0.0005889657415888783
0.002069271184175658
0.0038418483764809026
0.006427958268829283
0.010102078310654648
0.013165694517533596
0.013845587999928449
0.01413434144966923
0.01615188421494257
2.7357344301316794e-06
0.0006427583066939754
0.002319820171054196
0.005259523813632924
0.008411581345433568
0.010945461339601175
0.013697259841940587
0.017218751423133675
0.019683954978241703
0.018890463643025907
5.8015173266293995e-06
0.0007224460733658642
0.002708822515508537
0.005374454622199404
0.008471063533227295
0.012902988668746633
0.017331505166729877
0.019477291734342726
0.019758532729800788
0.020738717407534128
5.988504771022966e-06
0.0005061035552285473
0.0019922227240424728
0.004711491651328484
0.007540571046989718
0.00971103629467735
0.011785941600772265
0.015512130082728793
0.017862968873176663
0.01700205912313842
4.812360921997752e-06
0.0006045178256715881
0.002140243324278981
0.004012264681482481
0.006604180488943569
0.010267950359728462
0.013545340695361771
0.014390334732198147
0.014709684053524399
0.016236266951597814
2.114785644134337e-06
0.000571679682798544
0.002066442180182997
0.004683115478923318
0.0076769334012470845
0.010061044143650954
0.01218891766335051
0.01512345164176447
0.017548034958984066
0.01732220707645975
3.90319085542919e-06
0.0008670416271145162
0.003248724792363648
0.007195189594651346
0.011759436126357463
0.015611704760460721
0.019717355160783538
0.02454216785853292
0.027745846978918177
0.027217614311450006
1.2771914605144251e-05
0.001064107726008434
0.003803663746075134
0.0075497105192790116
0.012379184356001195
0.0188969692580805
0.024921421315064456
0.027265458946767213
0.028516013119226153
0.03104633561088942
1.5111695753945569e-05
0.0011097683283998055
0.004370756071437617
0.009638896415658129
0.01499463773340089
0.020039731871418776
0.025989989964724194
0.033144879039509176
0.03598367334744525
0.03470852503216492
4.344225519138839e-06
0.0008776758246119849
0.0033524757240638915
0.006601873025760331
0.011428357715258092
0.01672038734963622
0.021428999042345933
0.0236460363485294
0.026028316860007866
0.02803759819030393
4.4759508121346705e-06
0.0007667854846038341
0.0029022779799395986
0.006607687431233876
0.011104861693145573
0.014667152138678504
0.017823263061193317
0.02235825140298033
0.025980132813827158
0.02595370537874174
1.6103552989353342e-05
0.0010680206102084467
0.0037951945268543254
0.007454114093864341
0.01223076286885085
0.01869550958384612
0.024634212348821686
0.02692645093873378
0.02803349006593656
0.03053733652659894
1.6599706668179538e-05
0.001116122711939112
0.004311624751888541
0.009505631909662077
0.014823941132924427
0.019869824457970187
0.025488536117712828
0.03242340903203305
0.03536700044570325
0.0343370831299314
2.8499997299740112e-06
0.0009370284538382298
0.0036338608576798694
0.0072495110082726015
0.012168310447694997
0.017921461647301507
0.023390109147505125
0.026308725950049006
0.028187164813708095
0.030070089019194828
4.470362638358151e-06
0.0007172123330744561
0.002770000112069733
0.006410536083374265
0.010835110382704004
0.014251285389457451
0.01711926594753666
0.021571228518527163
0.025390787357247434
0.025375959085675446
1.505234678952145e-05
0.001088534593368726
0.0037700415295460477
0.007347532312533197
0.012081476600134474
0.018504826856524402
0.02428912365439999
0.026447926955420722
0.027570758847245025
0.029964722796736377
1.3051008393270338e-05
0.0015414611650951396
0.005694195007597138
0.01191796324684825
0.0210169850058088
0.030203340718633277
0.03733947354263142
0.04174216745983736
0.04807832083271448
0.051615337052806895
9.767862143068645e-06
0.0019865043514998215
0.007374314593213914
0.015846396034636147
0.02523674252535003
0.035220421264997956
0.0458108703493514
0.0551244954797821
0.06000501092070265
0.05983128587129992
1.1822611478692677e-05
0.001915553464321106
0.0070563162974653666
0.014921989405247365
0.024764616899968984
0.0366028228312185
0.046358432481540875
0.05323492773372659
0.05778699276872173
0.06192733882642631
2.120037596152245e-05
0.00190827259349817
0.007821856412282982
0.016930706713898024
0.02710497712524005
0.037019219152792104
0.04859655138793892
0.06013661006174978
0.06542938319803414
0.06453462636709507
1.0550791018978484e-05
0.001611548550791085
0.0060092283298571
0.01235545210506539
0.02159078486087533
0.031085170642164647
0.03893160376076289
0.04353890599702446
0.04928470205851096
0.05296142957807857
2.211211110643187e-06
0.0018872642096533876
0.007021843703353808
0.015185764235546342
0.0245387595509661
0.03396305845007612
0.043756048499397064
0.052694643925718564
0.05815057341637927
0.058119373287463506
1.4513133074978122e-05
0.0019514838671272471
0.00711640226026377
0.014922924785505252
0.02481870643126375
0.03690007128184763
0.046987009478231555
0.053512024611423244
0.05787531992133869
0.06210681265086036
3.051671960528868e-05
0.0019785024875975327
0.007979543319114542
0.017285133965482723
0.027487540005686525
0.03757425055271982
0.04910539096137146
0.06108422957832172
0.066336090334296
0.0654607726676669
6.972986013791228e-06
0.0016552955716080074
0.00626752112226666
0.012896455304244981
0.022237219716666878
0.03210127934070264
0.040534125657339305
0.04581968580514228
0.051079296389753046
0.05476632421498568
8.508188943553496e-07
0.0017594571161727252
0.006651142440093441
0.01447239320455861
0.023721469415398384
0.03253388433851042
0.04156536412482981
0.05014266424107315
0.05617704923466366
0.056248364490978725
1.6005318098089194e-05
0.0029636832611099648
0.011944295146542409
0.024932492172107037
0.04109917190510502
0.05806599654624121
0.07594185180865404
0.08983446925453228
0.09747813172808782
0.09986268062410998
1.8022260169804393e-05
0.0026190305123914744
0.009870396713749091
0.021385904336922987
0.036887341216392325
0.05216185231407996
0.06467291113856426
0.07494184338781719
0.08590685185840657
0.09034158159260917
2.192104850317508e-05
0.0033844198276347924
0.012770163934558832
0.026791614723383157
0.04278450398501768
0.06143948351340182
0.08074363031745357
0.09513349467560062
0.10176688448277527
0.10366284965839924
8.346652254384671e-06
0.0030873098763806936
0.011621723054493823
0.025173108387986788
0.04161823508055955
0.05923296295552669
0.07413940113964289
0.0880551293423337
0.09746979341419904
0.10154378018430428
1.375702415363695e-05
0.003027171273888514
0.012309530503274716
0.0260450771907897
0.042404321565554515
0.05960501988417773
0.07821855695379029
0.09387683531790006
0.1015874010201797
0.10303975334798694
2.2213588572863663e-05
0.0026299927841212374
0.009923655905753493
0.02134604557995328
0.03689431355600318
0.052287150543073986
0.06481525738545353
0.07484939054528274
0.0855415656963851
0.09045795168586661
2.1500930013889915e-05
0.0033357925071613344
0.012499683959165078
0.026281198192126636
0.04220632977752938
0.06016498814094087
0.07871807848676066
0.09277838345490227
0.09995029016163563
0.10163771821041083
7.278012101875032e-06
0.0031095883558653614
0.011607361060906827
0.025017061144536768
0.04148116560159102
0.059456467177237814
0.07461878224664982
0.08788360792974262
0.09718926369906009
0.10168200797720298
2.6119234784416123e-05
0.0031137373656495103
0.012599931657720586
0.026867243253448345
0.043349715663270165
0.06080679291171584
0.07989476867689042
0.09683830909986292
0.10454963943681714
0.10546810532705302
2.2866976543138204e-05
0.0026415208771318538
0.01002855322257047
0.021451293428733625
0.03693418860563568
0.05250771458330238
0.06520077932494422
0.07536029129135279
0.0855158773475414
0.09077186742498639
2.6759682569169408e-05
0.004459704917797306
0.01735059910902636
0.03752296171132718
0.06125792193230212
0.08618799981718257
0.1094901463327864
0.13190812943263305
0.14458644394136763
0.14815141553761157
1.6892787548140885e-05
0.004135703605391044
0.016281244781459044
0.03413231787278358
0.05717863969536221
0.08099643748665376
0.10362281055590798
0.12139413728148125
0.13376249573847507
0.13903320112085707
1.5879581634036532e-05
0.003991356248843799
0.015322722404377353
0.03311224546046181
0.055630700280500406
0.07807977284445398
0.09895066108194928
0.11649660282106758
0.13102079195656352
0.1349849894998103
3.194635560433638e-05
0.004619834643482299
0.017376204081400247
0.03673718880579
0.05977808273448516
0.08677518027578916
0.11253710869008941
0.13119576449065548
0.14174527708413961
0.14689300546185943
3.1936016103138876e-05
0.004566350292783135
0.017543883180942108
0.037818659832617375
0.061535419826121956
0.08699077509992115
0.11074280588520571
0.1326942108407512
0.14517225474897
0.14876765318308727
3.14730644473999e-06
0.004189273512670935
0.01661849298166119
0.034973122795781
0.05820989087998262
0.08264382903234314
0.10616385873928655
0.12500016895989471
0.1370038358636244
0.14191724706446815
1.3541507725863505e-05
0.003918999932813925
0.015098300263661768
0.03261532994557206
0.055190241352769405
0.0773706114670979
0.0976681690122566
0.1149356380913522
0.12965869705948568
0.13409332212397118
4.498925295814606e-05
0.004605584416051069
0.017204903240745806
0.03630421618430643
0.059288681441200766
0.085528084655232
0.11071169921528244
0.1287842156633765
0.1396905962247107
0.14454376915545414
2.5193159847096044e-05
0.0046324899342857755
0.017641813605666176
0.03785772898531049
0.06157483023294962
0.08726404552635872
0.11124150204565045
0.1326865074222081
0.14501272886528793
0.1487054831695921
1.0196568722365863e-05
0.004266452355850118
0.01699879731884062
0.035995139927907246
0.05944165974375128
0.08446002308213969
0.1090243189352306
0.12923127914218974
0.14086149244333718
0.14530788174984807
3.03270021753022e-05
0.006150744723259719
0.02323146893379567
0.04996404229379402
0.08174825819569867
0.11804352007030351
0.15045747632779974
0.17735868386330175
0.1935564885184597
0.2012157099977765
3.6357786547281466e-05
0.005945745507263516
0.023598499805526404
0.05073146737186685
0.08279723441484904
0.11693612429994708
0.15015682675247635
0.18055537155277038
0.19659358111503591
0.20127613634134292
2.6533745063661366e-05
0.00540889683219014
0.020992011480313627
0.04468079450958634
0.07541517923254928
0.10607995957622346
0.13388098831239623
0.15724398356525188
0.17560039144878734
0.18263563315386783
1.6300699937461272e-05
0.005828055489088307
0.02210966411706381
0.046947686701804436
0.07738682092813441
0.10995948289442106
0.14132040010448457
0.1653239783453524
0.1819674043413825
0.1874103917295608
2.1372260151636915e-05
0.006110144156004924
0.022938864651350338
0.049192936350933636
0.08069901522885249
0.11671945824019665
0.14928676758310222
0.1748207320730183
0.1909064723643111
0.19848428185522685
6.562678024950506e-05
0.006111936408848332
0.024004372244324196
0.05152956096443076
0.08365838858289566
0.11835032167859136
0.15230452396610017
0.18271336633395177
0.1985262057721394
0.20279199736026707
2.998351024868897e-05
0.005478891569727656
0.021414456469010967
0.04557700964120225
0.07657472123797697
0.10783018096065289
0.13632719455599115
0.16048708560757247
0.1786351265951837
0.18529774654762426
9.605102455371392e-06
0.00569571133886473
0.02167645605194978
0.04612274780741521
0.07661863241076984
0.10834207439820201
0.13878295958389217
0.16267638219598127
0.18010353174483412
0.1853982505612331
4.6177863586486496e-05
0.0060678069338082645
0.022656171075570775
0.0484240720947567
0.0797842364091616
0.11516972641452183
0.1473748447488199
0.17158086964757435
0.18769574939992073
0.19533394600639456
6.530478281010038e-05
0.006276655495101985
0.024415096462068995
0.052191969902776025
0.08443567299159548
0.1196418198427255
0.1542618713448592
0.18446883629701602
0.19996588891740485
0.20397972715471865
3.169660811109833e-05
0.007801272665047282
0.02911854985089935
0.0618838749476217
0.1013649656234014
0.14579732774073895
0.18691348046424494
0.21780081307187224
0.23795415264481082
0.24716401086919734
2.7759609585533997e-05
0.00797172504286668
0.03063275767884966
0.06580101839287322
0.10695440919884368
0.15274025909834224
0.19523323241034637
0.23281111769238846
0.2534654713160499
0.2610486535626963
3.1752951724989274e-05
0.0072502870411346515
0.028978642408405742
0.061929211978054934
0.10270855177169137
0.14528935309194146
0.18591571268340962
0.22157288774595052
0.24309009338861456
0.2509366703718566
4.4430610955613405e-05
0.006922186434028839
0.026911866514011562
0.057571931093929676
0.09676297491507972
0.13604725884217148
0.17292094376712366
0.2034821880253879
0.22682641208207444
0.23465365006781827
3.6929055803268166e-05
0.007687959374954995
0.028721817579730174
0.060835646348419654
0.10014364736320201
0.14376544503112096
0.18402851620280705
0.21404129976731623
0.23464282862152974
0.24369809094500183
1.2087915526943451e-05
0.007965741395704374
0.030321078526711915
0.06519719253572168
0.10622785915658085
0.15199148139049456
0.19432094270459016
0.23074443929223418
0.2515736410127288
0.2593152852633501
6.14062368205027e-05
0.007453267464726469
0.02955706260209467
0.06329409667485345
0.10419699123516599
0.14783663104542955
0.1896933397597264
0.22612760043614205
0.2470265276129618
0.2544142916906685
6.272475889671305e-05
0.006968797434619868
0.027227233931408468
0.0583270538501406
0.09764738648397998
0.13700242410030386
0.17386536725129054
0.20540903562206825
0.22889212609642812
0.23606592895130038
2.0887098895050676e-05
0.007598527048585075
0.028320850967636597
0.05988479052839701
0.0991740170787367
0.1419313941895368
0.18144123537428627
0.21080491436600035
0.2320651540550676
0.24087999937202914
2.8273612809133376e-05
0.007902401715569728
0.029857697422084935
0.06424266866280864
0.10507364814762046
0.1504856059563905
0.1924776039845815
0.22737002070544285
0.24837244089276406
0.25643195971680177
3.101615632233582e-05
0.008460032608109529
0.03238511130385863
0.06866490786831046
0.11433882565794475
0.16277709407460872
0.20935947274163738
0.24391407323124917
0.2691738778367012
0.27861055014540315
3.875466300200673e-05
0.008945973235024345
0.033692297815430094
0.07266178173923
0.11942222387832922
0.1713024229199377
0.21833679258622618
0.256594661726741
0.2818318477823982
0.29249044323892986
4.135339759485347e-05
0.009266607854560108
0.036206841233688676
0.07702857400083662
0.12517985588060382
0.17809777659088297
0.22915861652499847
0.27326194207680227
0.2964359312228641
0.3045392763970392
1.2507164901335214e-05
0.008254483912002241
0.03261897431803304
0.06961042048155369
0.11674937351112537
0.16410215784341686
0.2083297177725588
0.2470324250216051
0.2742711372759489
0.2836533719850749
3.106837229237046e-05
0.008305954811536757
0.03217718228645807
0.06843724137548655
0.11418729917673608
0.1618066674144336
0.20790996175483073
0.24341970280034736
0.26899079040066104
0.27793915939511304
7.465273832461335e-05
0.008957150155525102
0.03349188055442879
0.07178369776521351
0.11841095821370545
0.1699008586899453
0.21618814934268143
0.25283811116853855
0.27825621929000505
0.28934190675173693
5.110277518023486e-05
0.009415863092969186
0.036365701126622
0.07737615084811206
0.12552775340164704
0.1788161694960511
0.23009120866059907
0.27397535205190787
0.29697170241803156
0.30487580013489984
2.413681113254175e-05
0.008335058706064526
0.032998468567937284
0.07067962142535272
0.1178895658728917
0.16622905941288202
0.21140510295103837
0.2512489858480466
0.277799887854206
0.2869605308587398
5.840566661054586e-05
0.008243265423327296
0.03219433559464663
0.06869782902975075
0.11456314026594676
0.16179307894047298
0.2074652398586709
0.24399133778241033
0.2699833700043646
0.27831536359556797
6.459999927122784e-05
0.008912226767019108
0.033204329183408265
0.07076708983053664
0.11720919884336917
0.16811909732088315
0.21377034072370318
0.2489505717402478
0.27447408451979044
0.2857711715680409
2.7612533057830223e-05
0.008657651573403768
0.03393425259456951
0.07258214154405833
0.12116908928443483
0.16920118493645683
0.21565736388885529
0.25595958266277663
0.28472451687977185
0.2921497437916962
2.545876268455148e-05
0.008962892671590112
0.033851027846481384
0.07147274021173454
0.11893175593387446
0.17082533196522245
0.21876080470957823
0.2529418849600356
0.278481858816258
0.29053566843647416
2.4485866196007916e-05
0.009353051925923282
0.03588803881004632
0.07792985607372233
0.12723391612654866
0.18090381887725596
0.2316944888731325
0.2757654644046239
0.3023169403751144
0.31015096894739963
5.6281098864340466e-05
0.009274960873775391
0.036396542306908045
0.0772697510877551
0.12700277116212094
0.1816793409755706
0.23310474665051867
0.27560976752553945
0.30020766620239026
0.31107152705292024
2.9554814631289937e-05
0.008672268497976294
0.03415393346892704
0.07314422217767547
0.12195430120243982
0.17038242998852896
0.21674830976911927
0.25817661095074235
0.28660296507696426
0.29406857017131477
1.0153838567416287e-05
0.008841264866190959
0.03361656488195879
0.07099869157654759
0.11850638773584492
0.1697916306340423
0.21754395690640618
0.2519173530007655
0.2774994121112362
0.28926578291552196
6.335773056109434e-05
0.009315569021971806
0.035441702513014206
0.07669537939138552
0.1258042808681197
0.1789475622180532
0.22859077412572051
0.27078013726639794
0.2977129844572422
0.30622125828477315
8.967523138482688e-05
0.009526404864251105
0.036995471733310345
0.07849247529155441
0.12843266391228747
0.1837888745591726
0.23622749405102317
0.27919516681699647
0.30318534224856736
0.3134236756685476
2.5380882254447458e-05
0.008698353345124052
0.03445049219558967
0.07396520047247963
0.12280770165469934
0.17171921722156044
0.218508562994726
0.26092446932693136
0.28907658716732015
0.29601501087281124
2.7123753861813836e-05
0.00871226627167298
0.03345783011561985
0.07084839281397701
0.11849605621870425
0.16939635110681792
0.2170508189904489
0.25194708659675796
0.277683526925661
0.28886225165950863
3.96590608653297e-06
0.0006234878513643542
0.0028108898240334803
0.006156333799050367
0.010458516548193544
0.014229237678268166
0.018513508596530833
0.02236451254303227
0.0252676509379774
0.02549200021172443
5.222045202764946e-06
0.0007824194514548065
0.002960366777095012
0.006155579150564074
0.010499139297215557
0.015600246968003101
0.020101343338693105
0.022358692071890115
0.024637330841279677
0.026433084012099994
5.052592006582678e-06
0.0009046274678913578
0.0034907607042872204
0.007677349646280645
0.01248186464197314
0.017882252618730422
0.022865016780923706
0.027407175822626632
0.029870634918253643
0.030676124185610745
7.984148037875082e-06
0.0007773525471399487
0.0032759551142492378
0.007099643323687017
0.011710580997375175
0.016835118775577876
0.02157938797309028
0.025928784631981398
0.02812616996212765
0.029390115944819575
6.379337801659562e-06
0.0006444500922747711
0.0028759924105065666
0.006439301065602816
0.010901899688960411
0.014800923727653452
0.01885666246107815
0.023296184998628323
0.026438216831579382
0.02669493475184017
2.8362061364907297e-06
0.0007665063025319829
0.002929551670877699
0.006126765812398644
0.010369385500117822
0.015318407630030622
0.019856111961128235
0.022426735109202692
0.024601588200900176
0.02619928830963685
5.389691519746147e-06
0.000878373199229149
0.003332984528403166
0.007324071311983065
0.011901756050092563
0.017215667798509606
0.02194427971259406
0.0260092371044446
0.028336454714067
0.02930564664056984
1.0651367494305098e-05
0.0008304961642364269
0.0034122831504205735
0.007378709153461687
0.012094774837293269
0.017617544890643905
0.022570445585277283
0.026881563002185443
0.028885410478458252
0.03022766513483467
8.754817978364692e-06
0.0006750847169473276
0.0029565762411142855
0.006647124761434578
0.011261358514332733
0.015280375573689334
0.019297016063191435
0.023956364235549223
0.027342841750665085
0.02769041625494358
3.995859529236341e-06
0.0007370909608718601
0.002870030190478147
0.006038668256305575
0.010207181733712049
0.014874482423304127
0.019313418993018562
0.02205125096954884
0.024282772338572955
0.025622421409896044
2.138117687296868e-06
0.0001926610718880627
0.0006741642875424848
0.0013257628291808677
0.0023230555470754493
0.003293577006161166
0.0043020186342880885
0.004614999452387916
0.005321375867288913
0.005520283699676961
3.1848810229457963e-06
0.0002896950770091701
0.0009021673295980737
0.0019619722632739315
0.003124671097815071
0.004635555707625829
0.005710769894312858
0.00660189638771421
0.007149443855106286
0.007565534925619883
2.8636315537687845e-06
0.0003021392407223899
0.0012205951376184267
0.0026023779791958536
0.003875675044161092
0.0056239231337463945
0.0075359707929163995
0.00939286495651485
0.009438213207002052
0.00952337808956137
3.255678894332829e-06
0.00014205868741107096
0.0006518163573894786
0.0015030463578583938
0.0025462270387769477
0.0035262799270706466
0.004286845015854157
0.0054812071620763065
0.00613454417098623
0.006433093917221692
1.950028475125377e-06
0.00017755079227221027
0.0006562171549393588
0.0013329044089965896
0.002322310270948328
0.0032564398503102964
0.004191217713719121
0.0046844588272601795
0.005328748768595426
0.005576882625696112
3.97880651491126e-06
0.00026779173864030417
0.0007921853304720272
0.0017241667911488399
0.00279345436605576
0.004222796143088537
0.00512387173111467
0.005731053697680849
0.0062940544654461065
0.006803840942734102
3.6776563783446466e-06
0.0003105881205392262
0.0012031771840991237
0.0026314615285525514
0.003879614109076881
0.005614876899309885
0.007455207623971564
0.009304380084955538
0.009370111344636936
0.009309362816757247
1.9143593258113373e-06
0.0001720447378305238
0.0007572786469982244
0.0017409190631118886
0.0028547697110862615
0.003993055633966805
0.004938931735899347
0.006300061084277923
0.006909032438190723
0.007128005522993595
2.059491853687094e-06
0.00016713642794432754
0.0006622355701480393
0.0013516828981800888
0.0023686887575510933
0.0032285449273419197
0.00419335548221864
0.004788706274495454
0.00549882338115074
0.005643960836036555
4.9366130962741324e-06
0.00024183627059227165
0.0006991992894255988
0.001506132455110428
0.0025036209258370175
0.0038331625812094428
0.004663659903870447
0.004997948342443367
0.005569010423965095
0.006089290389877941
2.3287690172375116e-06
0.0016612430997631185
0.006240611355606836
0.013351100934867691
0.02208689083305343
0.030762182919679398
0.03899337865651011
0.04598678413313367
0.05124547796755953
0.052335978894002544
5.6717940643844235e-06
0.0019331322655164384
0.007112717724115398
0.014787867126291864
0.023853792832892705
0.034660119558137976
0.04512407013193203
0.052346487114668445
0.0558709867106501
0.057825923598552494
1.075678606487082e-05
0.0017951291955439804
0.00681108569904358
0.014551888477713722
0.023786707558697752
0.03385249239905746
0.04293716577783372
0.051079050945501595
0.0558249902846375
0.05786421618375408
8.079719333638053e-06
0.0016913071253886415
0.006578335518351538
0.013842109369614579
0.023069798394842436
0.03241289133057556
0.04125745132489145
0.048683886371752076
0.05374561726805887
0.055473248105093985
6.343428693218263e-07
0.001552912027212922
0.005923979055906705
0.012741991029909925
0.021527398244083767
0.029771445347667815
0.037307106656683485
0.043922609424774425
0.04975355002441249
0.05108222875780309
5.657386471618079e-06
0.0018790350605748503
0.006955353589554275
0.014539570453479556
0.02345622620861381
0.03368668291754711
0.043837206166435425
0.05102573227882771
0.05474180002268313
0.05612221370619387
2.0912759870232033e-05
0.00186462829046613
0.007009668401025067
0.014916968406408382
0.024185385602064173
0.034520041415228575
0.043915102596755184
0.05181792658563542
0.056090576181045015
0.05783785354105888
6.9935076666212086e-06
0.0017268012057810663
0.006765649201039946
0.014163340542451018
0.023456513361660332
0.03312818996713289
0.04233000070861143
0.04993931817125547
0.05468059914451753
0.05648590544139629
5.748961354631525e-06
0.0015081444743965658
0.005774318209189824
0.012396351873900846
0.02123202733379581
0.02942576230249851
0.03658666449198123
0.0427539221031198
0.0486506657430079
0.050287665648403805
1.7531493617260733e-05
0.0018162907141963478
0.006764216528483505
0.014270071415115486
0.023080883679572544
0.03282476349155941
0.0425796600580861
0.0497555123317167
0.053765175573429975
0.05472115681595275
2.325625086900266e-05
0.005120308260475551
0.01969042662095052
0.04161876809869917
0.06867141655133081
0.09753080485033357
0.12515758087643103
0.1470043713453124
0.16093083770195515
0.16618033714123162
1.7425149827269017e-05
0.005300825565029374
0.020173269960507213
0.04254276247412867
0.06966486921228758
0.09875499806334254
0.1269623054810235
0.14912909249555129
0.16292663273314076
0.16750620041496622
1.4381183256906037e-05
0.005291921210091057
0.019767250066702262
0.041773067656252647
0.06942626053668108
0.09996503945880218
0.12671016384589112
0.14684892849714273
0.16137225398558083
0.16895588648149584
7.391188690957609e-06
0.0051216319557965285
0.019881720324723896
0.042937357014489023
0.0706897493358442
0.09910382510996892
0.12586530100994184
0.15051419484354017
0.16632070738184626
0.17001965377360556
3.086347237891126e-05
0.005115546844044519
0.01967640735179064
0.04187439274608889
0.06903853344326143
0.09738399126906769
0.12436126732160409
0.14703926182497237
0.16154658691934395
0.16613859783541857
2.451818819290811e-05
0.005247169411007998
0.020115904213860728
0.04262551883991363
0.06970997600408908
0.09818757435602365
0.12621931337544057
0.1490829321571263
0.1629983787889679
0.16654197920484587
2.1208624274061933e-05
0.005305025661417854
0.019890925877271273
0.04184436669694384
0.06926510928828997
0.10001552584728791
0.1277139173827384
0.14755305799404037
0.1608913214366705
0.16805830209659212
3.012952160443086e-05
0.005125174265440159
0.019669385513263984
0.042481177524785606
0.07016198761174834
0.09881470380180393
0.1249627829425848
0.14825841309390186
0.1637913626831204
0.16826199663705868
4.782258985380647e-05
0.005127845984007986
0.019767070847832566
0.0420916140678022
0.0694988216501849
0.09797440312834646
0.12450434827589808
0.14698677847325187
0.16167279866622206
0.16625346079777725
9.173539579307645e-06
0.005187483036843307
0.019949067114814843
0.04246734015833757
0.06963718552625704
0.09751696140496093
0.12495293422972109
0.14827814441942302
0.16279339592625994
0.16556265287489427
2.816003680977858e-05
0.010594502867662394
0.040824384876557936
0.08619154646733512
0.140631066508121
0.20016087980864272
0.25795789383867396
0.30421790346684935
0.3303216805831812
0.3397417666005805
3.535796432801204e-05
0.009854768729661787
0.03820616082072383
0.08128839608399661
0.13518514194958567
0.19270060393931962
0.24513199259886598
0.28743083879574693
0.31674703723528264
0.3294329467297549
3.569564413726841e-05
0.010106021063848733
0.03861300314833659
0.08214461275526747
0.13625192832696617
0.1929409690715815
0.2460838127718332
0.2895322499511775
0.3194371317463618
0.32959679175540035
4.958432160411633e-05
0.01024408017464719
0.03880761599137494
0.0832495095506207
0.1374129128576297
0.19446305457060484
0.24696646216425042
0.2912636304391254
0.3213427482133454
0.3313014463340017
3.795222472221859e-05
0.010446301616770827
0.0404856671684509
0.08622045378234536
0.14048138268130253
0.19890151610317588
0.25617730563705926
0.3042485679390274
0.33144885596578905
0.33886524480446134
2.394532766187823e-05
0.009972490010429564
0.03858930981443234
0.08205350500368103
0.13589212470185455
0.1937992133259187
0.24735897558490863
0.2904039882557015
0.31829693492900185
0.3299492207992077
7.065341492910852e-05
0.010129108497943592
0.038798935731513017
0.0823430688530418
0.13632081808243532
0.1931392862035455
0.2464601443760438
0.28914177829142873
0.3180322185086601
0.3281898028828745
4.754515882265524e-05
0.010184985692797213
0.03847365131058586
0.08228351026323014
0.13635592917397404
0.19344367772050208
0.24498535856446146
0.287613602749977
0.3178701759497392
0.3286575473019713
5.238009148956936e-05
0.010375808086104207
0.04007062918289971
0.08588398763026812
0.14026071306791132
0.19779391436516405
0.25367922599456166
0.3017462944290431
0.329779329125065
0.33633481742397564
7.846596525958316e-05
0.010079873343740133
0.03898841358690748
0.08295294170041762
0.13677883309018826
0.19480931786850633
0.24917271610037098
0.293045043598417
0.32015288144989784
0.3307258699816574
7.283974980743497e-05
0.016207333063855685
0.061896848637810004
0.13205285921268542
0.21680735080032754
0.3087323997406774
0.39507816378944427
0.46612895233929774
0.5106960491253971
0.5269735154637227
6.008507320501815e-05
0.016306278019706577
0.062431208311944465
0.1326775130525388
0.21848887626753408
0.3113301531377582
0.3981660720566324
0.46924252288538004
0.5130861109471312
0.530955124787431
4.308497168080619e-05
0.015296661413735285
0.059976027194534216
0.12846651794495947
0.2130607884308846
0.30023225945185783
0.3821721467614084
0.4526238330785318
0.5006702019575333
0.5157597318468367
2.0395354147857138e-05
0.015635087130771684
0.06017719874316201
0.12786841146649564
0.21199441538670136
0.3011889523834427
0.38585213134747787
0.45283635680101086
0.4984021275878015
0.5144547581674683
8.583073094918605e-05
0.016172598517417695
0.06152325196480875
0.13151233248923838
0.2160297394094203
0.30691717769946364
0.3921568792021059
0.4624508516276672
0.5073979587107862
0.5228678188372404
8.849603493342508e-05
0.016435134646777712
0.06297106719557671
0.13368627314356127
0.21932058008719676
0.31278546120924666
0.40075001560106627
0.4721885750244813
0.5147962327315854
0.5316572830304125
7.327914719626821e-05
0.015393950195326975
0.060033546643241724
0.1285357903562577
0.21339577010996771
0.3014964783340893
0.38322494777996363
0.45327534829194377
0.5005207335705518
0.5165712295438566
8.236834007526124e-05
0.015553942367538248
0.06003720438185073
0.12777172664933834
0.21181955420394571
0.30006805162282507
0.3839826884631039
0.45113179770777734
0.4966636753293869
0.5119767682629641
0.00012402847306049625
0.01611131593178786
0.06113563314996524
0.13071305070930744
0.2151124246356785
0.3056730230276952
0.3899588915556624
0.4588651938880871
0.5041492366151604
0.5195370051962132
2.6023492961274514e-05
0.016450252064282044
0.0631853380292113
0.1343350475452177
0.21978493106378605
0.31325657350389535
0.4018097579291935
0.4741769866492506
0.5162555304683372
0.5315545086222265
5.998931412326293e-05
0.021726839988154303
0.08263267535618371
0.17604452172283275
0.29105961118843066
0.4151047454490423
0.5297667630184979
0.6208862582633211
0.6825479382035184
0.7072172567778551
8.753545073500005e-05
0.021760322858454834
0.08407262807880111
0.17969157900795277
0.29508944722337904
0.41957860611096987
0.5373459686495566
0.636263277610699
0.6972671064686966
0.7184416647114319
8.376959278856848e-05
0.021270450832645872
0.0822737851706264
0.17592652765598185
0.29117016076980595
0.41297458053049124
0.5272997852991829
0.6232595531631197
0.685572705869641
0.7084148120516813
7.823061783051567e-05
0.02113134857816001
0.08182125222305643
0.17423361023622314
0.2881187510060638
0.4071354883750579
0.5207894730264832
0.6142274056454406
0.6768439546153181
0.6969287939370108
7.41009905027898e-05
0.021516067715020685
0.08216864695531044
0.1746793218605644
0.2892609220441388
0.4125921027339893
0.5276558504806762
0.6177152966360097
0.6790272417420279
0.7031873042641479
6.021922825070775e-05
0.021856541022395787
0.08390213855855537
0.17945045217524397
0.29488029132901594
0.41919456035828645
0.5362313635008968
0.633810405052771
0.6949447375691991
0.716110553787686
0.00015427108722411653
0.021560687958837067
0.08332277814935404
0.17770152839168663
0.2932684527868588
0.4160983818244338
0.5314504663792552
0.6278574231361292
0.6889472509583738
0.7109742353076607
7.263923899987158e-05
0.02110286552157545
0.08176382379079626
0.17426008624123923
0.2886875085831445
0.4075341187437569
0.5204896693977825
0.6145469541469238
0.6776078386091781
0.6974538058003993
0.00011534197638299806
0.021380615926369608
0.08184193355613806
0.17393399777331822
0.28811669514892885
0.41060234214957303
0.5259623410741392
0.6158470766619543
0.6764108507850551
0.6996293752932236
0.0001584175877573673
0.021803106329649692
0.0834928058077876
0.17901496069411704
0.29446003512643515
0.4188053572601639
0.5352028491741041
0.6315174062073288
0.6927405829038559
0.7140369089786517
0.00010430648486220624
0.02623241687383337
0.10035948262982453
0.21357894395548593
0.35324046085664856
0.5018492881375063
0.6415767357144924
0.7552084138121448
0.8305125384835499
0.8579327878453853
8.311425909331324e-05
0.026367554928626885
0.10119086522614558
0.21639671176701936
0.3567621168665137
0.5063740894792811
0.6470902351598122
0.7634104354029304
0.8387863682327075
0.8655091186444562
8.698866415553747e-05
0.026183806262154788
0.1014733163595186
0.21630533419710765
0.35601489145990334
0.5066308495766877
0.6489410352902524
0.7661351431719005
0.8398017878901414
0.8663808283790568
2.5661607203981886e-05
0.025530441703857515
0.0991432874531335
0.21212067816119462
0.3514783187186714
0.4989552430068503
0.6366712988792337
0.7510288985828876
0.8273870531696685
0.8551571077682195
0.00013545424319869384
0.026173257811603755
0.10026864547130249
0.21332933181134975
0.3526644477593618
0.5007134593458433
0.6397687509372304
0.7527455031138327
0.8279933039571656
0.8551725159689585
0.00012445124555589474
0.026412006585578116
0.10109943793879886
0.2158133960332231
0.3561077455722681
0.5058025243966807
0.646123133962597
0.7611245202053663
0.8364947294997819
0.8632784860751255
0.00012687725165333222
0.02627323617913482
0.10148627589785038
0.21684705376067367
0.35692046312215675
0.507252022424075
0.6495781939057046
0.7676238419496296
0.8415487923135091
0.866860460195166
0.00015512643342576425
0.02572762314574849
0.09957877984418259
0.21282026877831842
0.3523303485643856
0.5005276796773706
0.6391254004236853
0.7533577818843138
0.8284399470966879
0.8559258702107251
0.00015439236708412408
0.026053597333134195
0.10019319272549256
0.21330997636250137
0.3528380024659494
0.5005909216256091
0.6393002292087132
0.7521334100109776
0.8273815618870659
0.8540311436067883
6.0081683338976166e-05
0.026346196298209057
0.10079906541734829
0.21488908698149614
0.35493184265772304
0.5047478017124075
0.6450187556267072
0.7588076443611688
0.8336710923766657
0.8604681117014689
7.063524515733153e-05
0.02895992790281235
0.11274422374020762
0.24071634759193106
0.39710229439949885
0.5626757613869158
0.7193781067070506
0.8494981193064021
0.9339928355670257
0.9625531010031946
0.0001120004158278013
0.029125014482686343
0.11246156273904098
0.23968640913462375
0.3966016833843553
0.5639236781317428
0.7213429734223659
0.8495261016005562
0.9337099877305552
0.9643001454312806
0.00010109174005813254
0.029273523873938345
0.11280775269592024
0.24085811636088214
0.39719478712484446
0.5638675837448675
0.7216820608129916
0.8513408875461007
0.9350033911163252
0.9643764139693484
0.0001266082468389404
0.02940763982659762
0.11265928960564014
0.2403710488682372
0.39698905638070714
0.5645044965154182
0.7206062256236682
0.8488052990990547
0.9328119039025813
0.9641043492631386
9.997521929723317e-05
0.028890984856281162
0.11218215446624517
0.23975211551883854
0.3963392196268466
0.5622461035187204
0.7180990762503343
0.8477242114789842
0.932839015865362
0.9622245343468436
8.216155439492854e-05
0.029177468809410554
0.11249894162387361
0.23989101553406778
0.3966672521373932
0.5634055143701511
0.7207980427807811
0.8494689914944015
0.9334721620204769
0.9631432624876736
0.00019410886837671092
0.0293739063008265
0.11299133278469388
0.24110733652477354
0.3976438119914293
0.5646046189040977
0.7223368057557767
0.8515633487757313
0.9350613492112102
0.964111652879467
0.00012187448683190367
0.02937129691684594
0.1128578239733173
0.2407165587520545
0.3973563756102452
0.5649322320731532
0.7214308151133907
0.8499526887145242
0.9333719594271138
0.963691241451472
0.00016233811303576813
0.028959372459529946
0.11192036934023308
0.2394504302988195
0.39634758064554554
0.5627091694345218
0.718349681834697
0.847187611945966
0.9317967800534618
0.9617042412361988
0.0002067760895322109
0.029071126933625662
0.11256966509411241
0.24031810385000255
0.3969075641469414
0.5631666336295845
0.7203004169915982
0.8492340078188184
0.9329242539045376
0.9617208764588131
0.00012670648416798747
0.03026644499109855
0.11625942522416023
0.24891812980688516
0.41140981769547136
0.5840808960940242
0.7455842599183878
0.8799975457887166
0.9676926401985417
0.9991894474414179
7.659931124807415e-05
0.030283952361283256
0.11709249788432642
0.24961090661560403
0.4116354140792404
0.5844245713093817
0.7478391318577596
0.8817390064058017
0.968167752391383
0.9990059317236502
0.00010359710939842197
0.030048969047158598
0.11650365191908171
0.24876359374945656
0.41130288939469534
0.5839797317110264
0.746390464774312
0.8799058507083006
0.9679813614945582
0.9992285576736666
2.719150884439773e-05
0.03024404101449332
0.11663159015735634
0.24856579397304615
0.4107521548515396
0.5839882433563572
0.747246993526237
0.8805043249929079
0.9676484236882583
0.9986843342742728
0.0001605916924433283
0.030430455422432084
0.11659670017055418
0.24918510636177316
0.41163775788393053
0.5847789594119445
0.7467547611077439
0.8806516994107286
0.9678384535878892
0.9992881744698664
0.0001362768480581656
0.030310764139800408
0.11706700449297969
0.2496281299684772
0.41198754201733795
0.5849768081198625
0.7479601442619155
0.8818998810870244
0.9685985785361544
0.9993457183021551
0.00015309865986759544
0.030104220499204516
0.11645689120116512
0.24860532099556293
0.41127469245422377
0.5841146086369338
0.7466679731616438
0.8801277584794496
0.967659248199193
0.9987195031520938
0.000173660399780271
0.030208748956344362
0.11652855654497782
0.24893965208286295
0.4113053420872631
0.5842060062367241
0.7473352240555449
0.8808436168622713
0.9680624631873295
0.9984350708318801
0.000171588688725064
0.03040362937244029
0.11699070809805907
0.249649530688731
0.411882744456106
0.5851968087176211
0.7476414049242964
0.8814830979360108
0.9680179626660743
0.9985187977969323
9.331047463354136e-05
0.030350945505706713
0.1168793757007651
0.24948387752363635
0.4123192945383185
0.585582253938232
0.7482584212054144
0.882176112173507
0.9689334775509536
0.9994767242859801
